Nitrogen,Phosphorus,Potassium,Temperature,Humidity,pH_Value,Rainfall,Fertilizer,Crop,Yield
80.0,24.0,20.0,28.0,59.9946077694961,5.783950179024505,107.9670908005201,80.0,Maize,12.0
78.0,23.0,20.0,27.0,61.234828051917006,6.056428762042833,88.57668452988746,77.0,Maize,12.0
80.0,24.0,20.0,26.0,58.63186277656866,6.605542303414983,92.7278835910683,80.0,Maize,12.0
80.0,24.0,20.0,28.0,57.24387899128764,6.786208886823781,93.59771476045259,80.0,Maize,12.0
78.0,23.0,19.0,27.0,63.970714089171075,7.155634070517167,91.89323769949614,78.0,Maize,12.0
80.0,24.0,20.0,28.0,57.29882184729465,6.56609916602781,81.24655092700702,80.0,Maize,12.0
75.0,22.0,19.0,26.0,56.25115316256527,5.9598699069158485,102.86245216030427,75.0,Maize,12.0
79.82364761858835,23.9878499578473,19.998700640230712,27.922954032753086,58.70568453944496,6.2990780610674015,88.44037719628245,80.00883794473356,Maize,11.889967734468776
79.97562647152222,24.015875822404887,20.037751655640903,28.06918080363221,54.17753256709115,6.621033613422577,103.58986339320577,79.9692234428006,Maize,11.910046246547845
77.90588947092608,22.91823343174151,19.248724105249256,26.93338959563916,57.62978257358701,6.12643216419437,87.8319190078436,78.10173940093789,Maize,12.222131710256551
77.82524735880052,22.91711686614269,20.017362641777908,26.91632952224534,61.60694422400591,6.338815711513265,85.60286495301924,77.02716937507523,Maize,12.203430985862074
80.1696830265527,24.11034127151678,20.06072343632725,28.15917810993781,56.375407608396436,5.767826202268144,83.45131563345325,79.9717236715814,Maize,12.18140887736545
77.88898295350498,23.14716802891009,19.050869386995974,26.88856690099702,67.3130408963106,6.695567518550679,87.6799860474086,77.88058524674771,Maize,12.106527393072906
79.9785613921696,24.06274554924038,20.04129658686693,25.909155878221927,62.372341319547495,6.640824276194864,70.66261916301129,80.12095989396411,Maize,11.990487369308877
80.07822936352784,24.02495582100312,20.06558421367733,28.078786736619847,53.37119464473681,6.271742112026593,89.7866418593513,80.1697411369782,Maize,11.94355723955301
77.99951035887916,22.99807353747811,19.949199239335183,27.22097692062296,50.76197328438769,7.064323119578271,95.56089939290719,77.09211193777195,Maize,11.966857279501758
79.95279390203343,24.08048811834132,20.075733171039325,28.120823573792308,55.19467849648255,5.677829831661743,69.48576013756815,80.00194037750225,Maize,12.02963999412006
79.92297394649056,24.049463738440995,20.05715123386484,28.191438563592538,70.35448388223583,6.881465705825616,87.51642066832048,79.9836564651905,Maize,11.855391684273965
80.17792529820404,23.972968398471487,19.97026992610728,28.049561339563837,58.85312612004849,7.298600642455637,82.6180168997083,79.98393759217656,Maize,12.028406739516695
80.12758797442434,23.791896778045267,20.14538868505696,27.935445264154268,54.96684246480388,7.312069773293361,95.26670501080946,79.9549273146619,Maize,12.111999059098896
80.0216008798656,23.98445588982253,20.01596419001636,27.88519837140194,72.21417278508048,7.083322861978415,96.87869358946122,80.0349616399594,Maize,12.0640628455565
79.93845579973897,23.986586304996923,19.919196456077813,27.860857841639184,63.17568745152407,5.955836945864495,91.42811762270746,80.02086357823528,Maize,12.01984490707565
80.0361205337653,24.07535434767075,20.10009667626573,28.14878451841642,67.60191147500983,6.095003826372569,88.44399679621743,79.94621099892106,Maize,12.0608676528414
77.97922430139865,22.82830744080403,19.98407963289835,27.12946513817399,63.60268217659432,6.80173225332176,101.1927015837387,77.19670531208688,Maize,11.93587420682858
77.82055950885542,23.07715028871899,20.05456444599804,26.77548376279516,63.12153116034375,6.280778143418981,98.548472482453,76.93860724717608,Maize,12.062469878079124
78.05981491149441,23.006123242689547,18.99632127644905,27.18479335544989,59.6755108420139,6.138014138101894,84.90109388359343,77.91759902329851,Maize,11.909595075220691
79.99172565700668,24.02828908795453,19.879493262392742,26.042943001302586,57.7239684762946,7.099567515773725,80.02106732506478,79.97481836053826,Maize,12.101224207295198
80.03711340797351,23.893424233261676,20.13006025081497,27.964995451688605,56.99815049177032,6.8817852197094,84.76053401123241,79.83092140837854,Maize,12.014364317244809
78.20337524480837,23.03535044237281,19.090752885708127,26.943850790281846,60.18746101679044,6.327235058086017,98.92029197157902,77.87287177900643,Maize,11.918391044768333
80.01226091021793,24.048961984752573,20.191036741330475,26.05778249307297,55.35455194473401,7.248356272174459,91.51603006044155,79.90194519963049,Maize,11.994879908202844
80.0154460444802,24.028003662828176,20.009700177831757,28.17413983491653,64.15378177130405,6.52110593405583,102.49611566483713,79.95633797991185,Maize,11.907858309754566
80.08833907295754,23.963518720108542,19.897487528536384,27.9962506754605,56.41700915509025,7.233095608275133,82.10777405890802,80.08663322863335,Maize,12.04993334267621
75.1724865577113,21.824098828868856,18.90227039844426,25.88185160909012,55.18657865517513,5.718957294306098,79.92289124277427,75.04507925512735,Maize,12.10953387968294
79.79394694433998,23.89016055360057,20.13873895663929,27.989742404330315,54.849343515104465,5.909318165278897,83.00910309117849,80.04282587235302,Maize,11.946383704728872
77.99496809636138,23.030978281919197,18.83698579266698,27.02287547453556,56.21354010935748,6.762218728014216,87.02661765379966,77.95024663155931,Maize,11.88440639656932
80.1182413262016,24.11680254341148,20.09313898890536,28.00368470054312,66.16933853860462,7.058582538067394,82.98500371906356,80.08823916144006,Maize,12.07576675615647
79.99401123953021,24.1090331807224,19.97740562706233,28.18222291131894,58.282477868492954,6.411037227802927,91.84132720627284,80.0628576627812,Maize,11.872625827424969
79.93784544028793,23.987103248047035,19.916378264832616,25.94342970237449,59.23395630922685,6.144368880004868,103.40271872681849,79.9597158953367,Maize,11.93139078974163
79.98391669871374,23.90981181613797,20.029711370316654,27.881408368098285,64.09371153013635,6.187246103115412,91.48852738372919,79.99909165208244,Maize,12.101139661029327
77.96181936933719,22.964850041304476,18.91685915689065,27.01498958837982,57.20598832501284,6.58249947785504,107.3245237562325,78.03146613809494,Maize,11.99979683332002
80.13285905655877,24.02539170663251,20.248366767451945,27.955248013233778,62.67168234375506,7.534818804173477,81.71023134442027,79.94752079984552,Maize,11.999564327725082
79.96273240976852,24.165282300629432,20.155082804844486,28.06828035177893,65.67474839198938,7.076870817102353,95.16389939481175,80.13613600339718,Maize,12.060750465609294
77.97377053242768,23.03648972125171,19.00302803949817,26.99310147989014,67.54724583678116,7.214819382679099,93.01662722617054,77.96526344020921,Maize,11.98107258451872
77.97730881961498,23.180734446865905,19.07873465192328,27.118360935071102,57.35415514943003,5.795959029492604,79.87242686159948,77.86353831263145,Maize,12.060606178074488
79.93477276762758,24.108485197364644,20.01075314837758,27.830073663112007,55.6876420235962,7.021514785727361,77.53111723100128,79.93624410371986,Maize,12.022494900055165
80.16938015948558,24.02838290504114,19.92738046444832,28.1536198509628,59.89037233227968,6.541242126843811,100.19661821776165,80.01215415727583,Maize,11.972944414894677
79.80942025593747,24.01059120941561,19.97703877664119,28.21094776855884,55.4998214719219,6.30906051384181,83.64857311391225,80.16741620172797,Maize,11.881186856571802
77.91230174379163,22.97949185299319,18.94701090788562,27.049539449646687,52.825165247219424,5.8292603814885915,87.2896349336569,77.97565186977344,Maize,12.156148014109524
80.15246693204507,24.05101050399324,19.95498399013468,25.97376063380904,48.38431979769774,6.453412387529255,76.94812600675547,80.1636098442908,Maize,12.042000011857668
79.91571477956897,23.963952374314413,20.124203382370112,27.955071293207677,67.71209854977108,6.494455673072551,87.68008352369928,80.22389341335685,Maize,11.954023147014755
79.88375954472822,24.045218360224258,19.94151249841805,28.032548693802564,49.89598475652976,5.7950982424235296,97.97652179482527,80.04451993265398,Maize,11.978706119746263
77.99692379639247,22.889241246624167,20.10633638482873,27.06509146208579,67.04795219579813,6.558449071992804,108.94176350174345,77.08361868869402,Maize,12.07226841874938
79.92240520877702,23.976865562336545,20.003528487011764,27.958615600973264,57.26675025045947,5.8183170609704025,95.8459690199658,80.02238679810137,Maize,11.893622734310537
77.91378199639723,23.140234418307248,19.100333642063223,26.925510750568566,62.41800701392257,6.423171391743959,80.40947967934122,77.91253101685919,Maize,12.005230480489784
79.99467670831322,23.85628953572993,20.054039217926604,28.02263438845284,70.1261890420998,7.010593781558115,87.41758093090459,80.07983565297539,Maize,11.962118621477478
80.10083942730454,24.036531041501323,20.03122673849696,27.993549164371053,61.12912917581152,6.598041291195406,81.67122529371272,79.84327190956874,Maize,12.001138475355509
80.00572872491892,23.9959596737022,19.940286009479404,25.87124015053433,63.59390611174818,6.980283315665902,85.59673468348127,80.07473738265452,Maize,12.08209315225853
78.06364707950334,23.022102885290334,19.10097820807056,26.885631380528835,56.067782959029685,6.483577770413249,92.83099495191341,78.15738733546793,Maize,11.933360596433523
79.96676744264819,24.080619434905863,19.944974085661165,27.88673658033572,67.63345995185738,6.766568718215557,85.75585456680506,79.89280957040692,Maize,11.938060836454842
79.97352416583912,24.205070747677485,20.037479828798546,28.017680089467262,61.8493414075292,6.758165203304898,100.01472124559014,80.07347245051115,Maize,11.969220617322264
78.02516253509957,22.94271270834768,20.07765614891892,27.07643472849023,54.13824179055116,6.015925795644647,74.68310639946533,77.23575399667926,Maize,12.083636358311985
80.14019810679427,23.74143496026416,20.005746415878857,28.044801760719874,52.20773190882566,6.4704270491562434,81.93512345383455,79.86595794380759,Maize,11.914163901670891
77.92937736828571,23.02686620248578,19.879749975373187,26.912323475757244,61.02515374837347,5.901398359190692,93.23486820717633,76.8407554765554,Maize,11.832066672457092
74.95682754214073,21.94704139165746,19.044763244311703,26.019324946157248,60.43126532024442,6.2081187375145905,111.17284928985997,74.99658771996447,Maize,11.972657603941126
79.94140745794952,24.0755414292337,19.87207296764629,28.166756601556507,58.669899377612005,6.762054236139248,83.53250047988354,79.89342989251712,Maize,12.010751787350411
78.0922738816999,22.823388942408155,20.026483407135043,26.84061042259096,54.86936648795087,6.330326874302644,103.7152609313142,76.88665632759867,Maize,12.039752454206992
79.94264480853009,23.92675151415386,20.10670316223329,26.13459054669787,64.99443795859611,6.999708065128688,86.20308368838572,80.08538239408561,Maize,11.866503573167902
80.10643992041109,24.006004350399348,20.102300271258365,26.051903213187877,66.66314620377912,6.103551794008369,92.70714148374505,79.8389336416642,Maize,12.083191869804748
79.96766234629725,24.11962585411233,20.13855904152381,27.907142689217213,54.17630814200353,7.160675592885976,115.11493931638606,79.99630822797296,Maize,12.086127924815887
80.02952487480536,24.02050961433518,20.179539769709493,27.964039895872784,58.84503494604816,6.806582232059689,93.58545032454913,79.96619183219661,Maize,12.094539637752934
78.04795223872922,23.04562100578156,19.88370313442337,26.934288905438883,58.05969493540768,6.82350898725606,87.21628371033523,76.96237920296723,Maize,12.002969930387186
77.99108992476513,23.020892795795223,18.960252085929213,26.87647454324829,60.73632717798687,7.342867220269797,99.0189461195131,77.96464097125725,Maize,12.01041395622997
79.93531008612287,23.84705105386733,19.9528879375706,27.937352054123643,60.20852203936506,6.315688801849707,87.09770784365331,80.06962285830566,Maize,12.098089732939222
78.04593339545833,23.064840913896354,19.87593177761545,26.99383212794353,59.70272006042626,7.1102662701503565,100.74173594771938,77.00341430455428,Maize,11.941026826529423
78.04747242695974,22.9774423770868,19.00836685545005,26.798853325657387,61.807356400624194,5.920226789773816,86.02139036963003,77.97626259939875,Maize,12.215449526167411
79.96461220675481,23.97877851158041,20.08131525512072,28.144586391978237,60.53447311799262,7.102909858079403,93.79672520088428,79.82850065740932,Maize,11.932183459967192
78.08560339915735,22.995896588801266,20.14554269633369,27.001427717556247,51.809109567820975,6.886734208800409,112.11340931710723,76.98625686029763,Maize,11.84131408229536
78.00995128181374,23.0903095453472,18.88805535451338,26.988093815773084,51.315754180887765,6.791892346510993,75.2002722547191,77.86418922885647,Maize,12.047022794119334
77.94766454287188,23.126728441461903,19.96228053776727,27.23138140501881,69.51762284797894,7.250739583088769,94.47404568843187,77.17837194396238,Maize,11.92567068973092
79.84518762876614,23.980014979343533,19.95522399340376,28.03677244958032,62.844226037463265,5.9394196543401785,94.05644433902164,80.07672982988707,Maize,12.042505988411603
79.8844741610598,24.043497724562595,20.09481617313149,28.10871699800603,59.940672091521975,6.514698870217134,90.30246803751801,79.93668891449134,Maize,12.05696596663836
79.89882235170414,24.00584575671448,19.9752138403347,27.842499234820863,50.46266630573499,6.144336603011899,97.25085897286517,80.02707981430996,Maize,12.038186154368084
79.99555844692554,24.05500181872593,20.290505049108223,27.990785771465426,63.928958873993636,6.876758093551078,105.92295626023814,80.0809925808396,Maize,11.881104865443453
77.98464232390545,23.123234631358272,19.97617996395509,27.15560633238728,57.665001447456504,7.477194088531115,89.18529421080002,76.99429996567369,Maize,12.082413689536926
79.98053158589748,23.96463744173466,20.051302352665097,28.055010077720343,60.83876881595348,6.883393045769826,105.11151397127655,80.10347962028958,Maize,11.939765855540257
79.94587714344641,23.77655219274502,19.944213058874517,28.0431163100677,58.7353305273762,6.41852752810859,91.45700537809374,80.11138321051924,Maize,12.024797847304969
79.8315433358888,23.966299138684946,19.85877331075519,27.867843930338665,65.02443443706548,6.399951330941823,104.91967317437057,80.15817146577048,Maize,11.912871723467005
80.04101192259809,23.966821370644915,20.04637706813428,28.158536595254493,63.40312087772181,6.519261828433848,80.20826727356139,79.83081035370051,Maize,11.956151516104269
77.91701715732918,23.0370993799053,18.985229791866235,27.09899432823362,62.14763435968756,6.2132065795461004,86.89374150234009,77.89823980900678,Maize,11.74495496420936
79.93729626017358,23.90635590776041,19.982436548464385,28.1472555319217,49.45084506189393,5.938707639134499,95.64692538960091,80.12077878078088,Maize,12.114608696443184
79.97583416319851,24.04837954693077,20.15523688584649,28.22338459195853,60.662995695178246,6.984797905990188,67.38528528550569,79.93506759983522,Maize,12.10139284734977
79.7854273842966,24.05667820802045,19.909546908229693,27.860582418843155,57.85769139351354,6.586918041965273,85.73253382388839,79.94772915170125,Maize,11.863981622188906
79.99064286442584,24.03793233988642,19.85563020231986,27.973795032007565,70.75863114703986,6.891567817397353,88.38253268881468,80.09851301068143,Maize,11.988376754330725
78.15656080073806,22.832318012551205,20.01826058372938,27.01063758526951,65.39883485417627,6.573998418551388,91.09892674814571,76.87948588532028,Maize,11.787474465960845
75.14803956249914,21.87739699860573,18.998637353478266,26.061030698279644,62.499036438217786,6.700641256546012,91.08240089191914,75.07412063194293,Maize,11.971103365379705
80.02735083973714,24.07961432632536,19.85554990761034,28.06325062358648,59.4632007263756,6.554255563362911,85.37165242281084,79.88858562433542,Maize,11.929725422971057
79.94762268224522,24.00635661801558,19.97875927520931,27.954068366859424,62.053086932011496,5.70849194445989,97.77834950165757,79.93310882659499,Maize,12.158038170641262
75.03374663918657,22.05089176522692,18.833063958091447,25.98300488556781,64.79173394612393,5.8515840749851575,78.07217026605319,74.9915352172489,Maize,12.17838896712266
79.83958255406453,23.960041142632484,19.905815039507925,27.989003710624928,63.138194797131185,6.532198819930382,96.20548478790883,80.02525152179409,Maize,12.117157510871577
80.0313976586031,23.98347047735334,20.128458962506432,27.95087245517777,63.2283413728108,5.988288665322607,99.19504763454675,79.92080928226412,Maize,12.183705420811316
80.03024115886483,24.020110219479573,19.89142413588727,28.007497035053397,58.58959698244982,6.327045807491775,95.3068153727366,80.04972098851212,Maize,11.99915993727263
79.93311462928675,23.94404421111625,20.02674933440363,27.9997828179342,62.42701147591818,5.681354585139437,76.42180265808035,80.09794172344449,Maize,12.159804886007873
80.0911200752795,24.081056624246763,20.025125948132786,27.96933249991735,59.81645864124921,6.262900966431355,95.4949649174026,79.98654811641504,Maize,12.09113989035689
80.0169758436009,24.006244752477063,19.948136164288705,28.077782770179017,64.44423580356819,6.048853180573804,90.31032871987139,79.99520323335149,Maize,12.070509570535478
78.03809641040891,23.26313871357837,19.160481801573816,26.89381906483619,59.63552267817756,6.780739333069819,87.56582694329525,78.1579433978361,Maize,12.107693295374064
80.01909948442601,23.942956084944825,20.15240097978331,26.20330349553901,63.58058986796764,7.286909020583924,86.17102283928871,80.03118492211745,Maize,11.92366601255252
75.00826368733053,21.974450310870694,19.062961385370027,26.013380338767867,68.50487400587454,6.046095138534033,94.29202426752386,75.10615157180476,Maize,11.82814653106256
77.92949736523391,22.88324528731,19.81119207956371,27.20087369964249,61.82627306237071,5.714065406742928,93.49341133072055,77.04771329229592,Maize,12.128090871276752
79.92890471068826,24.15329810122301,20.006789293103537,25.86564510755356,60.20468550466847,6.601670137258817,78.79332239545877,79.92283308637202,Maize,11.880912889313583
80.06923825795056,23.97670893426889,19.99032415043307,28.07418246965172,59.54494041362276,6.317478308823199,99.55276339954754,79.84145284798929,Maize,11.800579750265817
78.12751149883971,23.02373862672865,20.050331185240665,26.954148026098476,52.13915562005825,5.803937777878461,91.35906789688747,76.99537937113577,Maize,11.995971168630156
80.13714631092546,23.955505092982072,20.023568705085477,25.97878246921244,63.28006081872591,6.613035316660272,100.60113146836079,79.96066474517917,Maize,12.07744921283509
80.01642457981583,24.080582689465437,19.89237349596171,27.955626209326454,55.527693715648674,5.889622519488581,100.69911154384316,79.86346212026031,Maize,12.032986382562706
80.08791708428713,23.851362295329206,19.79403977575103,26.01936450632556,64.58986459152241,6.797553544593702,99.46713620614398,80.0554376176429,Maize,11.837747699741644
80.03709618832224,24.00786442799102,20.18749910204641,27.911134929972206,63.92825237651931,5.633663990507068,93.84153707092908,79.88805016135736,Maize,12.123210372221733
80.21870450177731,24.205451861481407,19.927257192831853,28.005964900715284,53.14551826191967,6.754768601949281,87.4752750311557,79.90315907070728,Maize,11.977185169795538
79.93976213976553,23.96530689652336,20.043347107081328,27.90612707220308,55.2893233235934,6.0954286556688375,94.2603185636113,80.18969068190283,Maize,12.11061689225524
80.05232289183864,24.157081344172774,20.067521706409373,27.93699178462918,68.41506473776649,6.274892017781613,91.8644308808848,79.97706013140115,Maize,12.098149693809011
79.91683026364987,24.05735204514193,20.021199050386457,27.89578122912664,71.21738413455768,6.3125313649519,99.94003533218755,79.81283791879302,Maize,12.009217427213898
79.97198801887637,24.10602859576045,20.06526690849921,28.23879298281977,63.28836236734504,6.235728975856795,112.46625927985662,80.11155558278114,Maize,12.264358426250926
77.86900118601437,23.011277931297244,19.00475817361382,27.028387574466,58.98319409203146,6.743071941291355,94.00517059882746,77.99925889406678,Maize,12.114122627781017
80.01747782985703,23.906553424912264,20.149861291204772,28.08062264479724,58.03897996364935,6.801704012740684,99.49874148724444,80.15022368603161,Maize,12.055172722171395
75.02980012674288,22.00482224306059,19.069743407381985,26.11338240345254,65.1383362447461,6.299286445565781,98.29849768590014,75.02287224532847,Maize,11.886457030660782
77.82320336884695,22.908013312366258,18.98791011035645,26.83597725195576,60.602713158636,6.561514567716513,85.82883063206543,77.99231927200184,Maize,12.045624928881397
78.02345992979558,22.85344967877769,18.942417942658302,26.937325908837725,55.06849344707442,6.401916979108468,86.51687292284169,78.01980445632461,Maize,11.88873888666178
77.87814186503283,23.19534843353752,18.973670787706094,27.130861086496143,51.62927784623412,6.232122291849409,101.60323524896175,78.04663406321532,Maize,11.92936600795513
80.12165636258615,24.05384141727352,19.84065406305064,27.872230491751605,59.03923883092403,7.560848531713681,95.86643366563327,80.02630482688775,Maize,11.991849386728942
79.94101169555736,23.99162310203325,19.94844815041387,28.12828075592826,68.03737013974151,6.332739087914456,72.3996999649652,79.84096674731605,Maize,11.92937575010727
80.115649838952,24.12832007983616,19.821420534075735,27.901585898531263,52.915564578472,6.720060597860379,109.8899865815767,79.95180532458768,Maize,11.943433542736209
75.01715905265844,21.958946250544304,19.02491069167774,25.944747773445656,61.02224872020072,6.15567018239842,94.50782111941449,74.99273586996112,Maize,11.776505069277038
79.96459885146554,23.911847046555813,19.97344971319787,27.954048563783747,69.46095857043919,6.437989817850582,88.3615727899086,80.15427658447624,Maize,12.04550326773983
79.9423359147884,24.072319992956864,19.944926250788413,28.117229742727048,61.84799643873562,7.096277458315296,85.10787016945727,80.16070327545269,Maize,11.945918335038424
78.07355069916903,22.94164868936436,19.846464341755105,27.23981288319237,61.64509729351407,5.57898537730143,102.23206653958005,76.91651125964042,Maize,12.141137137608414
77.96836345837784,23.097518580582975,20.220692565255057,26.88384334935728,59.03912039446037,6.743564724413757,85.59550924034293,76.83524933101661,Maize,12.108291239341025
75.01202430100008,21.874334602504536,18.98229629220225,26.052357060436844,56.353520471232336,7.3848158497032905,87.74594356953806,74.85689619400662,Maize,12.05494016110288
80.09552015952119,24.15675713652945,19.865324868346374,28.066709001251777,66.83845102864522,6.8884615177586825,73.88098971075968,79.9063903511777,Maize,11.988937937709332
80.13736522459884,24.00945812482564,20.122301864367135,27.99159898363939,66.57980978707724,6.094949545986603,96.74980009205323,80.15789239902787,Maize,12.337651203855431
78.00202497829629,23.17064982137451,20.061424606189057,27.106761423481306,55.924890257246474,7.0426960857317304,83.30616309669986,76.98723976181232,Maize,12.085369129438808
80.05054065857395,24.074408954427312,19.985017388516933,27.989800327722943,52.640273995488855,6.757031387774794,91.30557754230593,79.99333622492912,Maize,11.920942940469176
79.80271106768855,24.26074993185349,19.974930254180425,27.83750846589067,60.10428329208557,5.9094405335461,93.00266434405371,80.0525027500904,Maize,11.987911215795265
75.03134330046811,22.02684621649509,18.93582012632741,26.04375618823944,62.662710607687956,6.98027359863075,75.73183315075649,75.0181245361045,Maize,12.01066522701965
77.98669045997858,23.060065984791155,19.27272541633568,26.986239387648148,68.89445491886174,6.314762796644209,98.05095568475883,77.98832118917153,Maize,12.119957275776644
80.0680148480146,23.90035731810297,20.147194031121597,27.913396502694702,63.85805191985399,6.833246120829267,102.12617653738644,79.91576096549943,Maize,12.045092981599463
79.99262891834191,23.95693773874342,19.97795155352056,28.062439403965055,58.12558590990405,6.204347642800952,100.98720480275992,80.03196262896537,Maize,11.913493568649027
80.1042776522417,23.91968857280522,19.898063146643736,28.010787862432743,68.2157343587328,6.389858576139547,103.5195938179007,79.91741852762375,Maize,12.00749217899508
80.0583530865195,24.117122536116508,19.96836602220896,28.14969767205091,66.97559940740344,5.321546638584277,89.66419278149597,79.93696330614624,Maize,12.06603716314832
75.06213722844328,22.08903611489743,18.946035444952216,25.881423305441466,62.75481021069041,6.305124446304692,88.78761302270573,75.05422237488463,Maize,11.949666868859618
79.96224307603953,24.094517950619583,19.939293085538488,28.015299318868465,66.30507279838541,6.733931555708475,97.15902091848919,80.08013030678616,Maize,12.0398453031396
80.06415401043267,24.022917808092064,20.014502070134792,27.94248075686238,52.216980418775535,6.301836587508836,91.35117607437302,79.85599612408251,Maize,11.887073111133091
77.88183781997589,22.994270985660524,20.016442245577355,27.11691397418957,75.0010238759889,7.0983633034824,78.6339810686254,76.88359763106847,Maize,11.933593621039051
75.01194212508197,22.041692331327383,18.9338250864453,25.861208008533996,52.6644273323011,5.988211269092747,79.69082512328522,75.01525159629959,Maize,12.158599460469992
80.02255902433299,23.970734213139853,19.841465839841213,28.00245170834245,53.72257063410365,6.7921168700908146,88.15269690222101,80.01583327015128,Maize,11.963334705830665
79.94468042277333,24.11621356593349,19.910162666019747,28.022133665165665,61.029707086287395,5.733380677633897,98.05870391533203,79.9798930453282,Maize,12.084271686534608
75.01443347691823,21.97470581015084,19.098489533178785,25.763320838632467,50.436633567765604,6.758036704652011,81.94208126815613,74.95066250585506,Maize,12.08792105771507
80.15995906311984,23.722843711119346,19.95198773890992,28.07483349054612,53.75348620947783,6.338408064929731,93.25015314111587,79.94544124125156,Maize,12.030040912306506
74.8610833986628,22.14632585307642,18.91567123825958,26.00629162345429,62.78596069975851,7.357541311983127,86.17290772412328,75.0040922787556,Maize,11.900735080378409
77.99450837658625,22.981680475360445,19.962175320968832,26.99694945129261,56.95746956673693,6.9358999190679125,75.02769022600108,76.99686550888941,Maize,11.819403361247014
78.0740431574961,22.920616934976085,19.958703477255423,27.04043653601712,77.3124938579409,6.628372403002158,101.078037412338,77.130544925084,Maize,11.934792626818682
80.03122901922663,23.955746597471904,19.988877758336137,25.99685488210097,62.479230051908125,6.627324671303352,94.27760595070072,80.08875441554183,Maize,12.029527818494492
80.00628807983514,23.930352600413613,19.95534111350306,28.07607766635946,60.905689775955956,7.064171535624812,84.81626313681876,80.13007837042551,Maize,11.862076762316484
80.11958118852016,24.048770504153023,20.106978683859055,28.00068988117038,60.0283586771515,6.671630832582684,89.1518688011899,79.90279179022542,Maize,12.063320906667176
79.91509988932552,23.951896312181,20.05234952637256,28.064515035825416,54.85951104202928,6.355230366431675,73.68429631138544,80.05553363380515,Maize,11.988921346301971
80.1029487008347,24.053667992880293,19.92137064686332,27.992896064622904,63.87102225258538,6.576022784115101,93.79315148167969,80.18582257048288,Maize,11.84750486938816
79.97974008892983,24.1053151196042,19.972861185433523,27.798574361058662,53.608489986577624,7.143151887595473,81.30407415804231,79.88769322405889,Maize,12.09488047678772
79.81996932084459,23.945002105490303,19.971304050434725,27.90540810541266,58.35677818785513,6.4887498084021535,97.98410261095378,79.99714216981145,Maize,12.064394671546664
80.06846664803774,23.974714229409777,19.974493028526616,27.860983155766952,61.05141427595487,6.69792583916302,125.10960804675,80.16900265105063,Maize,11.98651182277086
80.05482639483382,23.95116719758665,20.10527212833612,27.79322140115502,66.73505606437253,6.743112676911635,93.57962853866007,80.0648103839557,Maize,11.81728892108013
79.80166475419391,24.051922105817123,20.039963383805343,27.823183850654708,62.99483399082778,5.782099598889873,77.74067417236424,79.92342378128279,Maize,11.89618209619811
79.96870405036454,23.98805580087016,20.05236863933811,28.01726233476104,54.70918723178674,6.468677643904535,84.88846712199043,80.14888988421237,Maize,11.904746761396186
80.04579203495014,23.995283549701863,19.97343954078216,28.157927577215556,53.519174669335094,6.693075140165123,85.63953069266697,79.79558695820879,Maize,11.976507140209783
80.05258232904515,23.877127137431792,19.970675617061616,28.11487909522582,65.69734016494404,6.836685774946055,86.18358968988342,79.86554751973851,Maize,12.060454220923488
79.9714424991322,24.065828620216102,19.9648055678982,28.17124647435441,57.618952371949334,5.553214255052008,88.67164836995121,79.9502133096237,Maize,11.946187101030592
79.97675486414136,24.09622042598441,19.93252293534418,26.037308174473264,64.17138825723355,6.930467401854242,106.78219497104195,79.88898079872351,Maize,11.994457109651243
74.96843185311765,22.017856872237868,18.95245211535047,25.891485505508264,59.57580742341,6.016557460393656,90.79156074013422,75.12085560050474,Maize,11.908466634366254
75.120130612425,21.96218592591363,19.019188012174325,25.90140416906504,42.517866095654526,6.723082423029405,92.15890877039426,75.14230545438991,Maize,11.911915385669127
80.04080632308788,24.050194437481043,19.907696093526177,25.86439229086522,58.48902257097271,5.66895400791064,98.47900408814169,80.0493885249928,Maize,11.888468241887434
80.04681621207006,23.84013483096588,20.11910658959153,27.901338168696192,58.14690799838737,6.936159276308125,101.58320534500386,80.109534821089,Maize,11.946796017867074
77.95349096223966,22.88807670923808,20.089855893970338,27.000399157563333,49.6303293298248,6.173249237916578,74.77174406856605,77.00755845418502,Maize,12.213545591172366
79.79734247686451,23.77682059184989,19.910394464703923,27.99925097145332,57.004602080895665,7.0062492840511945,94.18994851827304,79.96190462189668,Maize,11.97621653949732
79.98729442799844,23.73175476754348,20.036443499647916,28.023977817793888,57.053771990725224,7.305574017436166,94.8286704638478,79.96300929014292,Maize,11.911243350579667
80.11371768065877,23.896332546460048,20.0983931251256,27.939790439946364,56.287521096983866,5.827437932439202,84.68476003680362,80.07639403733937,Maize,11.8559021664178
80.01579235540234,24.05572337125344,20.07396258764294,27.97214760911816,63.10826964396905,6.142429651401044,72.05359310533609,80.15973024729242,Maize,11.93432288518103
79.91147795668067,23.97101366738007,19.877505199504828,27.788797115097616,60.068312716907414,6.422271219561022,85.68680436650604,80.04348956453461,Maize,12.109237967756986
78.08343776583807,23.035098214190164,19.90901545213076,27.074933444948588,55.86701687520881,6.3189104440128885,87.90677469867705,77.12696184673113,Maize,12.0215643794997
80.05342362105144,23.98573619349062,19.83698948205713,28.16626750320276,65.45410333623148,7.022159521107743,100.27312535520562,79.83743063232352,Maize,12.129216407700149
80.07926709237374,23.84461096031539,20.066654870333046,28.02340051077785,59.77730436336358,5.984162384210323,78.40154262779143,80.16024237251295,Maize,11.967542422912912
80.00612691904989,24.162752664014903,19.971930640292754,25.93026383573894,66.01210500000887,6.7252076800291976,96.16614927010433,79.97079255720121,Maize,11.919147703221569
78.05309460321782,23.013687247191488,18.99497251770736,26.87269003416706,60.14670741049386,6.871953080822805,83.62611179667486,78.06455850448279,Maize,12.034469308161894
75.13807092231033,22.10720279125085,19.000071236480625,25.977207278673852,61.93306843136828,6.2048085471608605,74.1524419678099,74.937586400853,Maize,11.901632151564256
78.07363094793831,22.9582086261314,19.05555139006525,26.92514519889589,52.83893798381776,6.2709632059724285,91.49443764537124,77.9636087892402,Maize,11.89110715843386
77.98452068362688,23.046896789239305,19.00675067025974,27.140048621641675,53.00996399087912,7.399844952807402,89.89731753580868,77.91548287366548,Maize,11.965324443777597
80.08604996089908,24.044310258802817,20.130620257474916,28.157192590477244,64.50410932789856,6.799389043369669,94.75169000636603,80.025973309006,Maize,12.024428350298662
74.9789686682631,21.9933696100525,18.857385140705627,25.97455550315189,50.59322401459721,5.939441549456042,98.82556767569416,75.04482035766682,Maize,11.760589964328735
74.90997977995067,21.865143910715005,18.75097616786165,26.05730923110776,69.27054281750576,6.795155036001774,92.15862464800487,74.94323868074513,Maize,12.278837705462196
79.94542391170482,24.04589695956672,19.97432599424833,27.936835999069704,60.43036919461073,6.929375413445073,76.1231043924449,79.9772906674537,Maize,11.921011073700663
80.00197332304697,23.9467939886458,20.095688753728236,27.89751833092258,68.03661493374973,7.041211995579999,75.91762872982503,79.89943569113738,Maize,12.04162776051409
74.90799823032039,21.85736128080877,18.960466630038667,26.049416304852723,53.87661466058749,6.185492087084186,92.90405126356838,75.13847259949296,Maize,11.95153766709592
80.03102104180321,23.958804631311143,20.02594133062267,27.97696883579372,55.40118357738991,5.923090361187695,87.53243622278667,80.11472330781035,Maize,12.047795628250702
70.0,20.0,18.0,36.0,64.22359433084205,6.680630401099327,85.42248148030146,60.0,Maize,8.0
65.0,19.0,17.0,38.0,56.845773116504674,5.992117420751227,80.24666744420527,55.0,Maize,8.0
66.0,22.0,18.0,37.0,51.97663900491896,6.840303309436877,112.59316924711656,58.0,Cotton,8.0
68.0,22.0,18.0,38.0,55.953818124910626,6.942486619169063,109.40207215817425,60.0,Cotton,8.0
60.0,20.0,16.0,38.0,65.41276176027377,6.784444798322019,124.22781983661362,65.0,Cotton,8.0
72.0,25.0,18.0,36.0,47.75125281064959,7.38135824532819,123.70777828869194,70.0,Cotton,8.0
70.0,20.0,17.0,39.0,58.685871754876665,6.054269362560629,95.55526281721754,60.0,Cotton,8.0
60.0,20.0,16.0,38.0,51.51987780143242,6.268757927802262,122.46372762263891,65.0,Cotton,8.0
59.923596753434296,20.02081957121484,16.05925730996799,38.02254754138394,61.95276327738962,6.670579695466326,130.35583707277945,65.05731726692721,Cotton,7.873815743727431
65.04214199618394,19.00558316425038,16.838875900441106,37.96085163661696,60.35745194689632,6.974365708979031,106.26603349671709,54.97882170642097,Cotton,7.97809102648305
59.994405315416046,19.92886157063321,15.971715778821492,37.96922210501023,59.551476730373075,5.817346158638024,137.92353831092046,65.09164091608349,Cotton,8.138741942694873
65.06298484578164,19.007267915079503,16.938194379529428,38.00229041883328,60.318474879255355,6.82769377818958,122.35875066395747,55.03523919438127,Cotton,7.825691466375056
70.10727096925174,19.92951884048636,18.02690643695844,36.14413907514987,49.541516301641195,5.855872438210437,127.05372718150198,59.955724436663374,Cotton,7.982282483272345
69.95298210693443,19.988271857519425,16.97159006116601,39.00811683807992,59.778358297024795,6.08846629733976,91.87725612744703,60.0922125636825,Cotton,8.05549547200127
60.054699816741454,20.0930547501418,16.07442903228981,38.00118322804343,61.907218915248095,6.967865158358581,117.79338308537571,65.01785958276797,Cotton,7.880878182381855
65.06411671609632,18.95754914389892,16.862741815455696,37.87716885663418,54.9466376952451,5.287835686232755,107.09585566947028,54.98261743766415,Cotton,8.109489785915695
69.93278136101459,19.85467635963405,16.973689772639357,39.014843374698174,63.703845793974345,6.689017814365582,133.90257460556361,60.00731755272454,Cotton,7.980075785888208
60.006735555024,19.868138636866185,15.93831676062155,38.00081124033746,55.512111754963485,7.284861400884693,101.33222170427345,65.07764589772985,Cotton,8.164144196467024
69.93903615022228,19.8836153899348,17.922978872777747,36.04615567723894,68.79366705703235,6.579127311541779,114.03368003807635,59.97911450555684,Cotton,8.14313059324031
59.80682291422157,20.005530990669463,15.954972282614504,38.001053292302345,55.29818638198833,7.175241745982618,94.92847383235205,65.03415032605999,Cotton,8.138127360314936
60.17055469791973,20.016059248025027,16.113002878848683,37.95077136950754,71.0634737835611,6.50474747781774,53.749388443427875,65.1056551390861,Cotton,7.985397418658628
67.95801024401364,21.801718180450177,17.896654169774468,38.03230132983632,60.24409578976038,6.1698144658986624,129.87846772325702,60.00517117781938,Cotton,8.03422776046031
72.05381230565038,24.978136862689603,17.94744758652741,36.15552010618344,63.667771786366984,6.575613732719805,89.04117153799888,70.0571012848157,Cotton,8.021890494000273
59.872694346557786,20.095766232429234,15.95384206893528,37.9803217389897,64.80905953456265,7.015416215590319,99.54209044256825,65.05049275426467,Cotton,7.782090174229527
69.88049799127849,19.950864865280696,17.031003477927694,39.00402903013893,68.96636698888665,6.385008577756726,93.67678730760245,59.99217395297586,Cotton,8.1061691291693
64.94486008485315,18.707667542301294,17.101498518381508,38.029321287817176,60.52624672852159,6.038855981552821,99.34309462065957,54.81240792624117,Cotton,7.973254816308056
64.91533468919755,19.10756549235853,17.013867094125246,37.88390958495066,63.91491601810444,6.267170345580155,70.3665784916063,54.892559675701456,Cotton,8.081988931755458
65.00300969470493,18.881891155660888,17.02327704874054,38.11665251632192,59.063927770180456,6.836591227560423,93.75962266703264,55.23028381825201,Cotton,7.991401364321383
69.8209764934668,20.00621556010296,16.977632958131863,38.95966031346285,60.69627876601401,6.8902936616480055,101.88874712349215,59.97804831084831,Cotton,8.183644331955044
66.15280948225835,22.09147126586696,17.830046923701595,37.02092662897186,55.72286289570718,7.0892252737373544,111.41987945462348,57.89439398270756,Cotton,8.015939054910218
69.85102814061845,20.03751311591548,17.036309126217347,39.0579031447032,61.19499053565921,5.170165750735273,131.29413680789807,60.06411450277192,Cotton,8.257055625187839
60.10027815463906,19.874437731177984,16.13014134593187,38.00073244525485,63.012269597992,6.704356548027243,103.57816660132978,64.94193749547453,Cotton,7.97122101370222
72.09007897082957,24.889707572988303,18.155210231033585,35.99969203002354,60.72759073452161,6.376487833157401,108.58103326642353,70.09067094986352,Cotton,7.951153610594535
65.1315878588139,18.94604628114556,17.031805656682575,38.062200237505486,60.4523347652775,7.303971056654964,135.28122434573598,55.149652229550895,Cotton,8.023239602692492
70.07148806137286,20.047139786885836,17.9377496976762,36.09926817810572,69.21471289428032,6.288972670249256,143.85232865259812,59.947903954078114,Cotton,8.108252561530305
70.11712802551548,20.097610203161285,16.921389735048056,38.96240004471293,55.40792051739192,6.319462912988861,117.38702750001713,60.10049823691772,Cotton,7.981316042481673
69.91124984704298,20.051153770455013,17.92283147589778,35.979757720804656,58.855735946892224,6.244160860166227,128.97870371165658,60.069914187931296,Cotton,8.036543226778086
65.86822559594599,22.1970888309611,18.07466641672943,37.04533537292764,61.44056396595146,6.996919771022767,108.09710650628358,58.116322517744514,Cotton,8.163907806830501
68.03407453313137,22.08802156291922,18.19796109602593,38.08872572480049,55.51312107457357,6.483366397991827,111.08005795850531,60.02823514804323,Cotton,8.062151518591877
59.93218091288647,19.783729153412768,16.015137844638108,38.1428591810414,51.009594643126015,5.913575134179855,129.84077959986377,65.02169880041255,Cotton,8.10733914296345
69.96882195174862,20.025552242717293,16.99740476755981,38.97981833035889,51.82649000490409,6.12647259755433,111.95788224108276,60.031746663406494,Cotton,7.948601239169881
65.91406404951748,21.925716574219848,17.79527840029364,36.988984106807365,59.57076418364546,6.784031810963264,151.9932843527105,58.06462344476032,Cotton,7.951333402559225
59.93301475067687,20.056339045706064,15.834499616006308,38.18288013863919,61.24162821103471,5.603960556496615,91.64764046655978,65.0142244627346,Cotton,8.13145488623308
69.97094202861062,20.167581557788843,16.958965177015024,39.09441005901608,65.18001028396186,6.229482665415034,107.59103534558128,59.91300468192776,Cotton,8.111708551448565
67.8398923408665,21.98938019872905,17.935496250914028,38.06602020118048,55.401064122005955,6.129865345181737,139.75486038907428,59.931513482039776,Cotton,8.105847115542332
68.00008567028925,21.89529528401592,18.105650636300343,38.00853985835117,63.21124360345243,5.820389428166715,80.29345284381375,59.996716017785445,Cotton,7.925569099472838
59.97477904321393,19.94418336003329,16.015049978547744,38.095594782223806,62.16233505356868,6.019699602187326,119.10872998419232,64.98619617237236,Cotton,7.935975900896669
66.03816699213054,21.99487148832647,18.042816136791046,37.00060959358776,56.835757854176315,6.795875434007345,126.07176618766022,58.08748795367355,Cotton,7.808198098423941
64.94671557375791,18.988292071722064,17.22038440589873,38.10737740138985,62.333555580457364,6.194942279664609,140.47622555953768,54.98453976549279,Cotton,8.146637657939593
71.96202504665116,25.042026695596228,18.1371778793494,35.86845249014305,51.431910388701,7.370708095587678,144.86058316754315,69.97330395690655,Cotton,8.022114005559281
70.0137878981947,20.07308148090537,17.103069843613994,39.032393241169714,66.89880365504371,5.879531427974039,93.27004251871668,59.91155188299936,Cotton,7.957379972625462
69.89034401518097,19.885344277112218,18.038323243894727,35.90354229304602,57.28555759406133,6.176747511696593,118.30772768936073,59.96040106849264,Cotton,7.88871438741767
67.90825355206272,21.8799739067745,17.911653220680805,37.99902815358009,55.61585142617568,6.697980262412312,124.25058878612903,60.006263591346965,Cotton,7.927288349667587
60.075148047202894,19.99177895578288,16.04945415607729,38.12978385821745,76.63309228199341,5.79353795707944,127.14383229600898,65.10891913584389,Cotton,8.1015703717014
59.93377613623069,19.943839270592346,15.844786961759086,37.99185576359562,58.88339880263595,5.818674750634986,103.35506310639931,64.83559180129647,Cotton,8.245685408256328
66.00953635144454,22.14502564040122,18.092865775305285,37.0385023037462,63.05653409774761,6.69184111009312,111.99454990835571,58.11050907918937,Cotton,7.882232054135872
71.99172786644507,24.88629276300823,17.995668844893782,36.012114833505386,60.24253467001338,6.293976265430344,108.353591180922,69.99691013763109,Cotton,8.11034429074395
70.06740812988424,19.78904783570316,18.15850320719288,36.09961789887324,58.0325814656843,6.149709444562315,136.55597754030921,60.02274985045938,Cotton,7.858042656694372
64.89818247772457,19.04480746390006,16.907607548564407,37.7920801635838,51.21927222340793,6.922320497653766,134.42904959901233,54.92970875495328,Cotton,8.109950328934923
71.96371520216303,25.05521618636022,18.068747738344904,35.83988515757221,63.14942770018039,6.839423295094183,132.7708283244527,69.95255648186915,Cotton,8.041278592994448
71.993455151369,25.16217841378157,17.978538406911053,36.07145905709716,58.5507470105572,5.5504701362895865,104.99325134482093,70.00296512682232,Cotton,7.934002095567557
65.95085004981117,22.11695564262436,17.983105101810185,36.92057148296893,55.84660251711571,5.82308886414768,138.94901963410695,58.13779086660366,Cotton,7.780374393567044
65.91964656702335,21.86860932572088,18.012406523288238,37.21046024961051,60.22814039866516,6.412353666137079,135.6684143299773,58.12799373124921,Cotton,8.186520110295826
64.95231195980836,18.900513019148363,16.927743478710255,38.018931083912136,58.490243763737325,5.9964430423123565,103.05656618853446,55.06062391505302,Cotton,8.060313746939212
60.00393369016979,20.089008529859527,15.902496695633326,37.96823465678961,62.61171926395986,6.674054261698796,126.907945641434,65.0823821643667,Cotton,7.831175589765181
60.05850415171804,19.980936957850748,15.937292479539174,38.04896928207877,57.5962856117964,6.4755200203978935,131.6317534880031,65.20175471260792,Cotton,7.916101204041141
66.12370475520237,22.05729397203837,17.90353056060267,36.8741871817982,63.017910174429325,6.580865746966298,109.41053224130317,58.06062814115654,Cotton,8.142882936536354
64.88422230474681,18.94641472793693,17.092546584198878,38.078823894863554,58.357321095543725,6.22914842558493,131.37872435321302,55.11096137329219,Cotton,7.887982604034648
60.08073736241124,19.85355836964393,16.024060441573475,38.0734017166582,54.1174370273486,6.496231700333073,112.80733387664728,64.98073600386152,Cotton,7.901569819927795
69.92271987818094,20.141879148968155,16.937644939292557,39.09493259620255,64.80197109112231,7.2197569221243825,144.7041498702525,59.91469203807856,Cotton,8.099854058828646
70.0882003810495,19.97289869494342,18.042611353261584,35.911230351781946,62.58883126059362,5.950746475785615,85.0270644901731,59.93755357627138,Cotton,8.04017920522696
66.01401870762247,21.851462070562544,18.062961523285423,36.980096408995074,59.19890462046686,6.683800925385907,94.61264957225599,58.029402441946665,Cotton,7.927731188744958
60.04829886636856,20.048409598463127,15.846644299222126,38.01555790282722,62.41526109333363,7.362641823819079,119.90643553337769,65.01609402774648,Cotton,7.817829144328086
69.98808205133652,20.059504026673444,16.95866502384694,38.828809752771726,68.84323624734914,6.35312189399468,123.11354040068416,59.95317791768444,Cotton,7.865039622350688
59.84079357690595,19.87109248326153,16.009900458078537,38.0085489065156,54.33148116957831,6.286510725395136,103.65621399479608,65.18159970392306,Cotton,8.210817720036099
70.00033892008098,20.12061676841778,18.1476067442651,35.84456193453787,53.77731752330863,6.080472988718919,106.91190241787437,59.90036535413624,Cotton,8.061823367725962
59.82557187857493,20.071831428481264,16.05936594943358,38.125599275452906,58.6246029309603,5.688760037359502,116.3183907138416,65.03881621551169,Cotton,7.863201507029497
59.951092553592495,20.03649147573461,15.966740338895663,38.159127467156246,52.13649050492759,6.998311312453013,97.08937213515098,65.0484354476119,Cotton,7.990488123923408
70.12475583485902,20.06364657023099,17.98247975691638,35.9454603816916,57.45753551092214,6.635397341331118,107.12387916696687,60.06637735401152,Cotton,8.080877274907037
59.9334338608437,20.08408799874909,15.96759379434801,37.91800754972515,71.49059409136163,6.434815687717422,109.96839021704629,65.05337760801062,Cotton,7.964632056207722
71.97086671393957,25.0315501905706,18.095564605690736,35.88560097213696,63.181007896800146,6.589424931469843,100.87529361283174,69.94621272525887,Cotton,8.097792002314613
59.86332044156817,19.982713025207797,15.899597438044731,38.01450777099219,53.940926925209126,6.001558030234382,74.94082684031596,65.16105381461858,Cotton,8.04743258861682
69.83469921483879,20.05725918702577,18.01601574751261,36.174108211531305,61.62848860270583,7.1753564669677665,118.24176811576632,60.14099816657796,Cotton,7.874698476825159
69.94560321366254,19.954310839588675,17.960971561528254,36.05308172593956,68.95007076123764,6.521760248196072,80.28487050896159,60.0529169983232,Cotton,8.010012932423521
59.85397289788245,19.963114027896115,15.939248200995385,37.95530896707466,67.26897051654434,5.999212083287407,96.54798170115609,64.89150393514802,Cotton,8.036270508365575
68.03659754709564,21.896887152890468,17.995408783492632,38.12326003865109,57.99510694528417,6.466576585417094,118.02060623727553,60.19894389558361,Cotton,7.979352544402365
70.05581583660745,19.91816013125657,18.07824819008949,36.08781732069447,48.2970783984623,6.465037796380945,96.11840424467326,60.04742656315833,Cotton,8.141681895197372
65.9636971015816,22.017162058037112,18.028151748796382,36.97092482907269,64.63158327620393,6.5594147443120585,101.25632523446917,57.97460970769619,Cotton,8.087182868195221
71.95292953914736,25.063450224190078,18.05873165908856,35.93897468059255,55.456279841178564,6.461970717111123,111.94748216730895,70.04155208196629,Cotton,8.092517498403494
59.97315055927251,19.966169282585263,15.968541099831656,38.153469574305056,61.4743021594694,6.722326595460867,81.0142662476068,64.99989334216718,Cotton,8.037186354117974
68.03099718486202,21.89235103289517,18.01210294946953,38.287072543527096,62.21651569449015,5.436764770078458,141.51531102876814,60.07000167940942,Cotton,7.944185454433433
69.90478303155166,19.88678981061171,16.98621462962042,38.828158666279535,59.85519905042011,6.654279268119969,126.0981288811163,60.03082450692147,Cotton,8.166437258151529
60.07181875990868,20.08424054298473,15.944497713197803,38.07759183516998,62.056874507604476,6.8216567789820415,96.55967040369501,65.17821738542902,Cotton,7.973122002391883
70.13370274057411,20.0192136653934,17.981227423214847,35.93771037597712,52.56444412922206,6.791199226572267,113.11327214853259,60.11132369139202,Cotton,8.138869846383475
69.9430069193662,19.91782284578372,17.075746265803602,39.06568799925224,54.02647953894976,7.336044782933307,103.9542988605644,60.02781562396478,Cotton,7.947003561079757
72.15194897229195,24.88371922447971,17.892527276695002,36.0818055851968,58.1157990370522,6.788534917692382,145.09784785470669,70.14002491459043,Cotton,7.7896328125212495
59.9803555388506,20.009757098885007,15.87808140374176,38.07374325246644,56.89221610992159,6.643064432330006,108.75044680290468,64.9886752265314,Cotton,7.942530419985485
67.88737141449448,22.072948716515228,17.901562283874295,38.025908663031146,55.91048898688383,6.50497973870211,132.1351256016609,60.02231931242306,Cotton,7.782024501967574
60.03949085179531,20.09283170923553,15.975966244552964,38.00256883990525,60.474683119972376,6.611113794413963,118.93768584918651,65.11666269697979,Cotton,8.049078036757281
60.03377415573835,19.94323486321783,15.966589031750027,37.9964231833188,57.170413570612816,6.595530090101981,83.86759208935669,64.93085461019912,Cotton,8.034330319704933
60.13321210603453,20.086446850419744,15.980974004513016,38.17519548561924,59.33239724086876,7.037540878963037,131.68625589438108,64.96744433737472,Cotton,7.859071661200501
71.91998834885239,24.86576948764669,18.045340365127423,35.892023766999664,65.74706508660687,6.269219124881417,114.62183046295037,70.06191892412566,Cotton,7.9226743151259775
70.05330348287627,19.89271039552438,17.98312363445313,35.998784482890336,52.666244508320275,6.660724483842594,112.11868956509063,59.8491784906614,Cotton,8.114276235029548
65.09429286292871,18.89472843068029,17.095034833995776,37.93884523458253,59.26011025979828,6.911158905099578,145.68843395245972,54.782077910554655,Cotton,8.172915269181416
69.8949913639868,19.96565249979428,16.923836247109158,38.98007995262204,63.92876634609203,5.4487240448501435,128.9621061941843,60.09580034993986,Cotton,7.929123328849293
59.88897552877701,20.03582912054701,16.15995430893718,38.08036062667208,58.376029584134436,6.9213672933398,104.51126700056473,64.96789298738715,Cotton,8.10184355408392
65.9991818373703,21.954173246604547,17.947571464714354,36.905804766818285,55.87231182801642,7.3425280619797295,107.66233024385805,57.9699144757163,Cotton,8.068601084179813
64.95579049906429,18.925536439711458,17.034194272797375,38.02204477024868,64.57269379485811,6.629292607354915,112.11813398972245,55.09450475040628,Cotton,7.921641167636451
59.95373759216245,20.01165627150545,15.906109519889732,37.96635805606536,50.43999448553598,6.9320194359317355,104.34874099140737,65.0907246987286,Cotton,8.029736097937326
60.020427645500405,19.88582567012456,15.922637402184314,38.27610755792136,55.24220236895013,6.12249579258443,116.93073959709402,64.98646997402709,Cotton,7.929101024231984
68.10610228530196,21.98744471123664,17.90183127891798,37.90748964369567,71.82571720612825,6.348575883276485,117.02401397086109,59.94995185952474,Cotton,8.042525382701335
66.0413564971269,22.126408453654907,18.14960069378983,36.91264307467843,65.23902705555845,7.089680751086284,108.48513821051094,57.97127936487656,Cotton,7.875588106261936
66.0925075169192,22.009405953974085,18.032503390233988,37.05283862969308,67.38360982688576,6.22692029576763,98.08148519573822,57.96255782264276,Cotton,8.19290027612974
71.98015412195313,24.94074271345872,18.06080495464986,35.95269951396952,52.132167440270074,7.2000452710205165,106.59472847576565,69.9739768223704,Cotton,8.11025875086703
67.94032003231999,22.07114244883541,17.981907513286554,37.9687131716545,60.39002688609582,6.270987666654771,112.89098822621854,59.97070342389362,Cotton,8.04638840381613
60.00636635597351,19.89832514382203,15.77302776350482,37.96839542250542,54.73202817291319,6.680618511487845,96.7057412981585,65.2494173593181,Cotton,7.867718140545721
70.0941862908083,20.116744225365665,17.097784768577046,39.14535644158666,58.99903050632214,6.104217915642369,58.81666392937346,59.97637524349997,Cotton,7.9277975912271055
71.9976458737709,25.055697543797987,18.032216867373734,36.09929299195558,56.94799800265871,6.745328873027434,117.54390981789834,69.97619488497187,Cotton,7.953422533669644
69.97833714677334,19.962284914443345,16.985179562269415,38.94146964360308,68.00017412863701,6.113839863095628,129.7302392676818,59.7948743554481,Cotton,7.973138615695644
72.0345744338523,24.91599985212273,18.185465694849132,35.938265528351494,54.43481992127691,6.243869256085386,96.58932711013176,69.97155635125289,Cotton,8.040248553176536
59.955769300388205,19.97518449022393,16.085800053370196,37.9484433392513,53.34867063835912,5.807438136465699,89.59707369990133,64.92513417985192,Cotton,8.099346685833117
72.01348617881929,24.936521941600216,18.022700630149423,36.02217466154209,54.16229891837607,5.920726466497976,123.39005863347958,70.23288702087348,Cotton,7.950273394030331
59.84563208672617,20.10631715984056,15.975830819471364,37.87603110616404,66.8997816490397,6.525900326726187,94.88326423483916,64.99836545794169,Cotton,8.07619942323045
68.06097686504857,22.01710819362381,17.912725892748725,37.92909729578425,59.52466931408515,6.204176956963106,125.37737161812935,60.060720521744045,Cotton,8.052138584876861
59.95124797792778,20.10345562933749,16.155024760442508,38.10599284834001,53.001894201147415,7.108257696245358,114.18381523275974,65.13447924122308,Cotton,8.089053631066419
70.08425904712104,20.018923632947807,17.96685509265709,35.75260001435004,62.03070308491195,6.892350991349793,91.47841088086022,59.84765667953986,Cotton,7.941052920359418
70.14351036532626,20.02249515615768,17.87105661639334,36.109573551530765,63.63706500456734,6.390749032155476,142.82544602907214,60.13061093296016,Cotton,8.005665247181692
65.15012145666815,18.94565803698038,16.959691016253885,37.77909439954677,60.004878511595535,6.783991156069201,112.10850252303948,55.08160328211577,Cotton,8.065432284401918
64.99187519090788,19.03476305777905,16.933624969967546,37.92455167626994,58.411412329645856,5.931430455335371,107.95293838009498,55.013125927456045,Cotton,8.075160909265609
70.03747022230418,20.072570565262826,18.001859921197102,35.995328952319355,57.02622742952452,6.283072506904418,129.11020249217827,60.011279088545535,Cotton,7.831083469767563
66.01262132817202,22.04394808508053,17.988393298653282,37.01186293678149,53.31267357139516,6.237347488862595,86.29244964970584,57.99762621361205,Cotton,7.979536966195559
65.90191251949912,22.002252405909086,18.065672843101108,37.196356153487706,56.516696158886404,6.079100418221174,119.59337008725225,57.9287991480673,Cotton,8.049344551154453
65.96741959133657,22.27903342434628,17.8684387270124,37.00026313330992,62.269458575734745,6.818345648227195,81.4145633084924,57.957589626551645,Cotton,7.899775955647135
67.82452884591328,22.015663426498296,17.861951323682092,37.99535450356976,59.09717135675759,6.433865882611405,96.79610958404261,60.21500369648802,Cotton,7.964093210556803
59.93447371528496,20.00253717826569,15.991440201134568,38.0199297129108,68.49410450672875,6.319332419979045,140.5563961729083,64.94613870310002,Cotton,8.143998511747853
68.21720833774329,22.038238978268637,17.985355184419607,37.77293290754399,53.724887461292184,6.525105662080776,105.21164833724025,60.02506799738284,Cotton,7.892822590120982
60.01117281740455,19.996749342612443,16.003275311547753,38.04864466167834,67.9076515760267,6.966894916466641,71.8118031939997,64.92413163661604,Cotton,7.830364824996659
71.98331466862335,24.87333919136061,18.020859792376477,35.99509509947494,55.60820498446439,6.50631140037564,122.0225158427323,69.80022554811171,Cotton,7.995749520688071
70.06257105810865,19.911787408916343,17.064778813199393,38.98931828557416,58.26096400145308,6.127809092272737,105.42649663040415,59.95877623378841,Cotton,7.911658960600648
67.99427419775783,21.87991522062071,18.09636002432836,38.01821993820955,56.14016892968697,6.34566769974383,97.946346411851,60.05206488695526,Cotton,8.025757753783342
67.88064388302612,21.967775510686398,18.00973784069463,38.01301097374507,60.002472274502026,5.850167354974921,107.03266843250542,60.04262637804736,Cotton,8.109164905406523
67.96799582199607,21.983132442373577,17.929865805885843,37.99256551196108,51.931656204694036,6.61991471307042,98.35204509607871,60.07596882357875,Cotton,7.911765655067927
69.84796298185445,19.99135000989542,16.95037409769393,39.024797622797536,64.77442979705593,7.28447556254551,124.61567723651744,60.01295013935585,Cotton,7.903186978404635
70.06470642290974,20.01773956634264,17.105547917392666,38.86731848766724,58.31804966248357,6.471386232494611,69.97550168185242,59.89527409644195,Cotton,7.974038099050534
65.79774754210813,22.10093116661152,18.01487176007946,37.03307262618863,63.85165001881877,6.232150499689438,118.74404914475475,58.12584571738304,Cotton,8.069851380224259
70.11280838219511,19.990147633718337,16.91426972732171,39.042783645798174,65.06398127524652,6.859564763119463,78.42906069768334,59.919163049539335,Cotton,7.906875950645877
72.02295170256406,24.97418199009789,18.073007918929253,35.9734161103269,58.00278341157879,6.525662087684666,115.79620676412185,69.97963823094013,Cotton,7.966498041770205
69.88878865725641,19.919111769090023,18.13596604892072,35.84097732352222,60.96720401361048,6.238820708977883,118.94683855465044,59.98267452664008,Cotton,8.153802910589295
64.99774148408231,19.044019915553093,17.053248487788803,38.00351347507987,58.60843133958567,6.679098450971915,71.75748841693948,55.06639326011396,Cotton,8.084529494994175
68.15439604647406,22.34563002602125,18.141209583042865,38.13075109969303,53.872293860251446,6.022936897971714,95.38687056112838,60.09424043843289,Cotton,7.967701766027877
68.07023432209141,22.00073399591059,18.2290943629601,37.9460652297131,55.345154257148174,6.673579733567546,134.54043545541754,60.19170129747696,Cotton,8.022508994571336
67.95939799691246,21.85604637330434,17.941134813178042,37.87657177328165,65.13068973829496,5.817363942209031,120.10839905629605,60.07775228489592,Cotton,7.991956329064269
67.9750754960067,21.93765037402211,17.976849011743347,37.935988424718815,58.66698649068687,6.055315599215856,126.20224045904564,59.88801909858738,Cotton,7.877789965710829
60.04117958718545,20.05858676224837,15.886293864283443,38.05279795719736,58.356687258434505,7.309570857931579,125.5572718541068,64.97718305704643,Cotton,8.00848410908158
70.04076522701023,19.818141092187844,17.045831120655784,39.03173534379085,67.99860169164107,7.0965485753178585,115.7835780948577,59.99634431987116,Cotton,8.067037348876804
68.045168149396,22.120552427742545,18.218880440680085,38.02077813850477,58.9272873295133,7.165558688123944,112.31469592741941,59.99595453485716,Cotton,8.038326916423117
70.08446423646504,20.05761403946073,16.905602235335184,39.05494084277148,71.74517537290465,5.839395518032736,88.85389884147295,59.95007505034713,Cotton,8.0198756451996
68.02856223783587,22.113002837201748,18.055498008798185,37.970677360068414,62.30376621343595,6.968323879969701,110.72962794647196,59.89778311850398,Cotton,8.014017194568929
70.06971253917433,19.95195842324673,18.05636566576881,35.9400387787892,61.445151245443434,6.748577072233946,99.78579495318179,60.14103064625015,Cotton,7.922444697921189
66.09750267613036,21.83005936949211,17.96627302921239,37.05454946556433,70.40298863851424,6.397947407937391,59.79819640789665,57.8355115687038,Cotton,7.9117619346148285
71.97153290286944,25.115234854763155,17.974344829648334,36.19419587812317,54.887454152469765,6.753908342634397,131.56893743449174,70.07805619735899,Cotton,7.811800163637777
70.04202204724533,19.956844207683076,16.908674406275058,39.00807622342585,70.08287879645272,7.06587529686002,129.2274475348823,59.9611928130497,Cotton,7.945946684307426
60.07050384857388,20.05860442521304,15.904741253230082,38.009245117737294,62.520518030027155,4.940908783214736,75.69490232498734,64.9040228312344,Cotton,7.98690291069302
72.04731475849367,24.931148504847403,18.027528203865813,35.78731363083168,66.98458212521074,6.616811225528372,82.28036787290209,69.87583026042059,Cotton,8.04008495846513
65.98715126203444,22.03432298803249,18.038928624009507,37.1615075092849,58.32189204112904,6.508012317783608,84.499490286983,58.05794847976132,Cotton,7.814728755578977
72.12657072703209,24.88995534528673,17.952263888655626,36.04642177057476,56.94433128190453,6.187735372886222,72.90195431599508,70.0466768652249,Cotton,7.939536607958322
69.96763022297795,19.898725983021304,16.8937855446707,39.25282467707521,62.76298287710527,6.813193236487232,125.01048053382937,60.032711477399616,Cotton,8.05405008901465
65.01201389250261,19.05692081093136,17.076034880868466,38.08078006440184,60.71838175509384,6.557366753919035,120.23840479850418,54.91906785628464,Cotton,7.999131829925589
72.04478088722739,24.9917015080951,18.13778985368378,35.92743568397545,51.715354166844776,6.474518332316677,98.11587446161116,69.95746127124177,Cotton,7.912229980883779
70.04158709764461,19.98948690843179,17.93747988320207,35.9007256713765,51.100040631961974,6.458034390966485,122.5057902725428,60.1918666436929,Cotton,7.829712833871099
60.05785304855508,19.987855991056257,16.045428334732048,37.94942812597221,61.23902964379465,6.715917420031757,133.82941622229168,65.22069311458661,Cotton,8.06793309054565
59.867023265931365,20.172746018390168,15.954914854881826,37.897222409501055,70.6821387004937,6.279613321986886,87.02862951795109,64.87532593983158,Cotton,8.006996690922774
72.07619764597818,25.120013073068453,17.98189013264334,36.16025093474575,69.93659072744416,6.544669937207095,81.5751169931078,70.0329032115996,Cotton,7.874784492275729
69.86263878710942,19.927850100278643,16.936601099962935,39.014323864505656,53.74543966819296,6.1924714963633996,72.45646784550912,60.045972765475184,Cotton,8.105232916045974
71.96441514216804,25.001617761336803,17.939571645053707,35.875337840743065,66.31143999021087,6.3084647068411,160.38738166675572,69.88321661997524,Cotton,8.063221849635863
59.86635664433061,20.13255591906067,16.06958055259955,38.03641399809921,55.47423283145502,6.791243795389815,89.11228221981206,65.10285450047557,Cotton,7.944727732108658
68.11009354009771,21.99467606667757,17.9660529924178,38.032233345627496,61.37323121397098,6.265396863559655,105.56682799658368,60.06106121182571,Cotton,8.023682023388385
68.1856796936461,22.091332377115,17.97355777261211,38.10381223034556,57.393158423121015,6.818752669944638,116.0834811316355,59.98151145077981,Cotton,8.028180851301917
70.04972938234731,19.81608740582657,18.02290345781435,35.84271654599906,67.06156774141951,5.734681699790548,124.76442613502833,59.93813809403818,Cotton,8.13180576457674
71.83198064580618,25.025195266459725,18.205936286651845,35.866369697703504,66.79600231075706,6.89202238156944,101.62730641501354,69.96207299542078,Cotton,7.885081797764053
65.98821522351187,21.937840225473742,18.003934009167786,37.00108084253719,72.90033175903757,5.4930187038166345,114.69596041747256,58.1232000241742,Cotton,7.967878219772623
68.10883938604694,22.063011735629807,18.11971629986799,38.17913924341577,59.91593664743579,6.655751418237711,117.29363046269606,60.18464456847431,Cotton,7.994965698064631
70.14743593057582,20.016377415224817,17.048516942782378,38.90262299676984,56.220089496303835,6.965814910346261,115.34974711723684,60.00971752317712,Cotton,8.18152105508338
59.95163987430129,19.84963531031917,16.081125841725942,37.881658442645936,57.90983064119107,6.034552290943013,101.65965276292816,64.94521642604946,Cotton,8.033455166425075
70.06977325974562,20.035908144251835,18.157797172574917,36.23886286964336,52.340252786920495,5.42027659137506,103.30972364761095,60.14067545942491,Cotton,8.002750598542098
60.05854963083871,19.948673017989957,16.05754155984911,37.94811588312212,56.34035964047588,6.568739003738917,118.96306218788207,64.8360353763777,Cotton,8.014122923971836
67.99792201582208,22.036584486949337,18.021386051929333,37.87252208452032,61.03190521807851,7.04520655856108,86.74950007795528,60.10043458679853,Cotton,7.786581052332956
69.97672658708886,20.04739482613709,16.999579492484035,38.79535222164543,56.047936890530416,6.713527703983767,77.09439319833822,60.02905558055165,Cotton,8.0862320716479
67.94813742003915,21.970293750332363,18.2489894491992,38.20957936057916,58.616418126585835,5.655660360215384,99.8689219907092,59.968834974053046,Cotton,7.87325823587891
68.04344684324236,21.857554217925017,18.09477871693626,38.04171108828061,61.15795722387951,6.338399679450778,117.11784573278393,60.02819467073877,Cotton,7.853917212547583
60.1563912733793,19.88984193475288,15.895834970005962,38.20140662795583,62.81295769387654,6.608362554682906,145.3928950149654,64.93803438979208,Cotton,7.759010620338673
71.83867156750576,24.909673774313728,18.120153720424494,36.063899021534304,65.97092436244593,6.993848106712722,98.96109032079166,70.06432912658562,Cotton,8.014385261073151
66.20277756724028,22.00823618623284,17.982779825003607,37.06807616603839,64.18048581006907,6.836643603609395,104.10234105224335,58.184535018601785,Cotton,8.033660314520219
71.88399114403585,25.074056035566347,18.003308909967963,35.85847483256874,60.36692436440926,5.962448383473422,110.25475046029541,70.08022229258854,Cotton,8.042302217149157
71.9480035185771,25.088947221442783,18.10496432098648,35.99409036637806,64.46717310611209,5.934919680192095,120.53811023602438,70.0375405760756,Cotton,7.96274068011069
72.03184996956377,24.91971180549166,18.045238246338236,36.20372581197023,61.12462736380111,6.423696511664967,141.86418797552648,69.96495156021614,Cotton,7.948148952823031
60.000640797956166,20.09931535145135,15.839109257512558,38.08834689686402,58.47028448044266,6.499699832799013,125.32085920959447,64.89688414821042,Cotton,7.877522738695461
69.95631625130346,19.931818949502546,18.046328234986028,36.08274345329889,59.76310272931845,6.388606205727068,129.04056613348985,59.90564281014102,Cotton,8.019126215339316
66.05505009369972,22.02323385011719,18.034758817375764,36.98376500124936,65.31742419512669,7.094035037271258,99.99892802408353,57.911899657774825,Cotton,8.232294847692012
69.99689889555916,20.129374707934414,17.069497641589656,38.97666061562777,60.31636134183946,6.948972473715789,92.76002683663698,60.02786687640061,Cotton,7.956878167346861
78.0,22.0,19.0,29.0,48.57984461294478,5.952200922574715,116.21093276565023,75.0,Cotton,11.0
79.0,22.0,19.0,27.0,48.35606214871146,6.532029491403925,94.61546620311756,80.0,Cotton,11.0
77.0,21.0,20.0,28.0,73.07527107519765,5.982373969938723,204.493182336203,71.0,Rice,11.0
79.0,23.0,20.0,29.0,85.91158324993532,6.3763030907003015,211.56047365141256,79.0,Rice,11.0
70.0,22.0,18.0,24.0,75.05210174181556,6.71311667352727,199.74911259076242,70.0,Rice,11.0
76.0,23.0,20.0,28.0,84.72494619194943,6.199908450062689,242.03032385646145,77.0,Rice,11.0
75.0,24.0,19.0,26.0,75.66493695257147,6.361098601912201,195.85759103890547,76.0,Rice,11.0
75.0,21.0,20.0,26.0,86.79358235207839,6.094745863535128,199.66497449399307,80.0,Rice,11.0
75.0,24.0,19.0,26.0,81.62998550820302,5.168242896329679,200.00897385028614,76.0,Rice,11.0
77.0,23.0,21.0,28.0,80.31915927895017,8.12887660769553,212.01551849937104,78.0,Rice,11.0
75.0,23.0,22.0,28.0,73.77559615624003,7.144995505135709,258.9058855424682,78.0,Rice,11.0
78.0,23.0,19.0,26.0,76.8255029961413,5.346548108503487,184.39248290394093,80.0,Rice,11.0
79.0,22.0,19.0,24.0,82.61947456271162,6.535226865390342,200.45304659268416,79.0,Rice,11.0
78.0,21.0,20.0,27.0,85.1385692183863,6.356048119732744,191.46834671717642,77.0,Rice,11.0
75.0,24.0,19.0,28.0,68.6709733497134,6.066936844420342,216.3301305706509,73.0,Rice,11.0
75.0,22.0,19.0,25.0,87.84796431586008,7.050875194963741,176.87521714138032,77.0,Rice,11.0
79.0,21.0,20.0,27.0,87.39970105768474,5.896655768321153,206.9432476210884,75.0,Rice,11.0
76.0,21.0,19.0,27.0,74.18802568823425,7.108458898943023,179.11424259737208,75.0,Rice,11.0
75.0,23.0,20.0,27.0,84.22273359051857,6.614344985411532,163.2231742651262,75.0,Rice,11.0
77.0,23.0,19.0,28.0,75.51181720267195,7.15325679136804,209.02533808569237,75.0,Rice,11.0
75.0,23.0,20.0,28.0,75.20191212988962,7.339189197759574,192.09477915355257,75.0,Rice,11.0
77.01011418489612,22.9486643340141,20.959077470410755,27.91013676126372,75.30157316094574,5.985476672520807,167.68481143338082,77.90421513570146,Rice,10.865267931085862
75.87594117374026,23.056572190105555,20.040224238185655,27.877645507975995,85.8159425599062,7.957732111458678,204.90525062693268,76.90699676931911,Rice,10.788962664232006
75.05808628171941,24.035088699494757,19.02936183118873,26.068223957464152,76.50192187222278,5.788113274780366,194.74666998145483,76.02121689308562,Rice,10.904904006863012
79.10398266507546,22.937265055249014,20.1601732495573,29.130724558519816,79.26669884695686,7.279636612052,190.9602371963249,78.9279293899627,Rice,10.998263858842604
77.08171962274054,23.1276622987674,19.04463238631498,27.979619713309948,83.0616487267147,6.04848254289492,186.93147917807303,74.93876714865412,Rice,10.95634373224554
78.00613765024751,21.08393030397056,19.905788215970787,26.966178710167977,73.05758830230465,6.973341489082987,218.2572609883169,76.91208681388702,Rice,11.127549923419997
76.17805860259443,21.0251924774862,19.0287500690999,26.954743283962664,75.59079191449017,6.212871747974599,207.71511817875086,74.95610480290513,Rice,10.820336995279984
70.09008268209097,21.876536346016778,18.024865150301025,23.962661903806037,72.12161849612409,6.47551666129114,216.0278156930317,70.0645015370017,Rice,11.015537237937371
74.88296744339918,24.04708004235836,18.971080305106373,28.0264852149559,81.61436829862923,6.778071064707215,158.17118297256974,72.91788505987189,Rice,11.066879226390038
76.96484902261199,23.05855493885377,19.05089052822552,27.97364612663189,74.90258548966773,6.346016998148489,207.7905970860874,75.02052417196165,Rice,10.95959986775806
70.15263588419283,22.05808004218954,17.932277815382406,24.00888991032478,80.5470358961667,5.880182355759934,194.07116302460395,69.86223153835611,Rice,10.994044321975109
76.88938746477521,21.023556397043187,19.85488583968257,27.999794836797182,82.198276023162,6.46721651225059,200.63338510211656,70.81352817875516,Rice,10.96204771086505
74.95219196309068,23.06564664373788,20.008724131250435,27.950944185110284,80.71863436134669,6.987304331120239,202.9462441870697,75.10065913684635,Rice,11.091412455138835
76.94432008958373,22.996699215795307,21.1071897683434,27.79339199007325,78.72598700093896,7.478677250267566,184.43368327057556,77.9392477778909,Rice,11.164711663696856
74.97237638731137,23.11977026295774,20.088753003013174,28.171018427132367,80.56957453491871,5.681354192175371,188.98964448447884,74.90978671170132,Rice,10.879815097474443
77.02184663323582,23.01747730144103,20.878747093547545,28.06967105721612,82.44978059366042,6.56382547351224,207.9194861799587,77.89315558852498,Rice,10.979330126847456
77.15879641966572,20.805483776536956,20.01801292063796,27.947307167632992,77.89443791613614,5.917162931304194,164.9664260915474,71.04065386469084,Rice,11.064271015662422
75.21795158611451,23.964081132917823,18.92780232944179,28.034436692458502,81.64455019587399,6.465702221240962,224.707707275395,72.87999072694582,Rice,11.136656029420031
76.99335672441084,22.98608008461582,19.06633638141826,28.04434200857772,71.06406273937228,5.489585731853324,209.93351559014047,74.96888060859789,Rice,11.088904014031328
75.02479124242718,23.24113108998326,19.950934622295687,27.850871755384304,84.48299278838587,6.403458625571123,212.18939260033775,75.02037254913925,Rice,11.212777796208073
78.93496955346,22.129782420306856,18.876299079559296,24.08295779949417,79.27260536736222,7.4240132487774035,171.9908209294106,78.96001848562237,Rice,10.950441693810992
70.01678870516844,22.03323465522965,17.853260629958665,23.884573520211497,79.37006478655626,6.569305076441478,230.19139571204119,70.12003548492652,Rice,10.985044815901649
77.91183300810985,20.899653554342294,19.975752288465166,27.10037528676709,76.55267883071882,6.563404049507735,230.91542274411216,77.10603775923121,Rice,11.051421385350109
70.05567866898343,22.06160666804032,17.968910550704482,24.0001977146669,69.71336746707212,6.708813155405597,213.5002439049002,69.94841811900834,Rice,11.324769376724646
75.03230662792699,22.993894276140537,20.08252917605572,27.893504694401894,81.82658200010947,6.474698141824722,181.7754019455316,74.79782271313238,Rice,10.94710879388682
79.03722853596973,22.903723932938533,19.894793530773757,29.07707516186553,86.23754637256108,5.250758823587657,156.2161803701271,78.99167728734882,Rice,11.06431371527388
79.14481283891008,21.13963250175264,20.2307573063769,27.165935338526825,72.16016826500375,5.740057812216385,190.6904342693092,75.11423488480801,Rice,11.041043752041128
76.88029479775132,22.966036626117425,19.00218357559762,28.09118469956673,91.94186735026213,7.227018175378918,177.9329290621714,74.96725754513223,Rice,11.161119391684682
77.0411528358643,20.987489992959624,19.94256406822621,28.160135073947053,77.50670778100523,6.315327349634358,197.4758357833873,71.00151449111031,Rice,10.989407167899268
76.94723765517162,22.96101357538977,21.070192448872827,28.00395908410693,76.3510008511408,6.939017028159726,215.37481112215687,78.14172452940804,Rice,10.91218857385905
75.12687903471094,23.93484039800483,19.10092970049257,25.99082755637447,77.81337005878873,7.053359767019844,217.00894574052353,76.01419190218108,Rice,10.92927763071848
77.9284053576738,23.14054938297306,19.070071282544,25.95532355442769,76.92538484835569,6.535072829619388,190.19547168515194,80.10615759530731,Rice,10.959096019626038
74.95283867107071,23.02630390281322,20.18101497908095,28.01103430635901,80.35966738970598,5.970165238497665,183.23554234619436,74.95336034618339,Rice,11.08089217549334
75.01392811471186,23.974096489128264,18.957599072615157,26.0821072405041,81.32859885824902,6.788312508440255,173.3076007953919,76.14017127065709,Rice,11.067446569958031
74.75525861193657,22.98295891442148,22.02375828100101,27.808318268872657,70.55775999315063,6.367598429061182,190.08580927073803,77.98591770006443,Rice,10.86408876675262
74.85257797977624,23.001357767848816,21.64735585253637,27.953002029759524,76.32850162768712,6.7509238220445384,251.30425548727607,78.0296758234035,Rice,11.010603605559105
75.87802897129933,23.06258190361942,19.94070515928282,27.93908389877391,77.59529307703144,6.131066592131107,214.5240335112459,77.16411605526054,Rice,11.012695563455525
70.18510828340156,21.921306417876902,18.01612400353017,24.0934660210108,74.05556784950868,5.92385725580607,196.53029265436464,70.10380851783766,Rice,10.88747550195797
74.97997469772459,23.03178465952391,20.070744836133333,27.105860474417295,81.36233406549401,7.221321130897651,189.20386245635194,75.09323375045504,Rice,11.017970594198337
74.90950980009143,24.138072384810823,19.026764881114588,26.11202685694517,79.28291639812393,7.444182590578302,220.90985118000305,75.77048970719186,Rice,11.167855050810951
76.99695766703485,23.03778763523305,20.932161636716657,28.010324822796186,78.64894178300159,6.768148539203468,177.29328317058312,78.00169040515054,Rice,10.99206450252345
75.07698552662055,24.157538353894807,18.9301863006028,26.037633613886367,76.11739863749789,6.325160882457868,206.68460682512173,75.91424674101583,Rice,10.907846366232974
79.10441984227865,22.026378021333727,19.066890375463576,23.89927430734124,92.17193621690731,6.814862075058337,186.42589588301027,79.0133288390994,Rice,11.09735855771927
78.93442890895712,21.925095255007324,18.888034401569,24.0350215838804,82.31115798279419,6.526719048829353,215.04392524375524,79.00257215595235,Rice,11.03148673980376
77.887913722052,21.98055645659274,18.94036791173985,28.803952815343784,80.6035039086998,5.8883130941972155,242.4019025147,74.92765551894234,Rice,10.987918926183635
76.03414657551846,21.129064231426995,19.00209836515597,26.92121579033191,80.3286187003055,6.912933456060419,223.82206000506807,75.06157035531041,Rice,11.004161009575087
74.9597036525926,24.18360348472198,18.949602973015864,25.94528159694873,73.93851743768754,6.977645882361231,213.98972500750565,76.00344327267285,Rice,11.022550558119407
76.87339234928923,22.90896009686816,21.06382589768147,28.060105885840443,68.90902890945904,5.572214825190023,206.33064987993106,77.99114926007447,Rice,10.74097294765818
77.07102264221109,20.96941869259602,20.142056786070643,28.06663322849317,71.79437687570372,6.406351529398879,190.6718933281483,70.98140321112211,Rice,10.81770879659882
74.93355086953703,24.15269187197126,19.01491370253675,25.954157370861,83.56793665777087,6.291675982160738,189.39759609965483,75.86341061317123,Rice,11.182278543978232
74.92819560906491,21.9824823958619,18.99647681999896,24.95998050679204,74.14690378193778,6.562350442148449,225.12586095928324,77.03735638155726,Rice,10.917249104501348
79.02084702087481,21.936385370502155,19.149511300496783,23.7713100984753,84.9948660683655,5.322860284055856,205.87310670644968,78.87075661318333,Rice,11.13646239820366
78.93310875765492,21.98755571114825,18.940896730869337,23.89594440397313,77.58872387542155,7.471055700133853,204.02266210994884,78.76482036782926,Rice,10.930670282802884
74.96589855376686,23.983751683933843,18.979021342370388,25.910326697022835,76.90187093721954,7.220466741855193,194.7415936701619,76.05361994106056,Rice,10.955770637331817
74.83137604608089,20.831321832172087,20.069841737418717,25.95296506124484,86.90736459839728,6.211093915476316,189.67180523537724,79.87162531358022,Rice,10.981739767076768
77.92013053996858,21.0170686500152,20.019480067340268,26.76737698483468,80.27842055168543,6.914603506381761,262.44085218434924,76.87572877687116,Rice,11.14347527233291
75.00610136418415,23.053908556199808,19.996790613358847,27.085792931852737,83.01418974714326,7.147310655384553,218.86804745704785,75.0012925853592,Rice,10.91917169128352
74.99681629453212,23.0014585247861,19.886126188116062,27.871077277107386,86.79552994412445,6.65152566045662,216.03922990059974,75.01116273463089,Rice,10.89050815860316
76.94861720740123,23.04028437915457,21.04687208505421,28.009482670438995,88.0704952386737,6.525694409698149,246.00014301716627,77.78976876160547,Rice,10.974560183172532
78.06108211125449,21.044596762172677,20.223765180925653,26.983777059479365,79.85654780854371,6.590856545142947,203.4001915749588,76.78656603082398,Rice,10.92015144843161
74.96928349702434,22.957941192120828,20.120435190291747,27.095281143849142,83.77016617451245,6.976123316717473,168.01093152364237,75.03177615962451,Rice,11.072081133265357
78.9786125138426,20.946915464802988,19.79995883800364,26.975854366315392,72.70379412208115,6.5739625222819384,185.4226995554837,74.76039992296192,Rice,10.819568583603289
74.92964590373988,24.073455273944944,18.930325556103934,28.07226011301419,85.99592592450564,7.0089141612550385,184.74850526177804,72.99880144271566,Rice,11.13228161336626
76.17964936575197,22.963819997654248,20.146047345494136,28.042167944232084,72.11912499197581,6.797200897813299,187.52154219951686,76.98477884599532,Rice,11.149600381100344
74.92230224345089,22.01337646758032,19.051133413755277,25.111267637241177,78.83909513693698,6.056554305302577,182.56623220878663,76.97412880870976,Rice,10.863514748968472
75.02741179405918,24.134405853572897,18.932876022035,26.101055126219496,84.08757393367102,6.990264276806849,178.65756946346383,75.92280692489673,Rice,11.103306509292931
74.94913878527656,23.959580757797976,18.96584544069992,27.70657146204009,77.674266676386,6.411792698218226,175.13796650311207,72.98402619398482,Rice,10.966171511956846
74.95732419967193,23.055519584133137,21.907374195441363,28.08574856535394,78.04201764010584,6.635401315045338,210.4746725785207,78.17860876552558,Rice,10.876469700631269
79.09866331165163,22.21710906143448,18.93340512193433,26.929109155364294,72.50320147068477,6.102322458818485,171.75101755922938,80.12535339705843,Rice,10.960892231051217
70.03406295099487,22.160580348767937,17.91379952506222,24.04415503531325,76.59027919133108,6.085174959557243,164.40717543789935,70.06903928001539,Rice,11.03218100215034
74.89257856195017,23.052349806588712,19.983344025828124,27.961023304221992,77.85116261342513,6.531149381828902,182.0747709660048,74.947348851634,Rice,11.11052730460934
78.11969893526035,22.144770841071526,18.971346194241875,28.774656090625182,77.10593561302404,6.797876070810225,171.4634822585812,74.86614001821512,Rice,11.203363910976742
77.07278438659513,23.014811407267963,21.039110056160663,28.1651366595348,78.00800022927584,6.954739852272428,200.6075763415939,78.04985814761646,Rice,11.063225956359894
76.79892851428527,22.995321383645454,21.003496910591817,27.907522172254776,75.46192709340663,6.4096546744069345,209.89402884199285,77.99031282406085,Rice,10.905223134028525
75.99711807781193,21.07771058461489,18.99003445176532,26.880744864393236,72.62307286739617,6.803347039450432,181.45443428982463,75.03552338090651,Rice,11.118839353445995
79.04046275600271,20.86833208195253,19.93696831331492,26.86886483592761,77.84726815376685,5.715580672452395,220.2443720547219,75.01939741643749,Rice,10.982539556395814
75.06911835530693,23.061181598733448,19.954764371920945,27.91327991103732,82.03405689538914,7.108762549523059,179.6370641219926,74.92663920566557,Rice,10.923470829659394
78.01865597347927,22.02730165233308,18.958376174692216,28.930398831932223,83.13432856069448,5.853144704298728,175.32445716300958,74.98181186104925,Rice,11.053074198169035
77.04798920471616,23.07682644332342,19.03407302155169,28.100867674681343,88.11761606216342,5.9781818937005315,217.31972822818838,74.72537098653726,Rice,10.926289681883317
75.046684945244,23.98664547230202,18.97845538350306,27.99874690489402,90.6677602205155,6.895812918201628,227.26160007033218,72.97065822205599,Rice,11.114321080731582
79.0635063662646,22.03799520283664,18.98914559817256,24.144186630478323,79.77088900709646,5.801650092952132,214.99357568427956,79.01030706397601,Rice,11.016107188300335
70.09337068499782,22.00786935668949,18.10502801405369,23.959540289039985,84.68956978116842,5.231696414544708,190.13313293415345,70.1492696531359,Rice,11.063268348440898
75.01206300556207,22.86965909237609,20.082019366721248,26.850564249354388,80.43036786111992,7.337280484158808,195.7431815685196,74.99083836148195,Rice,10.86458394277381
79.08778826827273,22.020547515222937,19.045693759061027,27.27849923515649,74.38406543714638,5.901373407808743,235.33355047002576,80.19144492058547,Rice,10.90358097702717
75.13641063621009,23.062766411953387,21.885397504520597,27.82202648972972,80.90369549902586,6.072441438381874,193.5795647616008,77.94086920675181,Rice,11.109615745870396
76.03973000199962,20.99910606403306,19.046700470051213,27.00996091338429,85.78217201389981,6.668788039620544,197.4138162332978,74.84212238873363,Rice,11.114761285792191
75.03902766633223,23.925556577583613,18.900437995370837,25.988127726173868,78.26476258943653,5.824786379938911,187.899535146567,76.03353536028989,Rice,10.84162069855706
74.78076346346576,22.965337177143613,19.97308240820177,27.118894569187862,72.261183622272,7.185755281377539,227.07808859847518,74.99386163200802,Rice,10.938062597596282
70.02895071739135,22.061954352536294,17.973379806349943,24.072983653881654,79.90088410083762,6.622258306770518,194.49127954281198,69.97672490936998,Rice,11.016830014004809
78.93752311200943,22.09813936261985,19.130834255265025,26.92657364087441,87.0438276976382,6.0904004173149415,186.64252112816726,80.04806973492433,Rice,11.06263927234974
78.99920531489643,22.10780127159608,19.068551237370816,27.02367091431202,81.70303074311312,6.23953896540006,207.1258732073423,79.80371225268898,Rice,11.08150677079747
79.22476373413572,21.93500665487977,19.132516519150183,23.912870334226227,82.23194090324907,7.134517587879898,202.87767824117523,78.96969775602157,Rice,11.17480915408197
76.98268001113156,22.98750585264096,18.94632540576658,28.068731613767422,75.24814687856153,5.738963670650332,200.1320402880945,75.00525291806858,Rice,10.802397329859954
78.15623449434024,21.119217499958012,19.8941781199566,26.9069757442763,78.52431573344559,6.106564554509245,198.3217127621835,77.16264819998736,Rice,10.82559723978718
79.06505134342551,22.017790999098075,18.811130613089126,24.252776078633016,84.20726260119903,6.450664476891552,202.53821497499783,78.98178561138995,Rice,10.90988547931384
76.99907540005809,21.030841278171025,20.06134944917569,27.910398576651826,78.46354505341746,7.02800150538484,198.7679192763427,71.09409358227263,Rice,11.116149026217435
78.09304726788861,22.95923135862745,18.966914169638013,26.13716573527763,87.49003033519983,6.336136583377062,209.82477179930862,80.01941986650313,Rice,11.179906696749027
75.16190450545156,24.009343178981705,18.89342503772672,26.21034233630206,81.58124883807044,7.185856629683251,197.85744602925004,76.0184981530474,Rice,10.861205886310394
74.84222060000626,24.021803783844657,18.95488766127872,26.04837879432292,86.17068120097379,6.43551823703924,191.81192903482207,75.9461605804621,Rice,10.957605680166052
76.96096194648374,20.951343255176837,20.123248084372825,27.909857412727703,82.19593574529004,6.676315464245255,234.97923392471603,71.00368658811885,Rice,10.800495428528778
77.95053352982862,21.138217566123465,20.08724502083904,27.1242913650298,75.9002963840547,5.933066571092269,207.68532688195964,77.05441273683017,Rice,11.11891599244603
79.00300984828736,23.075199870991693,19.95258304209436,29.139032250570946,82.75068489240289,6.906542254292595,180.38244389852576,78.75440612404171,Rice,11.104100105467689
69.94312706067136,22.05513550093106,17.835396913495845,24.078942489065025,82.9989028671473,6.353139698665554,194.6462142171612,70.03598687527152,Rice,10.93270820140786
69.98582765096084,22.00036179751733,18.038319480504217,23.92944653575957,85.60042456673222,6.389222019194121,212.6364957382596,69.88725126036493,Rice,10.799226425584482
74.93376008654806,22.829284061208487,19.842524291930157,27.098306459495205,77.71388641454243,6.263336379979847,188.40191706760305,75.0597459889325,Rice,11.288010310955938
79.00919404933886,23.054457982757658,19.910691596485027,28.886558933828955,83.53524978417221,5.5692401949517185,193.4566359179099,79.03245522136073,Rice,10.810011713624514
69.95750117924099,22.03449751952565,17.865962990369177,23.918757907925997,80.95846768619722,6.294727366220568,191.77109142055198,70.00180227126044,Rice,10.94079583397876
75.3281175654939,23.78052902069049,19.025596563708337,26.07457885488723,77.94739076832393,5.490959054351954,198.90023535565976,75.94385962224412,Rice,11.026763706198834
74.95103106036389,23.91524508054044,19.035035531351795,27.85396151284944,79.69987805925017,7.187688197547815,194.03190728232255,72.87260626076497,Rice,11.16280694036551
76.98167811023072,23.04783839382614,19.03154599451716,27.894043510463952,80.34691404299937,6.795013831849924,193.40339185417488,74.92504185075916,Rice,11.09063774831528
76.94362876556072,23.03588255701755,21.10627716029819,27.800341262050814,81.45435980834516,7.295118503537808,214.4231537202186,78.12836732897303,Rice,11.053839163403326
75.17789089862524,22.97668558114481,21.977536264385904,27.94259105342024,80.96603736172581,6.537426108065287,189.7685278127915,78.125435513397,Rice,10.896834074898914
78.01821767187454,22.944921897251344,18.97110771913981,26.10075053941767,84.65817758322603,6.129978302626721,199.42375377847625,79.77141265391147,Rice,10.917988342357964
74.93456544310827,22.944128436543277,19.94505887748723,27.95903673277369,79.3962941880233,7.127351457687567,213.66479052040003,74.95286080437012,Rice,11.055603121185817
78.95254247140079,22.06006266358883,19.1015469036094,26.969111623051848,75.46833816071266,6.462878359650312,251.84359231305461,79.94979905345387,Rice,10.778463739391563
75.101242777841,24.001048392690777,19.02453217901018,25.87032467720593,78.62554422776007,6.6975493911410995,194.63715907359986,76.07026212737628,Rice,10.993765737278313
79.07682327518549,22.99559878750509,19.956624409881357,28.84154867316288,78.66687544018352,5.996878300964125,226.45804931538174,78.94894189543955,Rice,10.95771433502324
74.98043211734971,23.00293298905744,22.00667761223077,28.158895303304124,76.76925857366923,6.3116357461164,189.93318998683353,77.95832141464292,Rice,10.979805826392989
78.81485152574008,22.961256716857427,19.850959756149628,29.055939853123142,72.44388173577647,7.244936745646207,222.75901238516994,78.92130505021495,Rice,11.069802851785424
79.02262045672278,20.99793037596203,20.059352940647603,27.088801214936257,76.75374647779888,6.540216514672563,164.5513503996523,75.13165548815512,Rice,11.148434146605998
77.10751965446336,21.042461896400084,20.105312800217536,27.938904829959878,81.81130273603925,6.7690465490654175,180.4376582059854,70.87594932096826,Rice,10.931886485203538
79.00200399101024,21.97007163017444,18.91542156949106,27.083505014357208,78.43527072565541,6.7404225881173385,194.11562305589163,79.89126369769872,Rice,11.05938541850587
75.04482427419505,23.915988611102133,19.016950074252435,25.96557219646113,88.05848310170136,5.091398831692329,226.55674778863823,75.87641460707687,Rice,11.163284089502254
74.99084082623874,23.04019902409777,22.06466576211174,28.080205341903703,72.18051658389373,6.5406802282881635,205.60763597898767,78.06824216242276,Rice,11.23311029402488
75.08182709467613,24.01802891870401,19.10804066451376,26.064822670470114,75.96036232945708,7.002429150988855,181.00597475974803,75.99123664900925,Rice,10.875252467667234
75.07162350795286,20.91471023955027,19.983005384825432,25.98815388917833,83.17524800113837,7.093901136355316,207.05738494991343,80.13208877229425,Rice,11.079974331120065
78.0400428404923,23.021821044167385,19.03563661458458,26.087518326209995,80.54517392392893,6.8373280097357,193.68338311890534,79.90345560629693,Rice,10.840237944055128
76.22412411723411,21.05201685078743,18.910665798458638,27.06845784539079,80.01874369230546,6.375093805981828,187.54809745773102,75.18887656556102,Rice,10.9468287159746
74.92894507758439,21.16699275051731,19.998508426921997,25.95260868202125,68.84672924768321,6.687689117776502,197.90840166033533,79.98906558473274,Rice,10.85785223289218
70.01601861079047,22.158223921636026,17.67530960615001,23.959719616889288,80.24253524434901,6.969180220248539,186.71318096409024,69.89830702640079,Rice,10.944714235721944
75.0216587044843,24.13595743336981,18.97912533871635,25.991221748851387,74.07565157937142,6.142435768299592,186.32821305012936,76.01152409687154,Rice,10.937424593596274
77.85630747771313,22.175749172698254,18.97801309919155,29.02521659395163,71.07340732437301,6.761325186775617,192.81412191427347,74.91298935778461,Rice,10.824894320813716
76.93558304125436,22.97920887671751,20.914270839189108,28.118701146452192,78.94490455372663,6.41180842705532,172.5951329229332,77.93472426000528,Rice,11.201729545252023
77.10683710007383,22.973065516209573,18.791846293642845,27.96941564128297,81.98973292654699,6.0380371994734485,214.77094946202243,74.93681675786361,Rice,11.00193856214092
69.79072019577582,22.043021905382727,17.921793753519342,23.93612811380045,81.52143223350214,7.266567612901492,187.73740786587075,69.98271916369487,Rice,10.9703173502531
77.98427788467608,22.03744027744784,19.03601369405554,28.997586162848968,82.73663734039502,5.697672051080582,227.73403264976002,75.12934421763106,Rice,10.944505398570294
76.96111777893977,21.017640587296697,19.849072230934294,28.136832802346152,76.76490263451073,6.198081381627773,210.53445270884183,71.02091681540035,Rice,10.873037577387542
75.0307218814476,23.204163606296245,20.1138515530448,27.980247792154533,76.35109537369117,7.489595796100705,215.35096267993373,74.93669526421954,Rice,10.98031648118248
75.02247126974002,24.04303914984811,18.98957217352813,26.073058236975506,79.97699368380354,6.839860185562424,192.6336902610133,76.06480497052394,Rice,11.046937730077303
79.13164963171933,21.9960343580216,19.123809106181994,26.890549833750736,82.31722364658357,5.946479105253003,219.52000984801433,79.90740886668699,Rice,11.017866354340894
76.7702931174532,20.90239505947901,19.91289216727356,28.13149488181108,76.43413349065096,5.445126096377069,208.6068309274203,70.86062651125498,Rice,10.97512242638248
74.88609723921628,20.956697302211957,19.75879982909585,25.990068233396823,83.58521540845953,5.917282770532184,175.88975200824336,80.1152513505217,Rice,11.20446588280388
78.9896418205713,23.037865510787952,19.883104344107945,29.006581047326325,87.97356971573174,6.127677375398474,205.76168567283736,78.97979344172313,Rice,11.063015029511831
74.95818593527376,22.920698090006656,19.916810898866512,26.971628089120344,89.20032405051708,5.313491067709457,195.66500201864815,74.88735108806041,Rice,10.97405402479468
74.88082154327294,23.93038427459659,18.982251562162936,26.04603190472075,80.154103734806,7.568497305924304,222.6260233879125,75.9898176818947,Rice,11.015596125477394
74.84828116546394,20.848282772541644,20.061382190095383,25.92792897428759,74.91682789427477,6.603731053367253,206.18673435324146,79.84728765784931,Rice,11.032381596793934
75.11730522742839,24.01183747814826,18.970931832062988,25.9465833140914,74.35617623666707,6.196181003802514,200.56836023578896,75.92353372980118,Rice,11.03975751756255
75.0304832045393,23.89184747754574,19.187005776623344,26.004972935387062,73.470165319726,7.198022296395118,171.42664346821155,75.8966923996792,Rice,11.07005723307554
76.98366585797662,22.97088394090445,20.990600688439617,27.89248718593059,75.49653884997434,6.496560296975439,206.89277292070696,77.927910202328,Rice,10.993441412151768
78.93757718666042,22.98875224294698,19.794241338319985,28.99047513474421,77.92002619826395,6.95612848712313,187.8982062132069,79.11914013165561,Rice,11.01476395739568
75.12360074344524,22.989979256836936,19.94285302703072,27.13384576366041,80.39753014477479,5.173586325526175,166.11002041907477,74.96968228643786,Rice,11.16035858078679
74.98202464724812,24.04141811916251,19.05974995737074,26.156135711160108,76.45498152995977,6.386794994910879,216.81989018367577,75.85212175924585,Rice,10.943643103110684
76.98649546725936,22.758596546942243,20.85054155591544,28.03293820122156,76.53695643250225,6.263803827732188,180.7816371676529,78.10471606408103,Rice,11.147567132385188
74.99714364904248,22.03536399999896,19.09929613205389,24.94565220388581,72.68303131095702,6.223035290666742,212.79028318980423,76.98720973114371,Rice,11.134253212304651
78.07310926091333,23.059784263932663,19.143833227417865,25.96906433374928,84.96292246178245,5.976241115571009,190.90652986609237,79.96529587501705,Rice,11.03777226645862
75.08959017278475,22.873764494896157,20.10293077388879,27.04392249468782,80.21436024155584,6.675643243870299,216.46907877222648,74.95300158451819,Rice,11.074923277769464
78.992575462077,22.00293803599349,19.079044741661143,24.069867733463717,84.47812779206224,7.037064103303566,214.75561517064023,78.9390673112045,Rice,10.982613660434398
76.92519869922857,22.94458488999638,18.940195893736732,28.028571880073308,80.10107423875213,7.1141895384729645,199.04389281003307,74.81818311406761,Rice,10.96369517920482
75.09379532476676,23.18105397372829,21.933543984896403,28.0152757700548,86.87525153279469,5.800338711441372,201.820359208911,77.8365082192572,Rice,10.912914263668265
79.19635959660432,20.97307545703486,19.896676399019587,27.01697176366346,79.00186424259515,6.072243391459353,204.03040711728772,74.91727784927994,Rice,11.00967465015002
76.01179338954303,21.09588282591813,19.111891870593947,26.886022776644904,79.32612290274108,6.612902226427542,234.88651826302274,75.07156089618294,Rice,11.112023978167905
74.92407119774457,22.87536095614269,21.932569302490364,28.04206670486121,78.59208869876821,6.1311660275932045,196.65402947528156,77.99386261603851,Rice,11.012348196705824
74.87909000034283,22.12865199979418,19.060592120156212,24.86784783251825,77.20253705951959,6.875785715926213,186.3757713287021,77.10778924013323,Rice,10.959521971194285
74.84607501311696,22.06142847304561,18.817637452141376,25.03730424908163,83.38669299622528,7.060384140945464,195.72392069104666,76.94878664551636,Rice,11.118775327858256
74.97355069362291,23.86586219696765,18.938121684599064,25.93718044724982,67.78191806571775,6.343849328934325,198.56450710167857,76.04513294904022,Rice,11.000393424754954
78.06271094719055,23.05804340850958,18.93717113267468,25.95142339632953,85.58018995021446,6.157372672151366,177.24424458185106,79.93959324639884,Rice,10.931168866302809
70.05170962859962,22.065269511185534,17.946508887618442,24.22805511805259,83.05369765093504,6.566852917970192,194.94357288532524,69.96623021871356,Rice,11.039380781625686
75.05328089929974,24.023311914979907,19.038844099267763,26.12249451801606,83.95939447175596,6.931150404800665,194.00998955032944,76.0872216933682,Rice,11.066948776731062
79.00541335825979,21.1626112918682,20.11164142793637,27.07381684644877,83.7121751857137,6.212655453086866,206.17144150678945,75.1105454867047,Rice,11.046223962227252
69.89800728044028,22.30063797277895,18.02372336695191,24.010292381104414,79.73614997667214,6.579825430161889,193.70273253697349,70.04306843991974,Rice,10.794304664982509
77.00015369897395,20.815612642238808,20.0118707488416,27.88120380125719,79.40652966617546,5.9725631878031,217.60423894032803,71.0016860044418,Rice,11.079217349648792
77.91444452377145,23.042434351807252,19.138409515333738,26.112717619529025,77.74044182679691,6.197030956863786,195.26095060108193,80.1331878701248,Rice,10.941923295866983
75.06724821576377,23.909067114328423,18.968715594674293,25.970058822541795,87.4506846566159,7.83384500694902,164.38772238967616,76.02372919115871,Rice,11.036118150621649
75.1551464141346,21.8447795947882,19.100054690150092,25.088459091831936,73.82760892059015,6.7221764824397985,194.7990764153963,77.0314084904812,Rice,10.983109224753498
74.86770012992255,23.928114709015286,18.800398796121183,25.963231767094875,89.02575899741966,6.630000750534217,169.0105270054558,76.00005248208386,Rice,11.038036428197874
74.97666052502363,22.85918712596768,20.01049536974501,27.87875152813021,77.09540315314794,7.642068798797139,201.2139559089451,74.87069663914131,Rice,10.927648761178236
78.93071159360717,22.043925914132995,19.121894716523062,24.098680954958965,85.57451543356743,6.979321992130844,214.94914740237917,78.86871584688134,Rice,11.205307508257835
78.07044677002649,22.00331714944483,19.205559282194965,29.028687578420783,82.2442357412165,5.702427424356,205.12959723599573,75.0296178664422,Rice,11.007274361751344
70.0,19.0,18.0,35.0,89.96401985098895,6.504838005146744,171.20964428890224,65.0,Rice,9.0
65.0,18.0,19.0,37.0,65.92738338875006,6.412348447285762,189.5720421166907,50.0,Rice,9.0
65.0,18.0,19.0,37.0,78.91475579501184,6.3189850792839035,222.80377709460976,50.0,Rice,9.0
65.0,18.0,19.0,37.0,56.100154243431334,7.313514973564541,89.33691725027911,50.0,Sugarcane,9.0
68.0,22.0,18.0,37.0,54.282291840739944,6.667585342158982,130.03201668801478,62.0,Sugarcane,9.0
77.0,22.0,20.0,28.0,61.44225233892461,6.115959402709147,151.60844096674,76.0,Sugarcane,9.0
77.0,21.0,18.0,29.0,66.45215430081883,6.857911510410858,142.34686711835764,78.0,Sugarcane,9.0
78.0,23.0,20.0,28.0,62.20658699509288,6.781407014932014,105.11233612740642,77.0,Sugarcane,9.0
77.03565918033127,21.92700574378072,19.86478455124212,27.84719169295201,61.51925335089465,5.912247631328218,91.94680183034203,75.85631378852672,Sugarcane,8.947177409136728
69.92987536725626,19.009479436005115,17.946317106705457,35.09179428148456,58.959510467379964,6.468979509013782,109.50146695169566,64.98686127395257,Sugarcane,9.034435192963192
70.0467905704309,18.89580402636764,18.192816487427677,34.82668632980035,57.04673220842884,6.603175693072921,128.95500009695718,65.01974446274102,Sugarcane,9.040176990142388
65.11578817014447,17.8411519723115,18.94174493527509,36.9264891943692,60.04406087973869,6.132600120026276,90.75679414583935,50.07056413145283,Sugarcane,8.915768788212322
77.07889858832132,21.824298849270644,19.86697491755613,27.94109905440504,64.49665495905997,6.943131694060016,118.01021585019654,76.02185037074992,Sugarcane,8.951894715460398
69.99837194759697,19.117775685107336,18.203634381683717,34.87353730856967,54.96181138892571,6.580016628948383,91.74128075255777,65.03612600603307,Sugarcane,9.2245329393046
76.94605034666166,21.079756735894264,17.952404929941622,28.96127425760738,56.372127164990374,6.9291294175448535,106.46748446048949,77.94379593829026,Sugarcane,8.989206974883055
70.18765969535166,19.120204588517527,18.152152510248865,35.166655954729514,57.33732497376382,6.350622852531591,115.05487833248708,64.80992125632946,Sugarcane,9.018563708506282
64.99057354601761,18.0117558228659,19.100390884301618,37.12151758869644,47.330866053945726,6.638192174776031,87.14330541172772,49.90310994404607,Sugarcane,8.97340258978358
77.92503792505435,23.039373670267327,20.183691512273175,27.912884742552805,62.601365125247376,6.53798471223759,122.35312103385718,76.91245691866082,Sugarcane,9.000720125436937
65.0090850581212,18.034198694075037,19.13366523134948,37.03645783042604,61.96824975201417,5.982516593698112,94.78463770007943,49.88265500308443,Sugarcane,8.974581575164779
77.17521494363949,21.1903113800825,18.094351723974157,29.039198938630587,61.05229574172796,6.14008889449677,80.96884893227963,78.1149894111196,Sugarcane,8.984845231364043
68.02607938047693,21.926082114357182,18.06229409652961,36.96144325692248,60.976969444799,6.063594858100104,82.12582295836225,62.19827693279892,Sugarcane,8.925424853759626
64.98899146540404,18.006029180930476,18.85858558075334,37.11773984836362,58.004280480911795,7.78406166046638,91.09263155102985,50.191875530578514,Sugarcane,8.923215677597256
67.91659277301063,22.08556583027623,18.22387407193291,36.99040070693966,61.80430998535804,5.979006326377923,118.62814908550071,62.07659232211692,Sugarcane,9.099552632839554
64.85334613129812,18.007373058296142,18.849129702808103,37.02620060738461,60.73439332657879,6.081245317700858,140.55623358482296,49.94394466891206,Sugarcane,9.249617957338913
64.86143193051608,18.09346532358544,18.851859712770946,37.02756079905625,60.13582366153546,6.003449259334944,148.79435756349443,50.01635815286421,Sugarcane,8.876570285542686
76.97094806536705,21.065542042899324,17.897081121140694,29.08504686575163,60.508148243517674,6.79854439257086,96.5044744522563,78.01615886520383,Sugarcane,8.97717672623784
64.73912416280908,17.883734356899982,18.898496548804548,37.19515778062582,69.5526412009864,7.03038464171485,109.60043978352434,50.11737688291859,Sugarcane,9.080377846526872
69.98682923326498,19.033647509344934,17.934190732994097,35.10738433448124,57.94217245777851,6.201262865542673,102.55264456849184,65.06340068783605,Sugarcane,9.00471512198541
64.9745628311193,18.00111941983555,18.979988421335094,36.90551675770784,59.65480188162091,6.6078861574842715,93.7994398544267,49.9612178169294,Sugarcane,8.91863112908462
70.10985282715201,19.086108503435952,17.80374435006222,34.94900806339669,59.301317507566914,6.4804874398808545,77.41946586173486,65.11657761312277,Sugarcane,8.987803604940996
64.932841354558,17.995382638800574,19.0590114496353,36.85088109206645,60.357725709203194,6.403596549733322,127.15629499122876,49.96734612701592,Sugarcane,9.109319359138007
76.97734083441021,22.08655215492077,20.02965212740588,27.8654665826091,60.39367199017686,6.650830747909562,132.37193844526158,76.13576400747634,Sugarcane,8.924287111754852
65.00101416866765,18.081100488618308,19.026434376708192,36.97591469327599,54.653693450041246,6.611228083104437,122.92514272100347,50.1040551464317,Sugarcane,9.152661631144188
64.9580426380192,17.876609602343994,18.70387378598557,36.99124762579291,49.03880713805803,6.7062324276416465,103.79012066016683,49.97468209559795,Sugarcane,9.165928515722998
77.03344554513211,20.9458695443508,17.88559466790324,28.973689347698517,52.940191028427535,7.1210684091976155,103.48112304774328,78.05561169285384,Sugarcane,8.95700929686896
76.91519359749417,21.015813951903382,18.08809560095594,28.86255927960227,56.91962714117574,6.457251150396226,105.65665037752696,77.9350336648474,Sugarcane,9.072118636829478
76.94453177510637,21.01799373856439,18.103711947357382,28.975297544637836,62.63965483925193,5.6557180958418165,111.81709167087241,78.069484085663,Sugarcane,9.090892510884334
77.23829633586561,22.008329006273733,19.977607389088067,27.99343875916108,53.13137860895911,7.2893317250379015,123.54149871418097,75.76002947212173,Sugarcane,8.9854167694262
76.93830520464516,21.07589566480866,18.01594978250688,29.09100246361028,52.25320741394078,7.252920685334432,131.5975166493786,77.89706138575163,Sugarcane,9.125199985131012
76.83086192253789,21.774649382669253,20.06947927875921,28.0267580297477,56.5717481566382,6.721844559754177,127.885698553973,76.1029669154594,Sugarcane,9.228923154770236
70.05247906109132,18.882563001616894,17.98036255480405,34.970745062887495,63.99642554097915,6.991104588887748,154.63842994315235,64.94567180126536,Sugarcane,8.958541466265828
64.94549290964648,18.049433528780025,18.9217956862558,37.06594147972009,60.81995340604691,6.816596505507026,115.52027144002764,49.95945606296952,Sugarcane,9.02093106661498
76.92907343742603,21.9330752457712,19.95286813350468,27.85630603807852,66.98122137898967,7.780069335926877,104.59118521317423,76.12835232006523,Sugarcane,8.98345333026579
76.8977699712375,20.85740376311851,17.946019259138556,28.96955110208174,55.532840639431235,7.26258985129947,113.02544228249089,77.81937496308697,Sugarcane,9.095886951377487
64.90495875550738,17.882214340472597,18.875135845300708,37.04280439158095,63.73413913128045,6.493658160064511,123.57044431487752,49.89252273815956,Sugarcane,8.943598670370198
65.07097683638649,18.1137049727855,18.97805686462108,37.05162772251189,61.33654773091765,6.330228832672273,159.2709046387626,50.03487169000308,Sugarcane,8.832716500153909
78.05532534079701,22.83663854403613,19.95525256479461,28.020919158575225,50.672898820395716,6.631319413946255,111.6392595803355,77.11583633458713,Sugarcane,9.012608972534016
76.77427207849917,22.10570868001604,20.001687892156266,28.007497667990336,54.3160777136626,6.140384993498224,121.35430889202091,75.9844520590879,Sugarcane,8.973468004106026
64.92000287692305,17.897605130894988,19.098069850684787,36.8636489503008,57.618593368851336,6.54359974762965,117.15455786028771,49.80922281132917,Sugarcane,9.080214606233415
65.075116739581,17.960191223797608,19.028997546997825,37.04844307898825,57.46961933339901,6.5319049140855565,134.11755550445454,49.94736962737459,Sugarcane,8.939496787578646
64.72504249020903,18.181133283458497,18.967549389355742,37.09868799706608,60.62709223153944,6.452313845477417,134.19712852910558,50.020383730580775,Sugarcane,9.007928032144523
64.96179293931735,18.02845507158287,18.964991334804136,37.04578570155319,64.54936678550985,6.814824887236715,133.55540463144712,49.9036139713874,Sugarcane,8.9595631708207
77.98229853062925,23.05001244936152,20.199118402934506,27.93022317358322,63.84078590124477,6.465224727929046,129.17722257630123,77.00179319652536,Sugarcane,9.199876476350232
68.07895800278793,22.02381623529965,17.938002353212514,36.8423691268826,61.303010275347745,6.200868814399346,109.00012204446311,62.05555450966669,Sugarcane,9.027362084022732
76.92557826104868,21.90318792472225,20.11178977214082,27.978245400702253,60.687339396780615,6.267931278346398,97.13393762898137,75.92413696954432,Sugarcane,8.799729588548205
76.99096036424262,20.812647808014365,18.010210387006527,29.179050417185568,61.16381742561911,6.991933570179311,129.7757630605464,78.07165304865752,Sugarcane,9.24615235065326
68.11456923427527,21.98576072911544,18.024945633575093,37.01066080231283,51.92432532386573,7.011145403778279,124.88262115755703,62.01211140029385,Sugarcane,9.063544035446183
70.19178744728077,18.957153496679904,17.85856804494608,34.94273551753836,60.16787155715101,7.334310630265719,109.51016525745052,65.09020799658792,Sugarcane,9.0139316034887
70.22426249988533,19.06984281397169,17.988559238004576,35.006785249038074,59.30181130255972,6.693422657046426,97.02314724317125,65.0825605823113,Sugarcane,8.933459143146377
67.95369933050499,21.971089501021208,18.03544205351421,37.13816266667266,61.454463034229306,5.971574810728529,118.56343078232253,61.845209049456976,Sugarcane,9.03865870827261
76.99739353568484,21.005087009922715,17.904909134483784,29.050733798533624,48.116802841181105,6.2956398300256735,56.89406341426583,77.96924549842188,Sugarcane,8.93534136883119
70.10567616931593,18.931881072557545,18.02671449371553,35.05041188318276,65.15383069973846,6.628546203857196,109.62412626987488,65.10925694410251,Sugarcane,9.012253777170024
77.99826229515867,23.05629831117073,20.06446687580828,27.998485290664146,57.910588326617216,6.504371816163201,80.22576857830079,76.82791778995639,Sugarcane,9.041814052887942
67.91492399139639,22.17518314124807,18.035878510855103,36.8660404972274,60.31422755179149,6.211591767621252,130.1476533133114,62.07284649355731,Sugarcane,9.088482508431106
64.97073565708297,18.056102418579545,18.912981425090884,36.87914630499641,57.880547218461174,7.170434572538034,115.64535181967456,50.05854116307197,Sugarcane,8.958968221042488
77.02997924200922,21.00777938270307,18.111412890113726,28.89640748207005,55.64960798796959,6.502429633560697,124.2845911625499,77.66778919255643,Sugarcane,8.880388371326916
65.02437834322096,17.94448153440227,18.844755121928998,36.9376802255546,65.14233658257757,6.153669958139206,85.19163958882262,49.77303887791141,Sugarcane,9.003081719937441
77.03457744006002,21.0638127009244,17.93975514631522,29.06172691860428,61.034328040997536,6.501308270772743,131.51462728898386,77.93292467334975,Sugarcane,8.892041204013664
76.92282463229049,20.81886000321967,18.025601495173117,28.974869379541023,56.86211139655236,5.855304757338426,115.59479928193058,77.94996658556892,Sugarcane,9.107175237941933
64.96141752013564,18.05689774724759,19.13048656186613,36.95329906470436,64.36933447798447,6.218900613784759,110.30014881978612,50.08547085424577,Sugarcane,8.999317411428379
68.18178529796982,21.89640568903321,18.04712599267209,37.043688335937006,60.31730758606,6.6074719055982145,98.32177298771765,62.05187773891666,Sugarcane,9.254631573721092
70.09595335501515,18.90537703414596,18.122611611404047,35.0230237248548,65.38620643876084,6.928227939154089,102.48414306179852,64.98461857027607,Sugarcane,8.980198493916786
77.08911075294941,22.134521347298165,19.992871874033163,28.139949472911457,65.63911346270787,5.983824055346453,85.50095935577502,75.83344484966005,Sugarcane,9.03681456499449
77.93554411286273,23.1776194383163,20.02270971704923,28.14715467252238,53.04885424715397,6.938461970907715,123.1614549583578,77.1637734043435,Sugarcane,9.002767303593378
70.04479449430275,19.099320036744118,17.917363396438024,34.87842023351496,55.04398991557692,6.753774489222287,96.48672684086016,64.82127340527744,Sugarcane,8.976471681273871
78.08226378855781,22.952156828157808,19.943152918323907,27.956779034885365,56.08141142614789,5.682046037831441,115.02497229869981,77.07374278307168,Sugarcane,9.14765935928393
65.17347196820883,17.935366183815447,18.8268760490824,37.03891179209796,63.48348396531918,5.96916565380142,110.33682128798502,49.916955014698445,Sugarcane,9.057687191177584
64.93529665104954,17.903682562735092,19.126723689849573,36.89682849149892,58.791112994252,6.772668721161682,125.36026075771103,50.048533595399775,Sugarcane,8.937969110309684
78.10837726338255,22.9799826292627,20.042494742423447,28.03857519879081,55.476562303224945,6.8916859149806475,144.96755745248413,76.95122051129886,Sugarcane,8.933282680204641
77.96187290941984,23.06202255295877,20.023685032442856,27.98566488743865,64.77494422790402,6.5053875818858735,84.67520084717299,77.0755105510405,Sugarcane,9.013542293864903
64.81802157810355,18.066618626438764,19.03879968863924,36.97422070424484,73.85700428389089,7.1472135028274755,63.92911981016703,50.120749731248296,Sugarcane,9.06836616129494
77.13739407528433,22.09388010062737,19.983192462538632,27.988720674983536,64.7260422521217,6.473098878196717,100.64835557903095,75.97688391666215,Sugarcane,9.058836419525456
78.10692087557571,23.124334527421333,19.94462802608434,27.777903098148197,58.4544126904326,6.722098162627621,119.88676304741594,77.03325872071515,Sugarcane,9.235295452194068
67.96283751472112,21.954223425446216,17.919903720955226,36.98556234508048,61.67201905621315,6.0823355722121235,97.44868632020508,61.97650853538899,Sugarcane,9.15429726220018
64.84439758989144,18.348463842864987,19.24264860585253,36.987381595377926,60.792316000955,6.417722543844346,101.42369486804252,50.15378194591947,Sugarcane,8.940554412131048
65.05287762736235,18.014618334406837,19.172673393530182,37.04400131127101,59.51087782151935,6.820101213618635,115.45747095747896,49.78532311242783,Sugarcane,9.084568481323402
64.89444265529166,17.91723733157329,18.8835531361355,37.15466493381821,56.61570466731156,7.0531143676136105,94.18644080725026,50.02490918793111,Sugarcane,9.017416328322868
64.89929979267563,17.95003325392109,19.00602664517156,36.86575910580622,54.071422437543966,6.271243956505631,127.05776926870526,50.17185293670919,Sugarcane,9.02274430463555
68.0173465885572,22.045997856328192,18.29189546995328,36.9963652592276,61.53485693286123,6.411142798686851,119.17687050056198,61.94829547109587,Sugarcane,8.893825750658866
65.26890924167782,18.26931289959164,19.014537071056537,36.98757298991085,58.269794190721406,6.752807965004352,123.1254135015714,49.93206668949409,Sugarcane,8.870163876203465
67.98496894219141,22.03892025490206,17.989615000044413,36.98763950358947,57.2413091424708,6.476027984565206,132.3289457425846,61.99641413068001,Sugarcane,8.90561029764832
76.9794705543621,20.92508566800454,17.93492462779752,29.037417029720167,68.32343516408503,5.911900961967159,99.58305367120256,77.9791586521819,Sugarcane,8.91972558379441
70.15632999855144,19.069294920559177,18.090613360720763,35.10171185223972,52.568395074234864,6.725583557146481,104.35743867860221,64.88323954106787,Sugarcane,9.008655385662497
77.03421077249148,20.95700027843329,18.153096766976077,28.989467475654195,59.90884255071605,5.599661182476559,133.10980904405068,78.02022233213269,Sugarcane,8.800289665469512
69.98826096483955,18.96080366938423,18.061655311714212,35.07501225564581,56.51113575142061,5.691479190476042,96.20170404772115,65.02355493247555,Sugarcane,9.046463410516855
76.93233936825239,21.08762455376817,18.019322312184208,29.103495579497736,59.094527955896204,6.128258661909884,111.8432012869407,78.01603389916944,Sugarcane,9.046879058170438
69.99460172335365,19.110782941102183,17.918739350024346,34.906538229176206,65.7796931798647,5.749104836937771,110.59774497963885,65.05848949953572,Sugarcane,9.06185541763813
64.92225823574522,18.03911294399003,18.87360367753329,37.16189091700555,72.73506758117965,6.481188818236823,121.02559442953444,50.11024437986771,Sugarcane,9.21309873524092
65.10901975617772,17.840755083508046,19.07779569712291,36.921383675737935,62.5125084026045,6.5239848088398595,101.19611998977342,49.977604579505815,Sugarcane,9.018658653058043
64.96390661312785,17.954725135202434,18.826221757587703,37.01080047312247,58.524798071076866,6.396116337756693,125.80550882208055,50.02904054686223,Sugarcane,8.823248002399787
77.01432830303429,20.923316083228617,18.01253399004703,29.07104722137537,57.66169267346084,6.077221427647228,116.04359339746614,77.81417042597201,Sugarcane,9.108191019896807
77.0960459947976,20.90357058255269,18.083218485731468,28.90990800570783,62.78572117815036,7.106041814074452,105.49706305906273,78.00997019707883,Sugarcane,9.003847128973401
69.99596928189665,19.02103891574341,17.89070658064322,34.97415016386282,64.70178028863602,6.58164967735174,88.2013135580763,65.16003046013192,Sugarcane,9.07299842937211
77.97052834009408,23.03312502859512,20.004792433727147,27.930079812264616,66.23764452203088,6.843827769553439,91.16318422834473,77.09851185874231,Sugarcane,8.97395489691522
69.87597514557726,18.86294752762996,17.950568972477317,34.982449127407406,56.98417525837737,6.994801654668008,112.75032636337866,65.05372233895402,Sugarcane,9.0144209540652
78.00243278773812,23.047983262121157,20.07302058337535,28.16511982671445,56.665083693409215,6.342741647076352,129.54387466301282,77.16454332688807,Sugarcane,9.094620162456684
78.15198725666214,22.95966716518833,19.9363964451194,28.064088171393458,50.49291094132232,5.868575940845269,99.99164103395495,76.88427285115264,Sugarcane,9.116904414650348
77.03403781530527,21.82248345839102,19.87039807776623,27.927160861158427,70.73047314322147,6.595489937860355,127.89821638611822,75.83819317682226,Sugarcane,9.024358015206978
69.9611473471691,18.8801948879534,18.107149684240344,34.82108551411448,69.86454139848762,6.348973109738356,123.5078294703092,64.89133547634934,Sugarcane,9.052416152906284
77.11170366222761,22.02888727901001,20.123858947912325,27.919415325060072,61.54133767354839,6.318616366641191,129.4787387140611,75.91399110393334,Sugarcane,9.08479310953753
64.97587845006002,18.009985904712973,18.9236153199825,36.89289350412238,54.77416210267954,6.182252455810216,88.39733471639654,49.92428950938022,Sugarcane,9.078374436535489
77.0268269652968,20.88853829512589,18.036226838722417,28.902017317348257,65.93498806307534,5.8833095604990255,108.90512415844833,77.83830231145126,Sugarcane,8.942079888181489
65.13007627987948,17.913995148459076,18.97396673685217,37.19587359894416,58.13976591294674,7.245738966146158,121.24645352851363,49.84346010151321,Sugarcane,8.982766083026304
69.93350576272034,18.99768906147978,17.88091279550749,34.838489925722484,61.24486205456329,6.370734154220973,114.7172825388817,65.05779658982726,Sugarcane,9.122036528548918
64.94638408332064,18.157711217198603,19.07931687069563,36.93356321243432,60.42550806397246,6.070486990564804,82.26874692835906,49.76040546820239,Sugarcane,9.0165766717386
64.9333511767555,18.096174568176888,18.942434690141123,36.90456925039279,62.41723106017955,6.9017944572221825,123.90534431803435,49.89458863137322,Sugarcane,8.807993882445375
69.8005023717747,18.88249837079182,18.076977155769622,34.92930543948771,65.55167077751305,6.577464168598992,91.25951703361122,65.05076013721353,Sugarcane,9.064934057153982
77.78930249515251,22.77978475891254,20.0652165320164,27.890446676555836,68.71445772673125,6.542714636456308,99.55233891651774,77.13547594480956,Sugarcane,8.8150802295702
78.0155822051834,23.038407420806827,20.005146787929608,27.939419985338148,55.515913201010086,7.007413561977603,85.97635722703313,77.18809854018276,Sugarcane,8.883602742268303
68.05725513021918,21.975594195181703,18.105859557095275,36.99640460866368,60.52687200373614,6.4673239834032765,105.12127048738924,62.04916902814156,Sugarcane,9.200236616982313
77.00836917336682,20.92511710936742,18.055950054188926,28.989418358372205,58.84345741745464,6.4138134408278695,123.62684025523274,77.86125977108385,Sugarcane,8.985963896524234
65.07263504408523,18.027010216708884,19.09046957524741,36.811908601356265,71.28911036148125,6.953784251638118,109.60673300531707,49.819718727056426,Sugarcane,9.047032963989508
64.92284518171321,18.012631768326422,18.9191784800164,36.94355329472075,58.96067715950198,5.917533562035675,107.98595893025771,49.91148923281432,Sugarcane,9.010986032006194
78.05402808634304,22.90601925861893,19.92564287822629,28.07678945884684,59.46637835350045,6.969285679329634,133.9306283587665,76.99275665106215,Sugarcane,8.993560250327153
64.94863611547203,17.988387252483363,19.00029411054728,36.96702875734483,59.445856036420096,6.923479548177678,137.22266354527096,49.84745847120388,Sugarcane,9.000539249232697
64.9970824283207,17.804883744064245,18.769348280419116,37.02969962273458,54.39949191345349,5.800531813891058,126.69075966114389,49.93445552178744,Sugarcane,9.000923948217654
77.92689232834087,22.891485874894272,19.97698911500736,28.055427469100987,63.15806079593408,7.62083122343722,140.5054607137657,77.1072311032028,Sugarcane,9.278521266237457
68.17735455619305,21.972742659720847,18.173569947558125,37.00902190614909,50.03062800916506,5.962248948371107,127.53215467171573,61.94067823703005,Sugarcane,9.026461076199515
69.87892862344133,18.77425878486706,17.94819259825458,34.87243702377084,56.53696740716917,7.297083971515004,86.43363896835419,65.12342385444113,Sugarcane,8.971651867986985
64.8710389998814,18.019036577033923,18.97616657628196,37.10371173250392,56.88991359292183,7.005026055341059,101.32679289600448,50.10721834935925,Sugarcane,9.048545876946068
76.91367945483888,21.13653689392284,18.04698873847525,28.994030246920897,59.48947366298827,6.693926399164395,72.9014031129076,77.89892185243504,Sugarcane,8.9566036641009
78.01505584178194,23.04501695998732,19.954540713013422,27.9436119337443,65.57081047065795,6.380847460067248,130.95862084649048,77.12907078278282,Sugarcane,9.011789306508946
69.90473972402015,18.982876929757506,17.939372896164816,34.94608697281307,54.52507123261792,6.70221978520623,131.47895376553424,64.9701055888586,Sugarcane,9.07836526254272
64.72647478449798,17.99727239137867,18.822848736607124,36.8458831861956,59.424475125158644,6.0695284633189805,117.6294895306215,50.03446927005082,Sugarcane,9.011307369076356
76.9695604799155,20.93437349607808,17.96454275396296,28.828856761230863,53.03846289680704,6.177505094187356,91.22347629719779,78.08303044011099,Sugarcane,9.047748197043257
76.8492507203187,20.890620507965878,18.11855899424033,28.74797135281981,66.00673102268739,7.338064442692462,144.9245890757566,78.15830869679183,Sugarcane,9.039373927873893
77.00430467351931,22.148137973313258,20.05632336417112,27.847001678454976,58.09267669875201,6.222568549014389,113.74030990284183,75.94863050317286,Sugarcane,8.764590825308114
77.14772527146516,22.014300412621733,19.95323483567816,28.19113553765149,52.91432973855966,5.829055003674482,74.21008131561882,76.10579548793274,Sugarcane,9.017027046669025
64.91956327077914,18.1318860492092,18.86476283779457,37.12550050538171,62.924553939168746,6.185445669455487,104.6437905325226,50.09771467782292,Sugarcane,9.100267319236076
64.94191740382922,18.08169054184213,19.08249949216115,37.108484121332005,64.10105401009194,6.554853269586649,73.0988106481133,50.18428269892774,Sugarcane,9.032094897641883
64.99239499547375,18.110086616651504,19.259838769748335,36.85898989759362,55.90263526793314,6.226570223534699,121.88781486570528,50.01216523491019,Sugarcane,8.857993420537818
68.15022512162926,21.98036061543298,18.049805219746883,36.99123594380107,61.27268623216203,5.954513003518374,129.11340135251734,62.1646083096894,Sugarcane,9.08272860236129
78.00673317223219,22.84530434500224,20.0585552601827,27.99921320253894,63.65469781552671,6.928376505233438,147.49959484873926,76.98362907881169,Sugarcane,8.9265023940692
64.86465259283952,18.109460902726312,18.984041024049105,36.94737922587163,45.465508831336734,6.369757484688578,127.84969358312892,50.08931622736679,Sugarcane,9.012024780596096
76.92005918287263,21.13504676306179,17.979000341130188,28.90160440609866,62.10525543732999,6.455834950609912,59.74097176385869,78.05876120622003,Sugarcane,8.93591938458068
69.83657923217227,19.09927949686811,18.10194765764206,35.004711386137565,61.48171546085196,5.111854571785738,99.75513968621621,65.11038564900014,Sugarcane,8.95130655442608
64.96161575676352,18.062005977560187,18.93525803906879,36.97270455242429,57.58946092533123,7.144749028937245,108.84311884704357,49.98484985610824,Sugarcane,8.919236378646755
64.95031400819114,17.968757722870972,19.041133829072425,37.15568076105349,52.65173534910208,7.017351433174362,105.23363521484995,50.06561087995517,Sugarcane,9.070615674244197
77.9889097977307,23.173287718377185,20.075999607750635,28.05179579515966,52.07915690833198,6.320053891087008,140.92221905817254,77.04903904721553,Sugarcane,9.040024208018462
77.11478579744788,20.884189984871483,17.985432737623547,29.24635965440032,59.1646884789416,7.183099418246048,80.41695360646345,77.90494770406382,Sugarcane,8.904782506705622
69.90521801399977,18.986286059053587,17.842375500543568,34.86153300419962,63.48938236297741,6.075225467153907,142.39421747764936,65.06383426693142,Sugarcane,8.993308551853268
65.00419443829091,18.02231910091317,19.04068001441775,36.85513763843458,66.32527190827562,6.868588815066287,91.76990864939839,49.92361523104837,Sugarcane,9.21408759277032
67.96150619460109,22.143652061148124,18.017315183925,37.18509721459332,70.9163749740097,5.521648621581692,109.67410683888778,61.89766755013708,Sugarcane,9.044774712826914
65.039579615801,17.987569607117717,19.071235535908567,37.2087913610669,60.92769597167094,5.903839492495931,131.47352461986583,49.92400350429512,Sugarcane,9.195587707553075
68.08608805532467,21.90861447646762,17.878911939174227,37.06654748137216,61.12618393256833,6.69269443949433,101.07828192203799,61.92343755499189,Sugarcane,9.009323973870668
76.88020855256056,21.0882421968396,17.891069057682444,28.78054651258257,58.93557393955512,6.1482338020941425,123.12047739156337,78.11661935134101,Sugarcane,8.858295610056159
65.19526836140332,18.041682004261222,18.995197801117577,37.08132015428414,55.0464882937852,7.006946524108823,107.99390594556854,49.97013155782311,Sugarcane,8.943792545588122
76.98754956068339,21.973144134675387,20.019619694767417,27.98308095556885,66.18647423188648,6.648519373991233,139.47496854134732,75.81081966083495,Sugarcane,8.920427616538335
69.82517663140428,19.00207472700121,17.772213380942862,34.96586750176706,62.42727338124183,6.879907952492665,119.8896503526044,64.92060863814822,Sugarcane,8.955040124353975
70.0373051015876,19.078479735064693,17.877440999218287,35.066011043229665,49.519911848500826,7.277906762793788,105.55734577241692,64.88819975601949,Sugarcane,8.94417991786559
77.96528710297167,22.948931853613985,19.991571544636912,27.96841688117168,61.88980694353689,6.629030128468997,127.619396014393,76.97124090816949,Sugarcane,8.917119889111762
78.00565191112666,23.090798603711104,19.945923457502023,27.86571775182673,56.66164242034404,6.286352565624172,69.30249220464252,76.88024294978297,Sugarcane,8.999193343993653
77.04380550216544,21.82575104490991,19.935003344456224,27.84071096541697,58.35416224993839,6.8689836224885665,115.07094966187798,76.06993740383186,Sugarcane,9.016527101027902
69.90378558353328,18.948145932607293,18.062420756435458,34.957545143213494,59.694219899738954,6.835744599743837,74.33192724203825,64.97311023956718,Sugarcane,8.894289959978522
65.00151008357426,18.008556468188086,19.09342519548084,37.01938704531044,59.93712911660974,5.681119208125033,135.014480174394,50.04612174685875,Sugarcane,8.855696088652136
68.02434162836347,22.16285550013681,18.140626141948005,37.31462099441018,68.34778215292354,6.799200933368399,98.49567527700741,62.039916185377294,Sugarcane,9.010100526541736
64.82878265560723,17.946986522171333,19.02920421294705,36.84424171970717,63.74813639134172,6.515237325311293,99.58884095388869,50.1236132634172,Sugarcane,9.01619894469608
77.0555861105489,21.83196828295658,20.03152587659431,27.991164745942747,69.86871588500237,7.11968053261012,127.88432914010386,76.09395767749388,Sugarcane,8.910630456420588
65.13949561586402,17.915251441777045,19.08410920910682,37.03155494388453,59.86984202338071,6.454720533067655,89.05296680576406,49.81414798382112,Sugarcane,8.850667111218508
64.95457916015802,17.869265281948895,18.96357501099028,37.07175523855724,64.4923096105668,5.925766666720407,119.5040469111372,49.94371456788505,Sugarcane,9.203543791520213
65.15187035048982,18.126844205867844,19.252930307834145,36.95649056844851,54.7475783701212,6.865227083358282,110.1882524185075,50.02207046781167,Sugarcane,8.895172066997162
76.9982073086277,22.038094351085128,19.931759558779717,27.84582197615856,61.274828754154896,6.908494902919287,107.31088192623375,76.02042000009332,Sugarcane,9.055141149735098
64.92721917305005,17.93319845334101,19.084933204527424,37.06014384367342,58.432147765908304,6.170160049531189,109.90599432108075,50.12208164710766,Sugarcane,9.082128499276658
65.02488014741628,18.001336989187823,18.93576611686469,37.00465317009738,67.69831131193476,6.139605417982515,123.14612842700988,50.11009765157051,Sugarcane,9.128535080822695
65.34793958612433,18.18724541774925,18.98798487119445,36.9757218729019,66.3012483672515,7.387213486205816,82.26243112788764,50.11114143094581,Sugarcane,9.005533816256158
70.00447978165613,19.108807856470797,18.01381116457373,35.212568551655224,56.13246865587333,6.082521491643143,186.35342442556603,65.03993742482582,Sugarcane,8.749229671544654
64.94484530855158,17.96166666346053,19.12390927077241,37.06316920069138,66.51663511910589,5.780498732086534,118.36029665674135,49.895067094057445,Sugarcane,9.071931804603167
77.98397445940097,23.16998673601244,19.9857503217385,28.07111086390982,52.567880663815714,6.865157188320926,93.44087475994864,77.06705515824245,Sugarcane,8.948056799283297
69.88297456718904,18.96613880361831,18.0750393077006,35.087545870956674,63.032648783144346,7.019880314864733,74.8739115985153,65.14815118791093,Sugarcane,8.984725927578845
64.97153017144772,18.13237059574716,19.116588380826258,36.92275423188432,58.98196591908738,6.435295932060108,112.61366029154398,50.07750591550534,Sugarcane,8.902802398180484
68.05796309799366,22.00893336529528,18.025738705482613,36.92377627557636,58.60783134403817,5.5182073934012745,116.92069764128651,62.06958986847357,Sugarcane,9.167377361813
77.09809643586719,20.9565119317501,18.111091287518192,28.906538224585297,61.564923596904826,6.4916265655187955,135.36064588250971,77.98438590361708,Sugarcane,9.088426313259411
76.92824092181927,21.047830216892464,17.90761675664327,29.01959730265923,67.25217956151423,7.884847836033444,119.71512398755823,77.92115117164381,Sugarcane,9.108722982206642
77.01533621978075,21.986814672603256,19.9221268055466,28.140667577685164,57.29450317254461,6.477365728503582,124.99796989844721,76.03886320570115,Sugarcane,8.939790266025945
65.09643588025533,18.12705433240709,19.090651868072555,37.04307357763727,60.976854835209096,6.595391126949478,96.05864346319031,50.05260602716912,Sugarcane,8.88706167265136
65.17735338330574,17.824781393825333,19.0720523212172,37.00535555275491,57.6320668215889,5.813458392944796,114.60382941652213,50.06450143265187,Sugarcane,9.04304336806925
64.8843146751817,17.829909665214846,19.02593659277709,36.96853699104648,56.14599413676615,7.10689720681477,103.16035317875864,49.92000333894103,Sugarcane,9.059307395156894
77.07428307057137,21.875532716158425,20.103164689648253,28.124970288997183,55.65529314914175,5.976876930598364,107.79684658047225,76.11763982104323,Sugarcane,9.003233864274272
67.98349540645182,21.624095671078138,18.147079297058912,36.99064204780756,64.28171601224477,7.753176783053946,71.93872249384027,62.087459412803184,Sugarcane,9.191366290252676
64.9646848280436,18.11679235389124,18.90304055965789,36.879298735180754,57.15959617738009,6.9943322051342625,78.75187306262848,49.98535009832335,Sugarcane,8.99703622491084
76.93138303334143,21.96566666288557,19.97836619661546,28.100278673230243,55.46622871325539,6.610317457839991,108.68318267872624,76.0885490010169,Sugarcane,8.951756227566356
76.9211961717044,20.981729428960463,18.1314223129971,28.927367726337994,51.99411447844441,6.115682029685151,111.2807832874048,78.01018709814825,Sugarcane,9.006236701920578
77.90409716893865,23.254005455273663,20.087663370387077,27.829755402780798,64.98972273069849,6.196981256393094,133.8256193825006,76.99681277513083,Sugarcane,8.833175771721013
65.07151456527299,18.176827564538023,19.05651225491333,36.87569713073064,62.99124309892533,5.373651190990919,92.8785931355504,49.91308106690692,Sugarcane,9.05163948678109
65.12205397856181,17.888178446864384,18.93018046917849,37.05302715566124,59.885633203461964,6.783429751815212,84.63148503942526,50.03846001805415,Sugarcane,8.885394052978887
65.07017981831095,17.807961791963834,18.933250383672146,37.07021097576081,62.77817677602515,6.113517780481368,132.57470600924918,50.04082318856932,Sugarcane,9.12555667608045
77.07610086633213,22.060269755707136,19.852778200366014,27.99786550153237,66.87050202707432,6.499127332996727,80.48197980894817,75.97185674687854,Sugarcane,8.993108596302767
77.99317660718494,23.155827017240323,20.182899955170715,27.801880829184466,55.88985101939451,6.495522858733737,144.0309489230488,76.93878130098841,Sugarcane,9.061637731325868
65.09642484212132,18.06999773872633,19.079698232585837,37.02896759122187,50.04879628586725,7.462506071121906,129.83961719618787,50.08214759757004,Sugarcane,8.950275696508253
65.13322692137714,17.972486593256527,18.87705904716334,37.11302195831124,62.80483309230391,6.737195503930475,123.72164459150525,50.06721391393131,Sugarcane,9.11657722567411
74.0,22.0,16.0,34.0,63.23674015519351,5.6972902328374975,95.8548353786349,70.0,Sugarcane,10.0
73.0,23.0,20.0,29.0,64.6185098451461,6.000640147069362,136.88486678169815,73.0,Sugarcane,10.0
70.0,22.0,18.0,24.0,63.86754852376643,6.637155882541113,111.68082637311663,70.0,Sugarcane,10.0
73.0,21.0,19.0,29.0,57.22250814588917,6.861798199869526,141.43428585823773,72.0,Tomato,10.0
73.0,23.0,20.0,29.0,53.154864877123806,6.162634457338741,57.51340346828421,73.0,Tomato,10.0
70.0,22.0,18.0,24.0,57.514334370672,6.782322316726056,120.59214907884751,70.0,Tomato,10.0
75.0,22.0,19.0,29.0,66.96510886263026,6.057748791580587,90.87570556232924,77.0,Tomato,10.0
78.0,22.0,19.0,27.0,58.87576977855815,7.823481936732369,102.14359216852878,78.0,Tomato,10.0
77.0,23.0,19.0,28.0,65.51021221056058,6.637324937000743,83.27605445870941,79.0,Tomato,10.0
77.0,23.0,19.0,29.0,63.281823082622665,7.088560830610997,100.67544693825151,75.0,Tomato,10.0
76.0,22.0,19.0,28.0,61.2799957784647,6.331791956053987,106.59619628170961,77.0,Tomato,10.0
70.0,22.0,19.0,28.0,55.30715277537045,5.705940288442371,127.97516039495335,70.0,Tomato,10.0
76.0,22.0,19.0,28.0,59.684826402623536,6.304248312564223,50.97261721968363,77.0,Tomato,10.0
70.12479930847337,22.07819810333693,17.904868152124337,23.965654750460452,62.91955784988773,5.590071514559314,118.73037964641559,70.03463909011502,Tomato,9.861259122947294
73.19788871104097,23.030898111944985,19.841806704480955,29.10238290380125,60.177129529369836,6.165448871747663,100.60475035606743,73.16027623201835,Tomato,9.929627031737592
76.04131158410203,21.85407480866146,19.120490667869227,28.024001873686174,71.50863357411322,6.719292896866946,140.55043241733634,76.9358278168003,Tomato,10.045427774905557
78.00747838978477,21.96286749312046,18.94207416701671,26.917799537613625,58.28760575639089,6.567951283657797,115.22016952212573,78.05832591205238,Tomato,10.219182032475151
69.9298222043793,21.97903413187053,19.10903233539628,27.962305741979996,58.43528937315678,6.584476475714299,106.82419287159135,69.97005795871954,Tomato,10.228055857674253
75.04750907613897,21.945749167201942,19.067010917910025,28.99220049673908,60.86492612260731,6.001762462693748,101.81723190787389,76.92724785750534,Tomato,9.746508488400387
69.95957179896853,21.83379563148865,18.834328551989344,28.07871322444971,58.48223378375169,6.149823719724921,131.02437926506747,69.99997646205048,Tomato,9.888511491193238
73.7041817746952,22.12535463466259,16.158178782837336,33.84544693615073,57.70127362195995,6.365317750677223,98.03888199196138,69.89926661091066,Tomato,9.914560696317272
76.0909139449109,22.038398818830466,18.974582484713444,28.086312437045905,69.42024011552328,5.729331395278231,112.3352653266446,76.85739907420147,Tomato,9.950799770553106
75.9347086367046,21.91604493011799,19.1079291722789,27.944337938414613,55.29001238920416,6.671093639818996,147.18944523346107,76.97508110188761,Tomato,10.051190092853124
69.82204338804091,22.04516593114809,18.084247299570013,24.07958538102132,58.805233757354344,6.473325735072293,92.9402363099016,70.03537591463521,Tomato,9.937499427701598
73.03776759575287,22.910025206533867,20.110064764869293,28.88266105778999,52.92640078897923,6.27645849383167,144.09876447020486,72.8699635599139,Tomato,9.860564787437076
73.08924016637576,23.166024564549517,20.05559200848652,29.06903797427097,59.063410376357595,5.050129349400663,135.43197944031778,72.80848939152767,Tomato,10.012287323802257
73.99687773855013,21.963428730796217,16.07087763944037,33.92515078331039,60.19080459549746,7.3756339437447425,146.08555814420842,70.26947044360409,Tomato,10.011999712384137
76.16750735489943,22.09313402042892,18.905811479501647,27.89361240468198,60.79537799392582,7.08129932415506,71.05363982639912,76.88509207370082,Tomato,9.99043449584923
76.89297313463452,22.90905743416452,19.182617854355325,28.94615543163226,69.65677385808358,6.2274638269926905,105.88051218609763,75.00195838608298,Tomato,10.213079833013175
70.11507481420797,22.116447165840384,18.094415465486197,23.883655630163435,55.24879345380501,6.637706921097981,114.50408159919087,70.01186372299463,Tomato,9.939439838532474
76.91042861213354,23.00872578404879,19.27691343005048,28.85932718028208,52.66429584962986,6.446183829023767,97.63067678916332,75.16429868064829,Tomato,9.976011103086968
70.05461430877567,22.015024244627696,18.92265253715592,28.13309338488048,56.28306963100235,5.9603339175794305,132.64340996920924,70.0806336635863,Tomato,10.0883955749283
74.95556865461413,21.986860733325944,19.021504851243428,28.971885393834054,67.3262030143084,6.330151571200625,116.57102775296724,77.10905886654753,Tomato,9.945913411994814
73.16637887300142,21.015244873017668,19.080498506414035,28.882183701999136,62.150614803811024,5.4846766250237255,141.63465544716055,71.94487044086011,Tomato,10.111220079195377
72.92642325677642,22.929820867355804,20.082612055967296,29.102707781586208,51.657233132444084,6.78290782036044,110.44630292624977,72.90754133776521,Tomato,10.04268719879566
75.06794953777253,21.998240236825453,18.94116847916283,29.175077484790368,58.97164537926358,6.913710084250421,109.63923191762129,77.10674524519548,Tomato,10.074883670100489
70.01480815524198,21.827384771562222,18.14433796822663,24.06394857535937,51.763912511073414,6.476434131919853,108.57657932797119,70.10596353383337,Tomato,9.926758091124544
69.96673790077107,22.02200374324737,18.81174774125401,28.045279094386316,59.093119370023096,5.791385752069095,104.67994902481591,70.0039222588747,Tomato,10.044350941765334
75.99262700414936,21.865870372259423,19.136351652050557,28.117962618929617,67.28989655748309,7.186147578539804,119.69012936504362,76.87115623053502,Tomato,9.973813310608508
72.98133116674174,23.157917528086926,19.9900754994197,29.02550123508952,55.205030011343496,6.216694416436131,103.611577867879,72.91522507173636,Tomato,9.906990014361869
69.93301367603914,21.94322097428026,17.95553818342956,24.11893012490581,67.42380300893389,6.77753544015947,119.13924883588376,70.00362375757994,Tomato,9.897039200654357
72.97179659239234,22.960775685756605,19.972156251588466,28.88714706015423,55.22021124988794,7.9094864099979265,101.72164473620131,72.95057126368138,Tomato,9.899946225173156
72.96042838002592,23.000732788622937,20.010638429882977,29.09556019924418,58.9111991787578,6.066060244467751,131.81155975210473,72.91961727489922,Tomato,10.058924387644913
73.03558041774369,23.057471560191065,20.114762155485018,29.01412979286016,71.35700573328785,6.2806407853605135,103.21655193465159,73.0962194977608,Tomato,9.97063368450014
77.07686493028065,22.828346292590197,19.09699541600357,28.038446871833976,64.22573063722184,6.170604431921226,98.94690874716568,79.05788609589884,Tomato,9.945538166866184
74.99752757922975,21.839416896475843,18.95015895951378,29.08215152683246,68.65201093307502,6.316796157533872,136.63459357592734,77.04251786603176,Tomato,10.143074549553132
72.88238032870942,22.818014750560504,19.86927189237184,29.01254766359319,53.63761895872767,7.176129854721353,116.74342475943659,73.1058237424742,Tomato,9.99570336641628
73.2002220205781,22.83154436383038,19.950611970185328,28.718533149537397,55.81992739293556,6.570189904678308,126.40020807675802,73.02235738889486,Tomato,10.055898342089856
76.06643924282847,22.023064502736528,18.82486343389094,27.97800499217601,62.86166297057349,6.829297414738002,118.86047031076615,77.06167802330253,Tomato,9.856782280812348
69.88898779393197,21.88500818672204,19.16299907295193,27.99463934682624,58.682319539465055,6.429514078210089,80.55353980754023,70.07577071273688,Tomato,9.879268853236074
73.17276838903031,20.97833618324776,19.045839696861027,29.048181845024704,51.348155205949595,6.730768886055388,89.7541551904199,72.05848712810308,Tomato,9.802003572656387
77.84971761369594,21.886010581179665,18.896081490942407,27.03657403040352,57.69015678890362,5.984731375322993,97.90438236839346,78.11388301409309,Tomato,9.991078936448702
77.00623700999694,23.08888705731404,18.870884328938832,28.977235821596565,52.62910773067898,6.980408712840714,137.68366619990007,74.97759369715345,Tomato,9.936936536600165
72.97955492571378,22.95144349677933,19.926822146598063,28.96103915939065,55.44070415485313,6.211317678246086,118.73376056357287,73.062780562907,Tomato,9.84740903108916
77.09610264075296,22.980879403533844,18.989230799083533,28.04310252729393,61.437114236366774,6.030409360560293,128.44516271381775,78.97029041765992,Tomato,9.86953861352291
73.39321926910442,20.940345334442515,19.109267561588297,29.083123626995462,61.24716144242683,6.350095462394086,136.38000336374276,71.91321763448352,Tomato,9.95155768879761
72.99186898052365,22.820812428913857,20.1054073696965,28.90420587873613,53.68195183740053,6.054455669181364,112.81135646811131,72.83331558075768,Tomato,9.980294332961298
77.01303590498019,23.11642939679925,19.083934787562256,29.028874837718345,63.699112093554525,5.863894606713106,127.14618298653792,74.9488660582729,Tomato,10.127742077154965
75.88229044838148,21.98425501041622,18.992972959186886,27.921492174632935,58.2063269642693,6.25074074552734,96.11056694869171,77.01966860164194,Tomato,10.164882213866669
72.9198575949149,20.92206137434753,19.1094963371079,28.97194103774754,63.65808205375326,6.873692281214555,109.01012371163975,72.09820492657815,Tomato,10.02560519296584
74.07107602973949,22.09395989535804,16.12133858095272,33.962368222469216,59.9401064489552,6.200770550932801,60.701725483412986,70.04527125537672,Tomato,9.9852884211035
75.93723457721869,22.10083886789349,19.23843816761072,28.0466881354085,57.172594420752034,6.581813151451917,86.15346027366058,77.16319939360008,Tomato,10.106663102116029
72.95935092529592,23.00575998608568,19.84738662613293,29.0298244720258,51.2498977456314,6.842621627792105,92.36178596802925,72.7867608902018,Tomato,9.870320178248
72.9333414503016,20.93182453551712,19.056462986433583,28.920807394704333,60.03653171210527,6.280904843343896,149.86566606421155,72.03242935127733,Tomato,10.143284084444996
69.94974288597574,22.18210666822768,18.06099194748631,24.166843793936973,68.46540805372307,7.298805045613308,110.16506219089321,70.07374419059192,Tomato,9.945340605620675
76.97565051192001,22.967019892808107,18.939338182817924,28.848523847231675,58.4267638634482,5.705279723805119,93.28726494376984,75.07539360796163,Tomato,10.183129572430213
78.24682130688855,21.934419684199952,18.93397265622859,26.883023640837195,52.16444144838153,6.3597942192351145,129.84916799194565,77.98421974654187,Tomato,9.881137348044792
69.96487229463423,22.208195238180007,18.004722708688764,23.901792275399355,65.76925235052309,5.653901802944841,102.2568632871389,69.94976206059253,Tomato,10.03567039660397
76.973799963728,22.86021410418677,19.09650002871643,28.05861467372912,57.17839005581279,6.218453075602782,64.32996570402301,79.09578352509713,Tomato,10.196075410584005
73.20414087055153,22.909402894975187,20.232643234919863,29.01870216741163,56.36947290501389,7.29019057940583,98.24994083517613,73.08846190486966,Tomato,10.10457443559383
77.81453217260822,22.08735075428326,18.88123511316033,27.10059863661623,52.29944463072703,7.2908654727241435,120.11281236359598,77.90433039114224,Tomato,9.948800209030514
76.06822371842907,22.046993435971228,18.98822303564125,27.98021074274677,55.30308830704043,7.023500845227918,92.80760334055944,76.96234709473208,Tomato,10.044394044740049
72.90327344367249,23.18442770688097,19.99136319476364,28.83931854572955,70.16382611273491,7.018339379318866,91.13681962247466,72.88543185384222,Tomato,10.085149408830503
76.9805180714313,23.01463880544602,19.12271025943768,28.00236382259485,65.34223987125621,6.487055301794246,111.38926263722908,79.15300326868929,Tomato,9.84885053641507
70.05591877426906,21.904360793260448,19.016797879523924,27.979200642175066,59.135237147066015,6.9982300318036135,114.49195595253497,70.18466116313957,Tomato,9.97814911830266
73.01767713679975,23.1199883901602,20.052581365882965,28.893149518837493,60.70097640300335,5.307105153416613,100.47817726064149,72.97485953927534,Tomato,9.8774893477013
69.8804321058867,21.84402972856952,18.790107342904065,28.151169632598585,60.41749940779364,5.609168490340424,107.1902919813828,69.96839895239557,Tomato,10.132935218863215
74.9255953113357,22.001098382459038,19.009956987965715,29.098325146161237,63.71065562490877,6.839776315273781,102.27669278262321,77.00784712205174,Tomato,9.930424549273006
72.92400660880865,22.885309845719835,19.95431443274992,28.800528624715657,55.05683345376795,6.977911100495216,84.36183125415619,72.83438586874875,Tomato,10.007042177600953
76.13321535115325,21.90121579446846,19.167696801899165,27.790870980206066,67.07396556375058,6.404258819792896,100.05679338785859,76.8862824788506,Tomato,9.878156657711813
73.03179733866868,22.95146402115621,20.080222405684147,28.84694479976425,62.567680967912594,6.187488606577958,117.93775112017072,72.89376944433039,Tomato,9.892626727753385
69.98480730989982,21.95949038000802,18.003996247528423,23.98465445133531,64.77582138007091,6.503029775990699,108.84300018497001,70.08937032177924,Tomato,9.80526824234533
76.07922570058261,22.080759416319317,19.08697746981005,27.73992538653976,62.813237231479214,6.354719269459096,116.03873447508278,76.9385767008343,Tomato,10.011307272107196
76.84557666055504,22.963187057245243,18.91798665728938,29.065458592026896,66.77499685897881,6.787741161356877,141.3552117910535,75.00265039126812,Tomato,10.235329232265858
77.05404697986604,22.903115096301853,19.027595150467384,27.895258598636016,56.349716554409554,6.081817412860262,102.89487967542846,78.93214333570567,Tomato,9.885598150987374
75.845323215689,21.919123537405437,19.116116515227297,27.93507131881969,50.92308699557304,7.01147829502235,110.64012414951321,77.05951223546069,Tomato,9.97492689498664
77.0409028586406,22.93241131274824,18.95769753833469,28.06811931587101,53.67459949959164,6.685453295251213,120.16470757420421,78.94908338596359,Tomato,9.97631643058293
73.16636787541728,22.88519366623712,20.038154681567843,28.99805144492569,61.806180367092296,6.2181248317464775,97.50818714105202,73.16877894443284,Tomato,10.02698647907918
76.07419747745875,22.084824994161597,19.110151753930943,27.8257174828011,62.71906901755871,6.344849112803888,109.35763558455798,77.11986173593131,Tomato,10.192408043572774
73.98052806663375,21.912167002221363,16.12351122321346,34.049531682866295,59.88525246960984,6.576732427935509,96.74488966844851,69.94959529440004,Tomato,10.030942660993553
75.98729590735016,21.89324629080876,19.08753241507755,27.912310926588777,65.52317880269926,6.754013313221801,122.04982023442314,77.06144764473417,Tomato,9.963533434209229
70.05707604117447,21.98857918423713,18.117136851780668,24.168633550191736,65.13742209508933,6.297133517945156,141.05985516355105,69.90142536090562,Tomato,9.96148110812159
77.86903470694303,21.954938086340952,18.78345630716704,27.06213084369956,59.22111017960738,5.843933558820607,103.59831110495405,77.93018382194468,Tomato,10.06198204786126
69.93159289519829,22.1147256468807,18.226789291489563,23.89335794640858,61.52363780253658,7.101775866793798,95.66223998996969,70.05576076128409,Tomato,9.90101988566262
72.77585390369924,22.99804497984238,19.92315264459361,28.771394292317662,58.6123305327588,6.1457364624323,79.6055276458012,72.95092060614068,Tomato,9.98222718155631
77.0810223642182,22.977107759958297,18.9740975463553,28.86481220982933,49.22433760659007,5.200968884324506,96.27182637803948,75.03456485713521,Tomato,10.069031708227431
75.84904134270194,22.042352751346645,19.144270131219727,28.038027860449667,48.13312139667702,6.238589668795352,102.12651465403641,76.89718313619856,Tomato,10.03474734086887
70.06313885010813,22.0439867893196,17.968904341438705,24.01590061301694,52.81251865028724,6.807337814870432,108.28979443169023,70.124032029168,Tomato,10.06241927611293
76.99765187429867,23.022484939307844,18.96062020151501,28.962355114456816,66.68899674065904,5.854943578732077,97.79999805495756,75.02097236274746,Tomato,9.89677984574869
73.05383348051828,20.981332931334197,19.13999428656146,29.0678661150152,64.75494182406403,6.485613705391825,109.68984599856934,72.10322533924577,Tomato,9.847857558730311
77.90973860016214,21.86001970266777,18.92622568270789,27.04048922113099,57.07847575299781,6.459109796208886,104.37111506938605,77.92543827121595,Tomato,10.105133388663855
77.00418595567058,23.023212541584936,18.90956905981974,28.04835487606723,61.61814266372627,6.485084316933918,118.70324795854567,79.01794811769815,Tomato,10.1622643959683
76.93421697162147,22.99851552186323,18.867980248729104,28.97138170528308,53.63048225725959,6.037436302582727,113.93070394860742,74.9499301827776,Tomato,9.85063910462264
72.83329407837479,21.128111352314964,18.98094781927931,28.854954557442245,59.860261453868716,5.928571250341934,125.5448167246517,72.02739147132945,Tomato,9.977303582104836
74.88619539911068,21.945837447384083,18.95698654189229,28.90678079467288,58.37734499591472,6.67877620732927,108.74980677260615,76.96097969638402,Tomato,10.157746884052337
76.83026253463272,23.07677224500097,19.001698786351728,29.222035545995865,47.55933771215282,5.725337614963607,81.86410948711831,75.25538252288383,Tomato,10.054120842666707
72.85312319881614,22.91968917083033,19.935464286414746,29.022514457711114,68.79334205674807,6.411711490317633,113.07046938429971,73.02792100137138,Tomato,10.071239325605472
73.2341651243814,21.017285563228363,19.163277831596087,29.06460627979603,58.2732429911606,7.064645788350339,79.55461201078232,71.97799959326804,Tomato,9.884657380368974
73.0144831514992,20.970352913900424,18.899397414932185,29.31190165936676,59.00078099626345,6.479075471337734,110.75751316790704,72.08969763332536,Tomato,9.880630796455575
69.90532387367689,22.06684664846349,18.02051742573657,24.138053447927376,59.937301563577776,6.504442707786449,107.58027413237426,69.89321036056427,Tomato,9.962595046294512
72.97601498821469,23.06384342012528,20.03565143626618,29.008237303081557,62.8433743993343,5.620643627796415,136.73048699888457,72.91855303180131,Tomato,9.73816833522902
72.91858503888783,22.988421334069336,20.104841839234147,28.941354020543734,66.0047588369338,5.986522820928503,116.48517789162264,72.98899731907424,Tomato,10.023066083300986
73.11838665968038,21.24501971068953,18.962606100074566,28.92848058603372,72.16676282744993,6.0733649219202315,91.22326997051657,71.8471928682166,Tomato,9.910586301318112
77.8008976247957,22.05225761365529,19.041669087969662,27.089854353183966,62.49120661799169,6.351479364289741,112.52003940741672,77.97463575024253,Tomato,9.841093968350654
73.12484126464514,23.021951428293335,20.001719946115163,28.94278322241749,56.270286178360536,6.278750101429644,114.46098919897844,73.12200996889064,Tomato,9.96663845631616
78.03589218827537,21.925209790215884,18.911242014612608,27.06709661425499,57.007549320952805,5.600410535382307,121.40608303674631,78.03299240339983,Tomato,10.03644797588298
74.12330785361239,21.86220753101504,16.08816313376095,33.764241545219384,56.23475699810088,6.231588621217454,80.05872712285712,69.92723518314442,Tomato,10.00927442635736
74.05265182254581,21.932297827896004,15.911059509666217,34.16566051750704,52.79268096197133,6.207956602656614,135.7321568953708,70.05924779783223,Tomato,9.927590191368088
77.9450683410186,21.914286930403428,18.99425072855125,26.94773916831042,59.808878789239806,6.686588746982906,87.39462632702104,78.14739218917859,Tomato,9.955106681879666
72.89149222079408,21.127111273534663,19.037091772951687,28.84029251886647,55.179301411441244,6.492083347943051,124.67490704138602,72.05624991732687,Tomato,10.10776934805401
76.00304340315492,21.783221152450132,18.93373398871025,27.876618520009384,55.55942113854166,6.084552727733597,104.42862867857114,76.97254915733075,Tomato,9.846197394013846
73.04175638379758,20.9341223112182,18.925637733940224,28.898502737024625,55.81894600990372,6.395124444719461,132.14253188302044,71.99870051877707,Tomato,10.006481529767555
77.03642034855791,23.05071477258336,18.940801657534266,28.977413893478744,65.32528575061824,7.199608156084128,161.228948571837,74.96033901397189,Tomato,9.927907934490667
76.88331835107103,23.085396364786323,18.98757325070805,27.95341523702326,63.20076243173092,6.12988966903453,121.20106839697034,78.78784373856766,Tomato,9.955119836431438
72.93295776319668,23.19118695919337,19.94612192789265,29.142257511883027,67.56085904593323,6.967286618476584,101.50265384605717,72.90602955341978,Tomato,10.045096241631818
72.94566689146656,22.948364541320053,20.058340124175498,28.93196954391057,61.545819279224375,6.759499976449383,107.30158994729084,73.00896396565132,Tomato,9.840342299157596
76.9896369415295,22.997964474226567,18.94650950297646,28.996919975829357,61.38739428975181,6.174984024449049,125.91127252865607,75.20837847661699,Tomato,10.021375565722773
74.18559956279157,21.959604680104125,16.078218027331886,33.96811293977513,46.614876272580446,6.680354317111546,85.58596604636342,70.0776324713994,Tomato,9.82524196363639
72.90647038167816,23.12492614966866,19.86274118581501,28.9233414309625,53.996953184634954,6.17750619812288,134.73021600155835,73.00315363571528,Tomato,9.82660679983505
77.05130811033665,23.063161924218385,18.97631544047293,29.12199637545068,58.8688422036156,6.210606631470535,105.25652015790294,75.0860650499393,Tomato,10.000315464001773
76.14587579002679,22.173002184053352,19.01126317682853,28.192828613915065,60.77060628991258,6.788722819730431,95.09912289539605,76.88244992126607,Tomato,10.120357660871504
76.04272611857496,21.983443576586417,19.09164829017961,28.029961171518725,61.640328358779755,6.174790361170416,116.00841495508658,76.85961200319488,Tomato,9.95194975061115
76.96072337087655,23.086840505023574,19.043330267816355,27.82520325409777,58.188879102649885,5.871259132518364,94.51868344725494,79.00429826376538,Tomato,10.020810854208264
76.93592301513122,22.905511106506665,18.90168123398701,29.17011131761893,57.05554052285668,7.177754800090656,110.52771324670951,75.08573516297707,Tomato,9.95916805138787
70.0726253208843,21.95172800387804,17.903815106472248,23.902288774664942,59.122510821944125,7.274976877075827,95.13227247049856,69.91782948535348,Tomato,9.937056786580596
70.08490696246882,22.014649629336947,18.827543282340635,28.06141092036233,63.30027209830473,6.089637338936751,100.05272567773503,70.05463365891292,Tomato,9.97282254574125
76.11058182093196,21.95144731583308,19.024299240581424,28.07941876213263,58.9348872796534,6.0333685674153354,129.6988237016095,76.95376264013538,Tomato,10.013022155928246
76.99251643497826,22.843060617774853,18.98751759369512,27.934176395181787,57.565438091899864,6.351559270855535,128.36539053976784,79.00449407442726,Tomato,9.924294786011956
75.96979495945504,21.894776371662942,19.095191548187834,28.014121652832536,66.93985590238049,6.4961546863575,139.35495576059114,77.05766022186181,Tomato,9.852767067671024
74.91712502751608,21.958093162153094,18.96747011326716,29.062517314847003,56.33995682003624,6.074376859087792,104.46424944236385,77.02799610134369,Tomato,10.07149063114475
76.88159233326908,23.181076820844638,18.923562371402667,28.073066586969148,64.3973107102513,6.204686516671367,112.30811743814431,78.93820641910553,Tomato,9.987231804999013
69.99229269122888,21.997060942639628,18.025090363020016,24.009680183583736,60.03569339277878,6.2707237112428995,83.3885858148093,69.83386891353288,Tomato,10.105317675800013
76.9526922418644,22.95438793586167,19.022518357304413,29.070477702250084,60.381737511359944,6.9865865062392185,47.67159920700153,75.13091763303495,Tomato,9.9167725058374
77.90146861031705,21.867444947946545,19.084302125917095,27.0542423555585,68.00354714279668,6.1426514876145335,145.242224288074,78.01583678049938,Tomato,10.04578439669564
77.13746427576386,22.98481259590976,18.98899463401233,29.09252099761694,62.89734132104336,6.413280775980717,96.33517620676288,75.26293805180363,Tomato,10.023376575076863
72.86288152518503,20.996229072877554,19.053521842352453,28.9256203559266,62.403374074449076,7.205299148770856,98.93142350005063,71.96782039838762,Tomato,10.087375542815805
70.15943817209845,21.962665561582025,19.109376368690025,27.873480033511004,55.52980339382336,6.446348096567057,75.17314037310956,69.99094146183337,Tomato,9.89877077902411
69.9982006296907,21.91572614826637,18.110956309768905,23.944958230705645,62.941143171892676,6.548475004064077,113.23924965116667,69.99258926692141,Tomato,9.93832314096723
75.02933622787495,22.122501939926,19.105953454489303,29.18555800228788,63.68832015261515,7.390032155864112,122.69762863521875,76.91842108120149,Tomato,9.971962627595856
73.08407203360052,22.902839468500407,20.006667736837716,29.03429256035626,56.05110664547031,6.587585303920771,98.24873474757024,73.10042610828503,Tomato,9.990684360132658
70.29381081532229,21.884342887537876,17.944167896145554,24.21175685608476,48.908269117776626,5.628515521666479,84.08172972918811,70.01956054058353,Tomato,9.944695985172588
78.03559980464343,22.00283672403834,19.181601614000137,26.99942318904509,51.87932955819277,5.479100085641273,140.02565682884645,77.79363097132139,Tomato,9.962885827530666
77.13793365853967,23.001668194257643,19.07198365970223,29.20892602574384,54.647046059949126,6.7936101897626475,91.99968267442028,74.89291148579876,Tomato,10.116173796437044
76.23961950749731,22.07520044512616,19.078283776795693,28.064278374039954,49.54663867959067,5.566166216929979,90.9381162092302,76.9281256348154,Tomato,9.969068398817932
76.07234830104002,21.789048026499,19.170130799832723,28.04879668342477,65.6219370574004,6.466683348255716,128.5543937406448,77.05794580133946,Tomato,10.20794414963532
73.0106393093929,20.883783813755866,18.91764319829125,28.893098184821355,59.80334620496018,7.639598998888945,114.05015914807595,71.98116092446,Tomato,9.992854968527592
75.9956024948352,21.71657859002316,19.14384941837405,27.95886429811256,57.63065855453806,6.514901651490844,95.71192846754899,76.84711022155851,Tomato,9.893318060909731
70.25319113923096,22.22116958225789,18.88989301537719,27.97838365865532,59.976791041911646,6.583068215167369,134.907505506829,70.0463855363148,Tomato,10.044103053317857
70.06563681248068,21.746758728283343,18.105370401768383,23.84178608990945,51.24294920815857,6.144901237101081,151.10211478110526,70.018190027138,Tomato,9.909258475562526
77.07195589543592,23.14526316194381,18.81941837439883,28.83099085599741,66.0959098249475,6.50081923539307,130.29299032785983,74.9536617577381,Tomato,9.975619726462648
76.03234338171053,22.10284154975065,18.91807646014958,27.970262698532352,58.21112195795012,6.637850902956643,128.45007294795474,77.07320546540852,Tomato,9.976179124912957
73.0343546557587,23.18891521503204,19.81904315598697,28.975307697593937,49.2477513947251,5.97158867469516,88.00858047232913,72.94566079171116,Tomato,9.813107051736894
75.96851533511051,21.891889303195747,18.97866879593856,27.91227369982972,59.27204524810588,6.354315484600538,138.33725100443866,77.10600206522464,Tomato,9.891765021269062
74.08745355061066,22.06515656444584,15.854468795432076,33.92708329220123,61.00704739519826,7.091780652774902,121.22521913089682,69.98787860617729,Tomato,9.77297774203885
72.88544334942776,23.09550007832019,20.017017388542627,29.038636404989894,63.82134478509428,6.284179983220461,107.27554665581907,72.99621813001887,Tomato,9.855679452608571
72.99987125382579,20.9536896264195,18.84258075180798,28.815963702523348,53.988254696683114,6.623606451193597,106.7513217742309,72.03245838255432,Tomato,9.849729853150224
73.0179724938868,23.190386629815027,20.078919237074285,28.862446686322,48.542895714759936,6.59217362955091,114.7820830999927,72.92307980125588,Tomato,10.176381188772751
78.28971564384153,22.024679345573094,19.126870100334408,26.9949429553815,58.023436455019414,6.557560837616252,99.33837888196155,77.8822515487864,Tomato,10.17403873933158
76.01118854949343,21.94226826310373,18.9301274426003,28.038492078225197,55.00558909737503,6.114745329796303,102.18117971430051,76.95898195626185,Tomato,10.035338536113754
72.89180538029728,21.0601331427904,19.07463728559612,29.00504262492388,59.35387832561776,6.77292139840947,99.59729214878288,71.95616871118168,Tomato,9.97774922791747
70.04191145467072,22.077191909660684,17.900521991338515,24.07543335660748,62.455784892349584,7.5071393563985716,101.29274010822736,69.97869663323254,Tomato,9.939654991010656
70.09888213426643,21.79828726585704,18.837235895751512,27.91469394354361,66.39815886886171,6.196638730527848,109.18938251307408,70.06833243689057,Tomato,9.958853848313336
70.0085502573709,21.909378636197445,17.868845687586425,24.058680885371803,56.57243661978371,6.066720593351009,122.61891050170603,69.99042605790225,Tomato,10.05019178426334
73.88623235152522,22.026047596761003,16.09572297381592,33.948455938809666,64.36039500224838,6.987353033071257,85.06281455250824,70.12969516690583,Tomato,10.240368644059318
75.9525028329429,21.951135378718806,19.02132348662684,27.82771081361386,55.64962438120496,6.901996244060824,101.71154463260403,77.09259089890594,Tomato,10.007963062109637
72.91972666237446,23.072334963496868,20.03647293610261,29.13228141834595,65.67973943190299,6.832588759517056,114.91431123268248,72.94854091430595,Tomato,9.821763770939564
78.02646086365004,21.92231512068874,19.01003974764754,27.18927917791217,59.4640704967162,6.818147147670361,133.06184768611357,77.94366973311675,Tomato,10.048620378247575
76.21236433862268,21.90116133897784,19.062717985100747,27.937237693509758,58.136976465290594,6.063142931182487,105.4429935248252,76.95084395639917,Tomato,10.01546342385866
72.83366216174048,22.95981985986386,20.00547580641436,28.995566709447928,74.22185805006711,7.215203876951876,71.78603248000127,73.04287832307104,Tomato,9.945420291969471
77.0638376761494,23.10352347538066,18.96064430240843,27.99071983196382,64.62637356272383,7.352967475217331,120.5144795012913,79.08400840640958,Tomato,10.140301942100502
70.04428889004191,22.03013756591404,19.09412130035019,28.250892197080983,58.14696709890336,6.103570924476113,120.15463007729872,70.0819374614462,Tomato,10.007978130245837
69.92732147523931,22.1236827231416,17.961724674797917,23.923636873330423,64.6021029890898,7.178901819977558,71.11754848614751,69.99090325503879,Tomato,9.813827326507363
77.0653828575852,22.916710649983383,18.98550133127914,28.935501851628427,65.93682015296507,6.33259905894137,158.66931117922522,75.01981139285773,Tomato,9.935291393493303
75.00162178926834,22.060949133316974,19.06503801365413,28.943413174059,62.64384228021823,6.414958327977786,75.35355017642038,76.88786956695316,Tomato,10.08597809598785
75.99871521563098,21.83066811894812,18.89242532255043,28.112367955570157,62.27803929716856,5.901736743086548,92.76697544489124,77.08524503407804,Tomato,10.022359028241572
73.05357582881635,20.94172848916745,19.08543458571545,28.90782780930273,61.38293589448827,7.403525579537586,88.72762130999938,71.94401750123146,Tomato,10.0493885589128
77.8858219825878,22.21425037642165,19.040086620896304,27.00616584697374,63.12444091891104,6.888552624167357,76.47079930948985,77.89767239980287,Tomato,10.08612704027784
73.05625749584853,23.09045322542025,19.912890049322368,29.06699207145419,60.974273121681506,6.443857008609291,130.99743350710284,73.0347275583787,Tomato,10.012437483703328
70.08858039531574,22.01960127573049,17.882403179586667,23.891375023069237,63.11886130529222,6.221610610122031,123.291144380724,69.9706226322374,Tomato,10.071732637561796
73.0325640030561,23.11160421661012,20.114613126222796,28.872874175618914,70.72193767728149,7.3878299409733055,103.36358302435244,72.91245660326297,Tomato,10.016828199047964
70.06096601031871,22.1119848176603,19.154267788462864,27.976998624267303,55.815340490934936,6.499854229028707,134.44695211930187,70.16352545645313,Tomato,9.988742969793114
70.25770158345998,21.88273981259091,17.98071105485802,24.061830469497583,57.058608892197924,7.67253563631113,136.59582998385946,69.96045302875584,Tomato,10.010562774344947
69.98972524577167,22.007383569483647,17.932566040198413,23.910198692916484,39.39801509421062,6.088724034019959,108.051099725588,70.08225034449386,Tomato,9.8443717388357
72.98142428524226,22.98653034069945,20.14868235042897,28.884391348488617,62.435805774587074,6.214130757769356,103.49566071863653,72.99326638188094,Tomato,10.035579178542475
76.03819716645856,21.87057055203422,18.92297277937945,28.170075477185264,58.16968034638772,6.9976246849934265,106.05245128895757,77.03860658949175,Tomato,9.946806437589933
75.03936803270614,22.05552898027613,18.987699705916704,29.032297157771136,59.47036877323789,6.552810201095332,106.97428351022117,77.08510299594346,Tomato,10.24114187672535
69.79741575613305,22.04977480608203,17.887696373691192,24.0433833440771,58.48059429593977,5.804671420580044,110.63638156322553,69.96642052538732,Tomato,10.070990249206384
72.85137805531544,22.921356568328648,20.034136335018854,29.012166505602995,56.724013320280996,6.785747199549966,112.67767816282809,72.91618227346973,Tomato,9.89969631273071
73.96152238324272,22.10101907595625,15.851133927792208,33.98743856466011,58.34182809492073,6.772274632630203,130.1992477857911,69.92232879557781,Tomato,10.116542188713298
70.03349577443049,21.953344098071963,19.07453548887332,27.9912341935576,59.70803274895671,6.840744596309688,95.10614587331959,69.9088460945131,Tomato,10.060248972734382
67.0,18.0,15.0,37.0,59.69282649722595,6.648905100789366,108.08815481169275,65.0,Tomato,7.0
65.0,21.0,16.0,36.0,63.776237950956876,6.265980009920716,79.49174644712848,55.0,Tomato,7.0
65.0,19.0,17.0,38.0,60.254213460391945,6.2728138906324125,125.91084500191413,55.0,Tomato,7.0
60.0,21.0,16.0,36.0,57.12331981129259,6.8648701621355,109.53421271800394,55.0,Potato,7.0
65.0,19.0,17.0,38.0,56.975324140905755,6.223089334147352,139.2119893976758,55.0,Potato,7.0
61.0,20.0,18.0,38.0,63.8701001647688,7.081812230626175,133.01938325401431,55.0,Potato,7.0
65.0,19.0,15.0,36.0,59.64988194220493,7.478741224134898,116.73142326236288,55.0,Potato,7.0
67.0,18.0,15.0,40.0,54.47591675147753,6.580595681200312,122.36070449745955,56.0,Potato,7.0
68.0,20.0,16.0,38.0,56.75959924911265,6.571590618285495,91.95383946630385,55.0,Potato,7.0
63.0,20.0,18.0,37.0,57.30363223210116,6.762318453774213,97.55975298795994,60.0,Potato,7.0
71.0,21.0,17.0,36.0,60.93846109246284,5.816608435836498,129.68431644164428,72.0,Potato,7.0
60.0,20.0,16.0,39.0,62.34516906547304,7.405598309743797,110.91108663027289,60.0,Potato,7.0
68.0,21.0,16.0,36.0,53.79501128527711,6.143252424223991,95.00689048785271,65.0,Potato,7.0
67.14721238993974,18.08006336927681,15.172330255030309,40.02318121866277,67.57308017759816,6.658526950975521,144.90570019507678,56.04499656840213,Potato,7.013305982081125
67.25512573408774,18.121136738889284,14.96567113493907,40.01560573812591,64.13699118821711,6.9092642692624455,119.93021109942083,56.09219853467868,Potato,7.087389369823446
63.078000628821584,20.115906725479363,18.05871502253158,37.188998221833096,57.42809490307248,6.925520922806231,117.43725833537215,60.04961461953906,Potato,7.020077192601744
60.06881252659876,21.08695445141461,15.832222885380965,35.94270201798018,66.46273496869627,6.578361388500033,88.03679583647735,55.211182378393865,Potato,6.988934466507696
60.96394660518953,20.017171559983947,17.971828317615383,38.04022962191213,54.526439466065966,6.286344396768349,118.53906821205857,55.04274697584447,Potato,7.002230893165972
68.05907499762979,20.86207380659411,15.91659468737861,35.96186194184235,50.98616029205474,6.770327279565436,121.89081792482173,64.92287418217718,Potato,6.969753012011393
68.04628297993175,20.006262405228227,15.934554949792872,37.9219311176635,63.659031935729814,6.5220845858711645,84.19523146472405,55.04101900444336,Potato,7.084449924935917
70.8737329422214,20.87540700486732,16.95530817047929,35.9094845905388,63.75833084571122,6.619424853331034,110.8898213687056,71.88075968618061,Potato,6.99163422285632
61.141404384753486,19.88977899183595,18.16591670564449,37.93884859862784,61.82069707103394,6.667401930058023,103.03202202782992,54.94012208763312,Potato,6.785997211843311
68.03973653967441,19.99545202893677,16.020169407984646,37.87902202816642,64.75927779242832,7.421888730440032,125.68906852729528,54.99681400458869,Potato,7.058131920522336
65.05634479735834,18.989159896361706,17.04819911581497,38.0413933925799,58.21477428073214,5.999817512006897,130.41575683170313,55.08431540726319,Potato,7.150985220092712
63.02955723388402,19.96829431272709,17.895086411596427,36.92156163768654,67.20838731443247,6.532884570162176,124.8272093313378,60.0696653552072,Potato,6.920857389941947
70.87151074070339,20.95238606764017,16.82260111216292,35.85527611957879,52.04222440794167,6.94800960962124,113.81415775333646,71.99168245836046,Potato,6.872308883322953
71.03756312404583,21.145664872897758,17.07288799292331,36.01463850310843,71.19796124190619,5.815669588884718,153.77209504869575,71.95999166379976,Potato,6.960739438553468
64.93547680803141,18.955903440289163,16.902351082518212,37.89836063781591,54.37503270108884,6.821090036868188,120.710791782343,55.039370706585096,Potato,7.041344112768823
59.91492285791105,21.032930543578463,15.899803662554042,35.911586588726074,56.75934763748121,6.269661176887387,100.82085826143432,54.97950317197098,Potato,6.939288233413117
68.00190213386985,20.99390264840202,16.04334146224893,35.881171093585614,49.18617780768269,6.980125264724404,153.9675914158063,65.02851624883775,Potato,7.054628500292686
65.02585027331759,18.988753647594027,17.11931003033529,38.00474092695191,54.45026281122962,5.3122620123031234,98.9553492317681,55.0469189048634,Potato,6.919869354821683
68.14974611472644,20.89794674232733,15.816431801918547,35.92284862536523,62.25928802822253,6.113969996775235,142.36669331922042,65.01541341549273,Potato,6.922085505657744
68.12432803456421,21.000064398888497,15.986623719500177,36.000486699723744,66.46129811834231,6.936394316752164,93.11182869096986,64.90395886105944,Potato,6.801607245267248
60.03526018950797,19.96520335258989,15.982405860788695,39.05979240276508,54.797993477613446,5.808732547130628,100.66632843615074,60.05675318560088,Potato,6.907953686100066
59.97638955586744,21.148401616757933,15.946823402648626,35.97644676751094,53.81099638607034,6.822139919982212,142.67846389336293,55.23644375852035,Potato,7.135227458088578
64.84471418739977,18.99978800456573,14.910696349544182,35.88661904560771,62.5235154358778,6.331048680948808,135.24884710786188,55.052260794068886,Potato,7.10314692706207
60.19621597790533,20.03456789443188,16.07868611469002,39.04829624912744,60.406758626280606,6.762101965618832,96.73957943342386,59.94958627605916,Potato,6.924986851620334
66.9540806802346,18.25273493721844,15.240532612058304,39.7638563468475,43.63988734115225,6.201059219641462,109.82476476110477,55.86345649238263,Potato,6.914477839821916
67.0020376210013,18.153991341009466,14.99879346925287,37.05162285448901,55.40284194539325,6.616875066132575,82.70959127408288,65.00676064753361,Potato,6.9418614505268215
64.95606715160008,19.028608859346576,15.025045409916531,36.019306892154106,58.43017782071336,6.179096897129515,126.07048157729542,55.007951358814914,Potato,7.141443479154218
68.04914663554591,20.094688789468915,16.089657552753913,38.01191960490191,61.368403017321654,6.779614224681862,113.93876965148954,54.886332938356,Potato,7.051426738751832
66.90708260011307,17.96570121011148,14.934658319529696,40.098646933219946,57.92905342287171,6.874707490629398,104.87715821448056,56.04184809797274,Potato,7.027093717964356
63.08093517496576,20.026944600609777,18.05607200348418,36.965985556232056,57.7440707169952,6.806563819416868,123.07193381664393,59.94358754770735,Potato,7.0485983107827614
66.97833371493121,18.083351061958368,15.05615187705833,36.92915012440474,56.731381850227706,6.73457078050427,95.18430525220522,65.02847016743476,Potato,6.962004235368335
65.09405795287114,19.00533031486341,17.020657978710073,37.90528222766903,58.754107133830516,6.504549811915458,113.89910295628046,54.8797145133588,Potato,7.0910359244007735
61.071975055599566,19.95875067676216,17.89805000531869,38.08044912408867,62.19639388396379,7.145511240811579,112.03004180744033,54.88820915852132,Potato,7.021661742648428
63.05771168902671,19.88745002580905,17.916988173957026,36.90324598316341,62.02744040065326,6.197815516350378,100.37914408085457,59.96796398570039,Potato,6.960241235864905
71.05600642555952,20.840580623376365,16.917962535129213,36.04603255226653,53.28193772001619,6.650040953491164,118.90818014034531,71.99432545886579,Potato,6.918230236656265
68.05976859240666,19.86559503203127,16.002402520559528,38.04432030714945,68.50212554416626,7.050725604771012,92.3675781764576,55.06440216251711,Potato,7.097948171445696
66.96756083371561,18.041646053735462,15.02206621550298,37.08327236568499,60.558961424851454,6.60582298779417,148.2462602808276,64.98901016243275,Potato,7.060257377670533
63.04462822246008,19.95778559920147,17.96349066995795,36.811030877977,66.53217088475085,7.625940592305003,108.15413087805311,60.042307234772125,Potato,7.148118210204773
67.94501422316242,20.079100152640645,16.084413784535567,38.09850171115853,59.20470414111509,6.597383411867164,115.95460748591636,55.11411787682119,Potato,6.886689001239141
61.031512088508926,19.98835821062529,17.79247542612303,37.95256151028945,55.91780354869472,5.641616620608878,117.76099252552271,55.008457896082064,Potato,6.868273055455411
64.97356572168341,19.038245333616803,15.1922228368675,36.04254170291983,61.77479420464628,6.7626432823988445,124.4363937039465,55.00523906784903,Potato,6.990691866435289
64.9677172738304,19.1025717765062,15.022464507675718,36.014279541394984,44.264734776582955,7.250402173476656,104.84219129748547,54.9051226662827,Potato,7.183030228345671
67.87930280850115,20.11134401487865,15.948446413754384,37.98582682184423,57.773146305854844,6.571724671711269,130.8366785569845,55.01047536168549,Potato,7.03188637497853
60.059583447149286,20.928629731836537,15.98971172811098,35.96410705916849,63.36315749111769,6.852253729397596,120.50528992315466,54.803884146033305,Potato,6.952657155319645
59.97897918426887,21.08638641576566,15.96006374925576,35.83279886751677,57.619226814031045,6.037647667312738,93.63407615594886,55.086422885939626,Potato,6.90076171836365
67.99963082433642,19.972396142581168,16.17647475594268,37.99725664023381,53.91418539754366,7.057227689554688,77.8390552205125,55.021507794404165,Potato,7.051456121526164
65.25990381068418,18.903707976838906,16.932404837496023,38.02390056493714,70.72026171542834,6.267524094495795,117.21010126436967,54.95947068420582,Potato,6.970865249926914
65.12144923272223,18.939714083125345,16.836254924138863,38.09047656763357,50.71461335335936,7.107599876905678,103.06552282130819,55.06136120206167,Potato,6.985245390631296
67.93042520779744,20.997396574338936,16.100057793757582,35.856952169781486,64.71316346347419,5.5793264348928115,114.84903276358142,64.943269402975,Potato,7.019779972978655
67.02755785639667,17.932861690436596,15.042614483628354,39.83454502727447,65.98380822479696,5.811217418356476,124.22098180603224,56.06767327647441,Potato,6.887087089440303
67.96862625035492,20.965741869304967,16.050098748245183,36.001639239527385,61.4922104541592,7.181789229760348,149.90999647430942,64.93342154036864,Potato,7.067447735542124
61.0108861703112,19.88571861937253,17.85914680845512,37.96962145073748,63.050980291686415,6.598271727126524,135.35180583883673,55.00999183317712,Potato,7.062590545404592
64.92055525759685,18.98136010972729,15.035953712262456,36.11052277618475,52.48294345655766,6.723874629108377,89.40803171741493,54.93376640364891,Potato,7.171045902716073
59.92604892039548,20.007554295109184,15.887461934895704,39.00109368877354,58.93676997279424,6.787692860080583,84.7127556314782,60.09844024044884,Potato,6.890289508246376
66.84914953142089,18.15207797727069,15.052855346642732,37.00856503254556,62.837725412487956,6.3730275707136315,132.28633862130866,64.93764851126222,Potato,7.06265720139666
65.07746449709444,19.024252390244477,16.793978513688675,38.04557161784276,57.806093394340515,7.109642542254656,120.73758513211958,54.83049064206813,Potato,7.00316525436984
61.11651685890651,20.19473172641942,17.93210919969188,38.07195713181038,64.44782884046131,7.03528148263238,81.52641947385382,54.99270026550285,Potato,6.928110260875531
63.06531347958124,20.07319213399854,17.983569759203732,37.16331732733027,59.34539643261715,6.325673141256752,101.80313107436484,60.053500909008605,Potato,7.040475289632532
60.90017187666555,19.87787533997083,18.07603882702321,38.02536389524612,58.415351089677436,6.415704108804719,112.60016287632833,55.12042995899221,Potato,7.0624159851497055
60.07747701376321,21.08749694609321,16.047742460802997,36.07932870403803,61.222660880769666,5.566212218367972,122.78326043237348,55.06265409908812,Potato,6.905725553448967
60.82089944821655,20.11223926254173,18.01485555921041,38.08489148820631,55.40044341514101,6.365800700457423,128.6629140809502,54.97577717593704,Potato,6.896315302740867
67.87002357716567,19.834327398412054,16.068042010020164,38.04272646561601,55.35378284260699,6.2655609744811755,129.15106733844812,55.08444894039331,Potato,6.851233875160781
64.7714904397278,18.97690124531525,17.012313149016077,38.20221564470595,57.6375643269533,7.3251700225774385,122.34683560695443,55.000998361531614,Potato,6.944187800238795
66.95595135526108,17.996732699176096,14.959808777961308,40.04584897513583,58.645689046108465,7.005158813644387,103.09571469082968,55.8355886877991,Potato,7.041532939616076
70.9260885935799,20.9050593931352,17.02038779477754,36.05273886437487,63.18096775183652,7.333795012987019,108.17375927061475,72.11867836596873,Potato,6.972707088262856
61.09532399294523,20.020716077720756,17.9508219045919,38.04447779157731,51.44920243626543,5.724504904448759,110.90291133263487,54.93318271032752,Potato,6.98441666787176
60.3379143428466,20.851665643348376,15.968352171049506,36.10759092560832,56.89910559395473,6.976006501442516,161.22021979593035,54.92404887011936,Potato,6.851237162195035
65.02296498588981,19.226175833878745,17.038814719356424,38.01201081180085,67.85191280218054,7.576620553474529,95.13754704019782,55.02889317588655,Potato,6.880470718937115
64.92227896465216,19.019860435104253,16.904180161803097,38.05117893911801,58.29150404890244,5.756969509622219,105.90274671687197,54.9801564153034,Potato,6.983480997273808
67.99624208172013,20.11748258875936,16.07655984545288,37.96094653663633,58.569470057527724,5.803596225647221,112.99635024765222,54.911778854218085,Potato,7.1167508348815565
67.97169307193803,20.020739050988794,16.007222677566425,37.84304709184553,58.366350855331405,6.882285812045017,125.18190327666608,55.052589553100354,Potato,6.901864922435856
60.99523918800621,19.91797622420437,17.888737156750672,38.04927887066782,59.43498862497653,6.588955232187141,134.30796407999742,55.112831911391815,Potato,6.955199008482369
68.160318460976,20.973101431470184,16.18938341710281,36.107547238528966,61.38776800417867,7.4585139467474715,115.42631010095828,65.0085768049021,Potato,6.924439685392109
62.841560982115965,20.06703908281901,18.10551575774977,37.01127508857439,57.40814589006175,7.427532153868427,119.38360947902737,59.891711853628586,Potato,6.984177495922609
65.093331787384,21.051705172896327,16.098478659907205,35.92375501407944,62.93177147952473,6.17910709455493,110.93666010421316,54.95219039734595,Potato,7.0174703419361455
66.98958981825773,17.969743335645454,14.891114372453709,39.90786015663202,66.76226990035518,6.8825142933834575,105.5823253510793,55.9228118496701,Potato,7.088302010703187
67.98060444223141,19.959971784845,15.983338539587049,38.0112266663557,58.20853888143111,5.944985270114969,114.4692387372268,55.1914670717048,Potato,6.934561234553958
66.9395960265321,17.88897137226022,15.052921504327706,36.88000001746719,55.08590447723699,6.420797726570455,112.27637463512096,65.08914549671456,Potato,6.813375534998172
64.75299284529925,18.91451312433999,15.06333456056805,36.08645572656478,70.43843935999729,5.885008318039036,127.11873787590733,54.89519656885161,Potato,7.0163900603977645
67.82081389572049,19.86215998334636,15.997027312169514,38.02978906271462,60.756281863098444,6.775653935281063,104.18390271332999,55.09283208202312,Potato,7.04496981832095
60.16694537525065,21.13747083970907,15.843939448190987,35.86585853569638,56.25763230813711,7.278417736406134,114.10725641049838,55.18393443781081,Potato,6.880849187792642
65.00409324777954,18.805047964589907,17.119573346834017,37.98775351290252,65.31962432068697,5.527478209008864,133.66223047223878,54.76306404596215,Potato,7.000938173811421
67.88472921587517,19.98121361353506,15.750872454426572,37.93013633117288,58.07177310125019,6.129422101473124,121.67140956288176,55.13704698411799,Potato,6.943294876505503
64.97025660993133,20.893036922567205,16.065138281485932,35.933643859302485,52.54854065712736,6.667889361865559,72.82143361501932,55.11050565150597,Potato,6.958482194662548
67.9448622913945,20.923460630703484,15.890380769032827,35.82497548898385,54.25784226076975,6.54943376772201,106.94730814579786,64.7753185962916,Potato,6.987994034096879
62.88146391675715,20.163947288568192,18.05243018122292,36.94004275532498,66.98670766637785,6.05218843018189,128.27601186274288,59.81205832711955,Potato,7.142860625510012
66.96615371292285,17.970056744560026,14.957916678245327,39.96844569313058,47.20512698183407,6.869847990531013,118.84560668394695,56.027955957908105,Potato,7.134448071115088
67.08649267759186,17.996493705120823,15.007113538874831,36.99389820794367,57.08885115691552,6.4806991461400765,108.04399243491004,64.95372751330406,Potato,7.182977882501656
66.9612244346063,18.075146528316804,15.099806210610208,36.93193504757041,49.788688671094306,6.96088837622389,125.41568000777588,65.15148273403425,Potato,6.92983502158381
68.09817043172367,20.02821538935063,16.0631856765929,38.06435909420188,53.98697398101058,6.786480039917015,100.81043287945032,54.80381238654507,Potato,6.911228866366016
65.02815688056168,18.907392224544694,16.90866080914036,38.20110745755816,68.85014942118252,6.724596599586216,129.04973039391805,54.99481710373375,Potato,6.848998311006757
60.13018823723768,20.15537990963354,15.92808591689258,39.12173554581037,49.97423571730354,6.41745714175177,108.14569215695361,60.03077999959561,Potato,7.116614598330576
67.96889043256665,20.90900424123917,15.817050087296712,35.95456727615112,68.0728036264292,7.911939360895266,123.88519058684712,64.92465711086172,Potato,6.99061619999874
64.85676123637698,19.06590971718763,17.02395776015001,37.90502169296504,60.56246272005096,5.900480848727839,139.63073628011568,54.9272125834307,Potato,7.047731589301574
63.114154010059806,20.07249303696555,18.051565324786544,36.8562534005378,59.04768436362929,6.688521920620906,92.8715222585692,60.02138393154359,Potato,7.009749679310457
65.12844385975318,19.007890186657644,16.965067838065057,38.05069790235945,57.15788576015803,6.348465122236772,86.86773983466463,54.87835069198564,Potato,6.877876110110587
65.08256225725584,20.95846923679276,16.109696321506615,35.98622185591467,60.83297420112956,5.630920391539368,137.6495069989167,55.006666185413096,Potato,7.0811695776717
63.03108711526519,20.010529081969747,18.1624229495323,37.21325522853597,62.6322046256609,6.955472829963141,127.4222686344823,59.88039479710724,Potato,6.750209155618577
70.91019242105855,20.84682032902576,17.01056646479902,36.0745182079023,62.864531673334135,5.678407123759836,140.60919887045043,72.20807563254994,Potato,6.884292338534008
65.03712184152376,19.00839696060437,17.08122309280739,37.87783056525726,59.107556262643804,7.493045399345491,87.05884582565275,54.9048609092814,Potato,6.950576927073185
70.96758869645049,20.981837620553733,16.85751288909046,36.07109943604392,53.38159538811942,5.993576447031841,155.45662404700147,72.06913330642816,Potato,7.057209852420977
61.07991819664984,19.96586450767816,18.122470128090686,37.89846224766311,60.06250920768184,5.648569596117693,95.62532511791457,55.05700004077254,Potato,6.919120210203312
63.162716962757074,19.864330897999206,18.04955502538409,37.07609323710078,60.100455460660655,6.825003319484737,117.5020251526205,59.96178005770292,Potato,7.047967391359014
64.76770483808328,21.177891098684604,16.05062609712365,36.23213439995753,58.0268975165555,5.8827520904291495,96.83941479571588,55.11412680161288,Potato,7.067326970693252
67.09816009698652,18.06495096064828,15.003358644847305,37.044836533612745,60.042308091756816,5.900856683274811,156.93488260793538,64.97479920936028,Potato,7.146135318689481
60.02170632758911,19.92861761456149,15.94814589690924,39.05975646581884,66.541852044662,5.172750492849968,115.12069315723721,60.13190062224768,Potato,6.996263888788974
65.14780402537713,18.927575490521072,15.235910332391311,36.11114951650472,55.103928586556385,6.862606136722153,100.28652042548288,55.1487596789144,Potato,7.028104515737712
67.08198949919266,17.95742751397167,15.073388675283203,37.03386914968048,63.6661286155118,5.623207341424296,134.11547518097703,64.8987541846024,Potato,7.0297105753670905
65.06032795691354,21.03131674593614,15.91866134014179,36.04305932488519,58.72470505762311,6.176098163909544,85.87263139684492,55.0342211673868,Potato,7.119621379384867
66.86606374223193,18.03812291991449,14.959358415532098,36.76976412046336,54.436110170811936,7.405676558828111,121.5794375537949,65.03409395666517,Potato,6.9752386602554495
67.00838137166654,18.037283240394675,14.815032464066515,36.92804423490354,66.68764023408607,6.158496714130265,91.1586843815968,65.05456563508464,Potato,7.219993806388547
59.93652846579736,21.119387429162472,15.940332259377064,36.03875477173695,55.702145305897254,6.774309318008637,63.08811291652588,54.92943611603449,Potato,7.204104934207326
65.13838783368153,19.101282772981698,16.931613427293687,37.89543501221506,63.54720484943277,5.817051425640427,113.59872520497068,55.12333160162326,Potato,7.200466694444499
68.12215962028652,20.943138554862777,16.0050743094941,36.04569134934838,60.001689539075585,7.999766063011544,128.29993525248375,64.91689187129747,Potato,7.05803766734563
59.98275779913209,20.20053389719255,15.997729814607132,38.8698593367573,50.88330132176197,6.756898708302009,74.75989227887956,60.10250188657968,Potato,6.995206328515963
65.11657559615712,19.048105226593997,17.130180771874375,38.18248800375116,57.19629149789788,7.70043637801343,151.07713449327642,54.840109880595485,Potato,7.107747644393396
67.03144814322762,18.10676541445456,15.12699701356187,40.06733067765207,56.183183041291194,7.410276259489505,75.43380565032095,55.997760412062206,Potato,7.014924493920117
65.06536809976231,18.900774325859185,16.950061432564553,38.04638873609077,56.6000050000803,6.564356325618852,118.29833700150063,54.99576185597542,Potato,6.979724206419168
67.05111103116022,17.900242629239283,14.978088595077756,40.04039217939952,50.89954583975877,6.8060517335337,110.96783159338344,56.22586124701154,Potato,6.913744556041754
62.85570865266179,19.908221532985003,17.95236774989295,37.14823511747955,58.5095379922184,5.654709816857179,92.0979766552075,60.00663685291987,Potato,6.9729796264401145
64.95059423075641,19.13449086042887,17.095094258442487,38.07447710321209,61.24292258685861,6.5702911402110225,126.56490471025047,54.9789031624465,Potato,6.981546506712078
64.94950003456819,18.809495493376254,16.91503334170901,38.1027106876457,63.144975307530856,6.04734722634754,75.15942375249176,55.00095981692039,Potato,6.926677668762872
59.99000912854735,21.10910022738752,15.900595782225132,35.94873088398428,59.29010029661108,6.309963523875558,121.88838063431645,55.03592578653617,Potato,6.982579037917018
60.090754742022966,21.042799658013998,15.886915202190066,36.14415516712676,60.51914105418058,6.298154199515085,111.56947852712979,54.96820980555493,Potato,6.922744739368014
60.07056041444315,20.941466128976437,16.084551880729524,36.01930402042797,69.52984710261379,6.671528603152371,94.15503292947471,54.93902962542657,Potato,7.025185492372342
65.04107687446307,19.093862581014932,14.996552985858417,36.03529685558156,60.90635766047481,5.232036386031607,126.21924558401605,54.95678529637655,Potato,6.9897879958753
59.91968526778898,20.242977059207178,15.94795836929998,38.91800036999838,55.26570224308339,7.292537326168127,125.55301261991568,59.91131465485403,Potato,7.03225588830219
65.14704689065877,18.912960581652605,15.014107753777935,36.003842112934045,52.83022558006883,6.908098436869235,112.69359719615562,55.09023181874041,Potato,6.775524229392285
64.8795775035415,18.95978838089598,14.833458209144167,36.01072996454522,54.20060940459513,6.666513206518722,87.15294937720856,55.08786236156864,Potato,6.890385086126917
59.96121980856506,20.03347140986049,15.845575086615622,39.02597117605579,58.972196301067996,6.621963200690937,122.70809265994056,59.93410150033177,Potato,6.759906264827854
64.96912476153301,19.092451043976013,17.1536058605683,37.9374543099929,50.30748603259982,6.0075525916083095,71.15569417824499,54.91340466208917,Potato,6.974612840390712
59.90019309929281,20.00269968890518,15.87147877970145,39.03875527072027,66.12262562273705,7.030772186574628,142.60446322172703,59.98239861305731,Potato,6.89076257623628
67.15269764104958,18.24753071365898,14.998104739812982,40.10140147358938,60.93699288032185,6.442317053299375,77.14009306417594,55.98291645931511,Potato,7.0748710438724345
67.94237852583302,21.038399489285645,16.03205134436146,36.00468951112755,60.45716326408253,6.524828061224569,88.40426148888389,65.0019388894904,Potato,6.960034655026181
64.92584423889555,21.15547185407224,16.120314966364,35.9648499512829,49.62011561989342,6.207258915872789,139.2765331026062,54.98303944156535,Potato,6.88055003291989
59.89394005837497,20.03504062094925,15.876922574988852,38.87878768126849,58.81537804431473,7.033663409744708,122.22930933025205,60.18113718121344,Potato,7.088743089237053
63.00335104943319,20.16057639625911,18.02785941452573,37.054610091554885,58.94057619726692,6.871587550925129,136.45795422225254,60.05130866311076,Potato,6.966150943023309
67.81659702801176,19.960273321445733,15.838440564002193,37.87316105379247,56.871295022386505,6.546432661419828,120.59126053749031,54.98689312220619,Potato,6.864856176801587
60.92612891094751,19.9788904346779,18.146122941771637,38.20426949967912,51.42254813594593,6.124247724200043,106.56706639843694,55.00515088735757,Potato,7.085361494268313
67.072016974261,17.91141295166556,15.038978297753951,37.10440700276092,56.548598721567444,6.637228458074503,88.23571408165552,64.9842334542369,Potato,7.070386339802188
65.03202290557091,18.89241020672427,16.95718030901148,37.99351538182568,54.08032981741562,7.03021191486623,115.25249728181295,55.004408016606256,Potato,7.21675686053484
60.98947933566655,19.924204232461825,17.952274642749533,37.91087458560794,71.97649355823918,6.80400207102674,126.87905527782557,54.96730718389404,Potato,6.794585126678129
67.93493179449999,19.902229823595235,15.876947880984948,38.05358486250119,66.41414362606949,7.151560320062189,103.71511698698689,54.86549674948149,Potato,7.074271886621225
67.97387942978416,21.02592278627714,16.026136140377986,35.812251265388895,55.39684134848541,5.712049427617856,101.37798641030889,65.06127029058459,Potato,7.030515476709443
65.0214998847612,18.962029400761825,16.998255407274502,37.730071360408985,65.1559568570312,6.358471502651152,98.39378931761294,54.88096203714616,Potato,6.751933202498177
67.97621382245522,19.905886752947747,15.85025980169598,38.02495340501814,51.898151992073025,6.468803894242993,94.80426325361579,55.056837467327945,Potato,7.078757576529664
61.03403181047926,20.062734184006583,17.873873491203025,38.0258669162179,52.44464117458647,6.801372672690157,104.8163522441572,54.93978400039986,Potato,7.010451575399249
64.97127385184955,19.079245245673125,17.12914017770296,38.01518171124635,61.39764995511305,6.7448503345105335,93.51411915366825,55.12558288258976,Potato,6.840941625134801
60.90439931299446,20.035976683356317,18.030026327017318,38.00984684434948,56.59779993686344,5.871888675833162,79.44726284031145,55.017734713774594,Potato,7.193108387896854
60.09250442309735,21.13615362181045,16.19887464079871,35.93940550437146,60.04923143875516,5.314984762906929,96.02274535870404,55.08335055169464,Potato,7.037459858427424
60.044962514366375,19.865742340377725,16.09398489205228,39.01713571497333,60.17609873481448,6.5897064133394245,127.9590460201867,59.9965039746872,Potato,7.140682276430659
60.13338282635251,20.04577498433829,16.062173496491376,38.92219207407236,62.52726836251079,6.04811869731902,110.57346724679925,59.95897002212399,Potato,6.944701694512828
61.093146623327456,19.841580509805265,17.951982755786172,38.04516539139279,55.26397105506821,6.829411952977932,139.1899233592886,54.96826734880253,Potato,7.014349249755301
65.0221600220769,20.877623670065844,15.901800915697338,35.92808907306206,64.1906394793656,6.68552610669803,132.63885412917466,55.00187468708719,Potato,7.020471376992715
60.047312473928734,20.996078600742933,16.018528627919164,35.99322575649307,57.23119228493718,6.935453062452502,93.73940488439757,55.00016684055048,Potato,6.981649852621382
66.96090967975468,17.894582056545865,14.9376674897506,40.005025175898005,55.53424852003101,5.938499126792107,134.13278364503464,56.076570089290215,Potato,6.959174916079531
64.942911181344,19.11533604877143,14.79629721964843,36.06521684936832,63.710943412765175,7.5492026367945995,96.81265576416921,54.99305974091024,Potato,6.97336922681109
64.82001306332502,18.944039831784504,15.04615224991967,35.9898094108434,51.56976855548654,5.87516649880631,105.76545294919543,55.09413393336995,Potato,6.987548582763791
67.96509140140358,20.74899319281836,15.828332092107503,36.0993368293828,56.50916440777139,6.497062723618781,95.07170425378449,65.15173733510005,Potato,7.119626993123571
60.998037324236485,19.973746479222044,18.046718996113476,37.977192816217006,59.77697585870979,6.897690974781969,93.35091518050521,55.00640010996284,Potato,6.839695242771234
67.02197908317753,18.037966165203866,14.952809715235878,36.96504213269601,55.00021272130844,6.6932643454818415,83.11580839721518,65.08365957391315,Potato,7.10997421339384
60.07229755942144,20.96170228971312,16.03126729396148,35.9056729821727,54.809306697993904,6.272169909492871,116.3614218503715,54.788892958832506,Potato,7.012515837567217
67.01661610552733,18.053491482524592,14.962674758783288,39.84114683822029,62.758632901773154,6.690277107873998,160.56679998447643,55.853619301921405,Potato,7.009724231974185
67.08139591452756,17.86345395460337,14.88605986053499,40.0193851508788,70.51848670071588,5.841129520104166,114.9248083554072,56.28317862356166,Potato,6.871544029149376
63.00029064101849,20.02802413973433,17.847705671205027,37.06766232935305,56.285408047837684,7.294974951750849,140.59551350132526,60.07144854222627,Potato,7.082324211255997
64.93699795452926,18.86130026099145,15.007215652081172,36.05301079580512,55.373615688042825,6.954125319521087,78.35539178191263,54.95370448590311,Potato,6.767421824740114
59.97838936750559,21.11115011547533,16.055966934791318,35.89708888267854,65.52331802199824,6.54437765638404,148.28948598032645,54.88722142302071,Potato,7.012423078773871
59.953108187088354,20.851961456964407,15.781279135184064,36.05469581493828,62.74270664699894,6.3460324235873635,129.8695891069077,55.09908911050852,Potato,6.958057330268876
66.82683073875005,18.06907791126272,14.926326907599943,37.117000750255066,60.86346964904174,6.0841342773499285,96.56745591003927,64.96623241934064,Potato,6.984463612775556
64.97655777663701,20.954032643014564,15.785037992285654,36.07090519062006,58.30845809848128,6.519842270524943,119.84150888710555,54.94288846337757,Potato,6.995478080319595
66.83309235058718,18.033185030979435,15.040633038895129,40.06730183076281,58.474264671057796,6.198984007902915,133.53859307350012,55.91101419759157,Potato,6.948019058096815
63.02065968528101,19.7238741691382,17.91264630295789,37.10782496280944,56.26117439471607,6.984074173284687,130.0521112025697,60.00211002557865,Potato,7.005676686596265
64.99547332014872,18.94233012494024,17.116922827295454,38.07811782554504,51.77807012228331,6.379989187621132,85.12828464073685,54.88303284005434,Potato,6.969003741652698
71.15489875504149,21.14928668765407,17.01867092460435,36.14206906402923,60.20982010107082,6.191675987509462,99.85054384867998,72.0176932789079,Potato,6.912422082422867
60.86744879290602,19.98625005598851,17.908124035610975,37.818634920084506,62.19299829488843,5.807964044716062,113.29812152914735,55.08395790267183,Potato,6.816613355527768
61.22996702014053,20.27417126359749,17.91113129888504,37.89532813030155,48.117500416075075,5.309722588202112,111.0403824908216,54.99343383824382,Potato,7.211496332745866
60.0206944844908,21.11015398498769,15.844676988145055,35.97998848036448,68.13196885167926,6.724614577403592,104.90516444286119,55.00566523035295,Potato,6.988290103867447
68.12016331468546,20.97038444364651,15.948711647006569,36.16834660873534,62.528844511714254,6.094959574584609,131.07248949309087,65.03295731887351,Potato,7.20602214967338
65.1513990084006,18.821321397687328,14.977742120319446,36.12169037153151,54.28695559183341,6.03591883743382,125.1690143708616,55.174764745422834,Potato,7.136490700932579
60.97383815938249,19.979699291362824,18.052877717420756,37.94382974742652,61.56215606856737,6.3619534199577075,132.40332835178623,54.82059169582635,Potato,6.845862149800926
65.02491197862099,20.70111422360822,16.06850869111731,35.91260901980022,63.436476225339334,6.882831570916783,148.05617530953904,55.02115899859822,Potato,7.089981017387242
67.91525881461044,20.99927384319574,15.904811132305303,36.17749991908181,62.821727232210726,7.354496470527182,92.79018274771967,65.02459636128722,Potato,7.021615020558404
60.025765126449954,20.06841648388093,16.11890840896527,38.821505112584106,61.596828220370234,6.213332693194672,119.09028610413336,59.91098281772141,Potato,7.031647581971789
64.91718150189875,18.97770258283258,17.06611105150089,37.91694678252357,51.81419777943166,6.485507323467689,107.6277565257556,54.881079921736685,Potato,7.073154843498186
61.05533570041577,19.9297640535836,18.126278800356825,37.9190038746984,55.92165706811679,5.881852825312776,118.55987636360612,55.12934754121006,Potato,7.001312519469606
68.09416172697124,21.103386105051463,15.919959698351818,36.14058634362829,56.084157445656814,6.109802447773063,106.58868634188703,65.23022384790134,Potato,7.123590971628198
60.0,18.0,15.0,39.0,53.42359286474492,7.2702349820812024,111.7000204142132,50.0,Potato,6.0
59.0,19.0,15.0,37.0,67.93597750104146,6.4598044721249686,73.64199420067088,50.0,Potato,6.0
60.0,18.0,15.0,39.0,59.11337543883436,6.5731795004337865,96.33413755209864,60.0,Potato,6.0
61.0,18.0,16.0,39.0,55.81204906342197,6.418541658587309,103.62285572544393,55.0,Potato,6.0
60.0,18.0,15.0,39.0,54.53064184548365,7.146400900884576,84.85097384370312,60.0,Jute,6.0
65.0,18.0,15.0,39.0,59.909155539636565,7.325695689971026,92.27240592103247,60.0,Jute,6.0
60.0,18.0,15.0,37.0,63.459354002366446,5.854246796506233,115.0692675133267,50.0,Jute,6.0
65.0,19.0,16.0,39.0,58.540440926679224,5.70731408729136,112.39295622753802,65.0,Jute,6.0
60.0,18.0,15.0,40.0,65.19893876434817,6.741371856124776,106.57770394677559,50.0,Jute,6.0
61.10238596156178,18.14063579196405,16.01011420163833,39.04555589152292,57.14827833946551,6.396071281180352,106.90113915241518,55.01974444255944,Jute,5.975342243749046
59.95680774742854,18.01178545542193,14.964091190211612,38.9748795434725,64.52549442804718,6.783744771645385,140.2372301206945,49.99251094751202,Jute,5.656995171841251
64.93130305785954,19.1203268916626,16.214564747985158,39.162347633667935,54.33118889117124,5.877398236553387,111.38178021273089,65.06244175974044,Jute,6.02503982026114
58.97834461633983,19.129495795943544,15.197201162694094,37.11707266747529,65.549296918989,5.839047685959558,130.1602811521814,50.04270895835129,Jute,5.8935698106862775
60.180027337879686,17.93617040177206,14.89247084371458,39.00031462613988,55.60404687098019,6.408952891162525,117.07810150897896,60.11093481462801,Jute,5.921283475168272
65.12378116017096,18.888050556815667,15.999941301576609,39.064906585871285,54.913634297665105,6.416626912989798,112.97545209899317,64.86541711979234,Jute,5.93572189527567
60.04323739748629,18.08154036893553,15.078617935567728,38.96956107331935,55.95370520321427,6.103249976332251,98.71948980527134,59.817317944453336,Jute,6.098225577597263
60.065277793127706,17.723223305135086,14.974164040231214,39.88378958370901,64.01350598413023,6.516173647229588,139.27746226700282,50.05255485332719,Jute,6.114470162241861
60.9235256439885,18.02220604103572,16.112955495202353,39.00931187078652,54.454043535648154,6.588045810372383,108.12827332143713,54.89573610128158,Jute,6.111743927704619
59.98809497313648,18.00163408390235,14.82675804624895,38.91966825325213,61.626824495017075,6.206042311358553,117.5562356121344,59.919120792282655,Jute,6.0250176305795256
60.95965969370983,17.807972492268764,15.784276385836195,38.80978163472808,50.9393286633381,7.090614027856351,104.11509474795415,55.02979707359557,Jute,5.89798177552438
59.98251849148557,18.05260045689423,15.10701628622508,37.07680380664327,62.94845312561257,7.218486657276858,65.43801936736845,50.30207801568538,Jute,5.953625644785383
64.84513894605413,18.02866974689257,15.12032963782405,39.07929426212474,54.45293841132237,6.303106332977268,77.39637965229059,60.111564710919126,Jute,6.0276441074725735
60.224216375770496,18.045540290101847,14.954027855226087,37.21129123218952,50.286608191239964,6.347468486759429,104.57102333409624,49.91522822240668,Jute,6.174175524152159
59.941774771314606,18.09625868563141,14.714460481126952,38.85116397117272,51.28215404942793,6.540420505691685,71.89073461272562,50.18417861176155,Jute,5.990091890723127
59.800367970837286,17.88245185462957,15.036205924510496,39.93313527240092,71.33267017912897,6.537973231482319,139.75233487166793,49.99809625577819,Jute,6.008909582953909
60.12458279243465,17.867702785233902,15.023106719727936,40.09813814256317,52.359081630026665,6.9800141658003625,92.75224482228523,50.11247949614224,Jute,5.934934704933366
58.93502000748245,19.314381903156864,15.06933643345,36.94590399488034,61.85510835930708,7.416882180440988,93.52823317873869,50.09803687010653,Jute,5.894228421042956
59.822799953601056,18.03735741909229,14.741796795352773,36.92113190086853,70.81303762395345,6.567132931032681,111.7701382888981,49.96444216951021,Jute,6.110163323583551
64.91922905977091,17.955560592570787,15.05313596140972,38.9791840155359,55.90602004036151,6.646377129249465,92.1795689726281,59.977952932474174,Jute,6.04712814173442
59.94312096270667,18.04421267808461,14.843543779687565,40.01386241524794,62.09292257715995,6.870506528423343,101.77538132912595,50.07146328792471,Jute,5.863958446000606
59.943056619814826,17.87478344173561,15.087097190016165,37.01526811515357,66.00894803464254,6.755514091975594,113.7107058207807,49.87433788498349,Jute,6.130347764410358
59.087849594143066,19.13096616406312,15.0844230194461,36.96982986031866,60.146015797471925,6.41637396879913,94.54535343417926,50.056930650367946,Jute,5.985209867738306
59.0599899304589,19.102962868736853,14.88411494996334,37.01521864647658,57.52174371925948,6.515539523968051,121.84550726524,50.05151066656968,Jute,5.9781381506625335
65.01675022421124,18.83584231154765,15.894599767304788,39.19605614002533,70.54647441498399,7.8274399624874675,68.54805428410643,65.02274574030034,Jute,6.185233387673538
64.87582569014025,17.98755690774992,14.994970045621844,39.15480177003565,63.99672299550766,6.684920660499677,109.78690188775072,59.96807687065324,Jute,5.967422186946989
58.922138632271576,19.18339771694052,14.896859903023277,37.14902221604066,54.51827496489218,6.389958594098373,121.13169365011052,49.98964597906187,Jute,6.243730188975968
61.04509540575967,17.936744467741523,16.145672107867732,38.944398738198245,62.764145538266234,6.570731853314083,105.39491986575038,55.02084133514567,Jute,5.960082303888508
58.83946573456275,19.10724930338956,14.951957402410242,37.054413122831846,61.35378340440619,5.8517528936790715,131.7691886579375,49.97836902421341,Jute,6.050076689471003
59.97936948207673,18.039750689125302,15.009316756530316,40.06898042072064,62.21658829244379,6.93228872512532,105.3998939225034,49.81587794188023,Jute,5.962533244241169
61.0248671360846,18.118976282899197,15.90424536606919,38.8490294916012,59.80597303403987,6.175716990862157,119.57534498541244,55.00173573064792,Jute,5.966978935907032
59.969445865400175,18.018616237374527,15.043195521194566,39.01348268725021,55.968398387208,6.882998638338237,102.96346399374377,60.04717256529914,Jute,6.004907271956771
61.01697602844976,18.016791489818345,15.911309897385363,39.03688115946014,57.4429802145069,6.6935609797354,97.28970759208664,55.02645726871093,Jute,5.922552186945532
59.83571234979368,18.130641959285096,14.949268605821066,39.08557275647208,59.155311004203995,6.046083780355,119.08010144588762,49.83274662094255,Jute,5.885942760145911
59.0210770667934,18.998999731337605,14.956058263165335,37.20592108229914,57.69600310420275,6.916073646892944,112.0035370878625,49.984601085076974,Jute,6.0171369427053625
60.00266477682223,18.17835086363095,15.114049649289948,39.04140767010173,60.67581155490795,6.963802635550869,90.69334020923435,59.84895940131891,Jute,5.786511233256006
59.9594461020866,17.979230806917027,14.947587117039966,38.95236675505066,62.14120470747799,7.328673779264769,98.66444802808373,59.85614829322012,Jute,6.005068605656266
60.1046690565119,17.9429458086875,14.905590561352527,39.06891450557652,54.60898081540339,6.42662212321529,131.94412783893102,59.842682078776654,Jute,5.992975516724244
60.075234919149246,17.83328532122606,15.089525180489408,38.73445401797762,62.64692495297914,6.42187363716306,105.88139346019203,59.98826557538776,Jute,5.995468325848857
59.93549553471385,17.99863985322304,15.043446766615473,38.96571333997654,54.79515922757869,6.832682620006477,62.15364916718911,50.12972300196648,Jute,6.2481215841878734
60.089533954747886,18.005213717751314,15.049526529290077,36.95139254525091,56.515277624813116,6.637722267782001,155.45534315106488,50.02126592506129,Jute,5.957205293295975
58.87101546488938,18.855876842618237,14.965433066680813,37.19493882897818,60.870393225800704,6.524820841246506,134.88105015251762,50.08533693719282,Jute,6.014086874042982
60.904721094247634,18.046450003841283,15.965403058962048,38.95418925021953,57.494120737418356,6.70027950705079,104.92033971328246,55.11425785295116,Jute,5.849512114532993
59.80369295610939,18.04064637790996,15.043685379833883,40.05642281346214,62.205064147238225,6.536192499352111,121.68376795789572,50.01013618928005,Jute,6.054492074640501
58.99901735999914,18.91285532138061,14.96953561409942,36.97087268370494,59.79399988919283,6.4054591051398635,107.11811675344913,50.09920605410918,Jute,6.0191224212217325
59.95119979839962,17.901725222726963,15.092755617161943,39.034670042975065,58.81279076530931,6.608127803498101,106.06194688642321,59.871625776741205,Jute,6.021728179265803
59.9194089520397,17.817529271028114,15.15024021629646,39.027907850696224,56.5801603776903,5.759400629536205,116.67572781023117,59.960355898112695,Jute,5.949696266049876
64.9399007009829,18.915630754005008,16.074507906267222,39.03419008030792,54.07660248240488,6.095723250549274,103.48666596001642,65.187094419559,Jute,6.091115489414269
60.03924479212506,18.099373999212315,15.04750794377619,36.96928438687397,59.64244515061904,6.1282353049557825,105.04768767647221,50.01746002065839,Jute,6.087221106658328
59.91108283568068,17.9866409446299,15.045017250891586,38.98447152003222,59.81565033785728,6.355658028309824,103.6924663365904,59.99710927407361,Jute,6.027536086604433
60.06318392447471,17.925935221838177,14.92520009151705,37.04701026987207,62.128539879048134,6.120813348276864,138.9551885690653,49.9865627270437,Jute,5.894675766071814
59.9731271275743,18.0680179671506,14.850773928651869,38.8901463479138,60.74216437567299,7.120075596599729,120.1118792264286,50.18891079408471,Jute,6.012110447257427
60.15410992922229,18.061648635360104,14.924007941196448,39.116449375874936,62.109116396521095,6.896709652814365,111.49357156563093,59.99632808507801,Jute,5.850374119040123
59.91748133676601,18.097419372437287,14.928834506388664,38.93782001602128,63.7277240340134,5.776471527327268,105.47357951535406,50.14792997291312,Jute,5.848624075859757
65.13285512741454,17.950161054715725,15.097416336589196,39.02810673240053,65.49182567660164,6.522646811214964,111.14380729986566,60.298247874880815,Jute,5.876920065165085
65.14390254389586,17.844725346191105,15.01162724848062,38.87111948847575,53.861774120352386,7.09926604584735,97.6051742134973,60.11077142305451,Jute,5.995445098666354
64.96191820677168,19.04176193771923,16.16732084182215,38.87026388280099,55.27736682528396,6.017042372457382,90.98064945225022,64.91134994771286,Jute,6.012839494169819
59.9958173431271,18.125955851231065,14.975558345669372,39.90919202803956,48.36102754259751,6.9187630364103425,123.8429244058129,50.19817192711726,Jute,5.909966029358825
64.78412632744478,18.07152244457661,14.951615806932924,38.86800460592536,65.62193097957942,6.881585030751944,117.43270624269,59.999041414196434,Jute,5.971702966837224
59.11200040096896,18.94428161530629,15.082159344885026,36.825951818887845,58.46881470069094,5.423639054880704,53.72950138180822,49.875219225892586,Jute,5.941853184560657
65.03982438243446,18.96823040300276,16.04665346743026,39.16601843289207,56.03256588050474,6.803845428105523,69.31466486126844,64.9887334439591,Jute,5.897876302724707
60.87284553113909,18.061337857259737,15.96488888444554,38.87889623889089,60.851143648827325,5.730067451443308,109.79996122902033,54.9085817138849,Jute,5.987141429902521
64.92626996628957,19.001037936115328,16.124818781507088,38.88695070193274,60.696948740847915,6.690686595318474,94.73258921221172,64.9810619737479,Jute,6.029332173871982
60.95251783174428,18.06301104782079,16.221435551403083,39.14019114759639,64.22811403348621,7.197488734909923,118.67786257371604,54.877889938060406,Jute,6.094016224251551
59.83464092960375,18.05147158486337,14.945283669557815,39.94614624351525,58.57535337232543,6.877059868082114,130.3598119590299,50.04884572636674,Jute,6.050153327844127
61.10692109492871,18.020367527524733,16.000705778644303,39.07026235914418,56.68598502354314,6.203227274725725,91.64664867351655,54.77591420406094,Jute,6.018988388180419
65.07816086214459,19.14147785850599,16.036486185136443,38.808049205526885,53.075454071909064,5.985113640151633,167.9404292465873,64.96971468585154,Jute,6.026723363427693
64.9384134052195,17.877356278606594,14.936145191429588,39.02150750298568,63.03703929272587,6.6633790265675605,110.50030888863466,59.940730167369225,Jute,6.019039832215798
59.94100099759129,17.88118801006339,14.986338202286897,37.04572576743326,52.197291858361226,6.859715720022235,81.01744144501917,49.9472417503379,Jute,6.293188809875191
65.27572641563538,18.06129016339663,14.94708838231471,39.10795303079375,61.364514902630994,6.452443494172911,120.7581129196387,60.19220470515134,Jute,5.967136232802687
59.80300257856189,17.970588645905014,14.880481536957454,38.93017073704419,64.24150471328086,6.944363538971942,122.06823791576575,50.04002672557656,Jute,5.930482563968237
60.12768813856159,17.91951803666981,14.865126493493452,38.99544120271069,65.7310101068745,6.620933638140015,111.85512877189251,60.04151133805623,Jute,5.887718921897143
64.96595425523472,18.912086087958365,16.079805841231135,39.00447485975374,61.91635593333351,6.634438449498525,118.64094676738164,65.09521413107244,Jute,6.100692484935464
60.0429021871691,17.886478446794296,14.930278449739829,39.111615332384105,70.26927594710031,5.830308816872177,137.60672073443956,49.99277193267969,Jute,6.023834197269854
64.83479146089117,18.84433780625837,15.978744812768111,39.0188271851877,73.63704793912865,6.103869091933124,104.48869936138875,65.08139700596374,Jute,6.011934383680696
64.92849315355517,18.959897258691363,16.00764534486796,39.01432029050724,58.696275908145516,6.891902924295057,100.73065046926736,64.96247957413199,Jute,5.875409025272521
59.993413151785134,18.004340034703986,14.903591780773755,39.15978647944335,55.624051542555385,6.003806853927165,132.65694793934225,60.07551933125448,Jute,6.160881150390568
60.02016337141916,18.0419226949848,15.086792297375228,38.95591169816511,57.31252934819176,6.212452538616748,120.01075765614708,50.01781961407449,Jute,6.053945828553564
59.97398960857844,17.962229069045446,14.80178976875681,38.90726706653701,63.047714980529896,6.971993903436372,79.79314781295915,60.15188995554728,Jute,6.033364405894829
59.92189909916202,17.90098555770362,15.033606640242002,38.95871185719472,58.60468212752709,6.599493735574468,112.6263521589351,60.003273074684735,Jute,5.9725982206307
64.96097738642624,17.920140553317964,15.026809426771877,39.03329169655892,63.98005165709358,6.807215843215349,131.940432054498,60.04610834783993,Jute,6.042735548248815
60.14563884481107,18.0219879193776,14.986083854528324,39.09293669250867,58.97804477107624,6.511556509879038,136.8475123838407,49.97002895917039,Jute,5.918772219201507
64.89821708421665,19.031982071210997,15.909286305371586,38.99812335936151,51.42253911601496,7.0887061449318365,127.35999984972143,64.8749707965236,Jute,5.836376036230451
60.12165013137076,18.182174792059133,15.074409817713445,39.09201511676531,65.14563286821945,6.9144727971715865,92.9846935553299,59.93978925301678,Jute,5.834179635393734
64.96828258545277,18.863251139253965,15.985678855171646,39.21137506880822,61.027483190292116,6.371614369933236,119.3588664174238,64.94000387201032,Jute,6.183023491682645
60.12427298340142,18.005896233711578,15.194722032793091,37.07582047711802,64.84809160332786,6.188179584751574,109.26000258136183,50.09557497584778,Jute,5.954484129243559
59.91400078091427,17.89052320368671,14.944539563954873,36.95640335226675,61.58734460110692,5.765601022514737,136.70807206377157,50.094321618655016,Jute,6.002102474941995
64.9065814688112,17.904077414678568,15.027404949344476,38.98434709723168,63.39658977430014,5.347423939730906,115.93104397972228,60.03690142323127,Jute,5.952327502089502
59.03081229636941,18.859515820143137,15.093822540260216,36.91723659245275,59.16002593256268,6.452504901317883,94.31445100795943,50.05323868677895,Jute,6.081526954625523
59.97577349767335,17.91603880094776,14.945264456086116,36.83890703594773,58.389959253252336,6.604119007038536,99.00525920270124,49.961306352600914,Jute,5.851014895767884
60.02214915538245,17.898341767886045,14.849349366342096,37.11326129404649,59.912531962046735,7.2891048652925114,114.69366099056431,50.04355627906874,Jute,5.875242615781916
64.9705990811713,17.882117647475837,14.980948250332087,39.16438902354145,72.73648725494702,7.023121227388167,99.23511076153895,60.05434451604326,Jute,5.959701525748042
59.86220408274724,18.07531953685989,14.981636267420848,39.04944831105982,55.491704139160134,6.688152284504924,108.99642521766972,59.97285911283654,Jute,6.1645161300658415
59.03280945357198,19.103686872073546,14.906015689229225,37.0247474400119,59.82332040431903,7.072080328371445,145.8106924109452,49.98058282630127,Jute,6.019997519344163
65.07784024474789,18.854800553024877,16.214100301585795,38.84999242178917,57.76968500955012,6.409216311880892,107.50860798838666,64.85376826870748,Jute,6.064664296842459
64.957079068194,19.093602140497836,16.008105182078637,38.93307439724044,60.28459955149855,6.670386132101146,156.5457154211616,65.01884139427884,Jute,6.141407120064606
59.899435946036,18.031284760422064,14.991718654840517,38.90731191001837,53.87069743227336,6.906290421678538,86.11756047488942,50.084896344832856,Jute,5.871244335508683
61.007357977095545,17.990630777468446,16.06626222306056,38.929442908266616,62.54040314540403,6.761369078442462,102.94687484997786,55.01519556340805,Jute,5.965127271695248
64.97084057590858,18.97870709740185,15.906694091879295,39.01205855426669,62.76010410539436,6.46792048133435,91.9347820541455,65.02711273150095,Jute,6.04944057295619
59.90548790467791,18.217210598914367,14.931889098630352,36.91758530336394,49.64082651778068,7.075416254056726,103.71374453848037,49.7556072554437,Jute,5.8503157144834015
59.96137437849231,18.128960758581982,14.904685530110036,39.231433681741606,63.281720177854176,6.593412384638765,97.65362122264735,60.12104971125724,Jute,5.9268722380216445
59.96506298660788,17.94949967205737,15.08435063755639,40.16125172724932,56.72069386357145,6.19442654841338,111.83120662011848,49.97823091973348,Jute,5.748854317404888
59.94878599826136,17.823550948868682,14.828427021790567,38.94507968736752,57.20646248315678,6.0739537618780215,137.14631305732271,49.97994925742517,Jute,6.058504052572682
60.00772249055633,17.86581983048674,14.994364463397083,38.88585451552272,53.31307410825754,5.722229653336894,115.22393974326017,49.95694383639599,Jute,6.107057660258446
59.913289703041926,17.940366630549335,14.98069110447763,39.02823614867622,56.5126111509637,6.880887120472402,71.95637979834072,49.89205214601071,Jute,5.988693443928601
60.06249216947207,18.195024209595395,14.934115949473318,38.91919403502495,56.00936749281539,6.21566389930568,105.20591225831332,59.94073436701359,Jute,5.967525606237983
60.05587801443808,18.033767133684204,14.950639228353316,39.11713937015201,67.74295706441866,7.218520007069498,120.15332059659985,49.90882721140376,Jute,5.972767541197127
59.96680635056335,17.91032682867863,14.783774692469368,39.91271044681519,59.541153621306904,6.157635033978646,101.50847954317874,49.94648700313234,Jute,6.047033639154145
60.904525882130415,17.998667412663536,16.04488349461064,39.05233631759242,63.30890118484527,6.841654910731934,116.31913061028428,55.0015147624131,Jute,5.993338461690154
59.91050437239252,18.06328140163289,14.835940857825772,38.94435434580876,61.96762691863698,6.867771818130764,120.71968065851561,50.053234042240845,Jute,6.123833894834089
64.96834329235064,19.092008365589205,16.09491284678104,39.080470711741214,58.56103748535927,4.894508201897806,114.66187477491486,65.13519126825955,Jute,5.916257491992095
59.98979407420008,18.04964521334417,14.817493315439014,38.91508825469916,63.99060176727981,6.149835465491999,129.34123427063565,50.01910015539652,Jute,6.088927482781907
59.920094249588864,17.957424753108757,14.84678680600738,36.98265160847606,60.99073428841985,6.536275371275114,118.81954240959544,50.138512913035605,Jute,5.910454180925739
60.18203752668596,18.13952603924008,15.018765585862791,39.95772454090157,58.52359465837531,6.380232766829953,122.38410638482097,49.8547549788042,Jute,6.116088857784817
64.94429862762082,17.944061804965862,15.121015727141582,39.01987708114678,66.94368178492542,6.711662920988532,106.58992768744392,60.04793964826876,Jute,5.943595955387728
64.81311268716878,18.941640829698905,16.064356558193175,39.00291960036324,63.639480357731685,6.444996462567485,102.14962575123836,65.02110580023795,Jute,5.984184452912658
60.205939187898096,18.0480724315813,14.872656825414042,39.09944071788254,64.06688164112359,6.315074412933875,80.34705219066139,59.91162505556226,Jute,6.130395417286629
64.91165499122897,17.910449525897363,14.872612223630274,38.903449350551085,62.875243090523476,7.170066755419463,81.21642216104043,60.15423891938924,Jute,5.913480345840541
60.13798670883039,18.002475956600335,15.058236916861777,37.16492084938103,65.37606717141838,6.742200745949157,105.95666077164218,49.93162195827219,Jute,5.970941755471621
59.90047979089697,17.932033264245618,15.011844647945656,37.17863346146759,57.697149914731106,6.062927324922986,90.46818663343706,50.03348583880719,Jute,6.003309356708709
59.80121212409392,18.078410317014345,15.043464791418389,40.03343135279876,54.36842007308241,6.894655460210979,143.75192518339028,49.99112935697841,Jute,5.916313993593607
59.84570930929598,17.966612525147024,14.99560965233385,36.97967811676213,64.68524304283783,7.373004264251449,110.55587033770907,49.90162576913139,Jute,6.105006064462937
60.01978236735496,17.890262502054203,15.109269131949963,39.10712087745237,68.20638788423747,7.145180439026357,145.00924230256516,59.83280108274895,Jute,5.951059927006262
64.83314691409055,19.14512938785543,16.11032475819224,38.96701617974576,64.14297202231313,6.717517797485812,133.69254180925225,64.94515581683497,Jute,5.884956192754736
60.01926972176081,18.088498896954388,15.020908834169328,38.96860040964496,52.745132775182725,6.002345630930367,97.50308401902616,59.97886970072869,Jute,5.87331954197269
60.01636757341853,17.914281941606635,14.960255382625316,38.91411805684898,63.55388351173791,6.364411771304068,124.48622485747738,59.87379204083825,Jute,5.898607269723712
60.05184087320825,18.1065038566804,14.935856523198662,38.9124649735576,58.69475168079963,6.1849720130760675,106.85202334394997,59.76524003554643,Jute,5.9231927069017125
60.00510925975385,18.1342337130664,15.066052002028131,37.02529194796978,63.66048307577259,6.934597808724845,143.17669868758722,49.89216028401843,Jute,5.985961469621681
64.916417735084,19.198421692746745,16.08967832988633,38.87463617842035,61.14200560529517,5.552127110345404,125.48840803710445,65.0657751090252,Jute,6.05152337844665
60.07020075039019,18.019099066422463,14.908448775105668,39.11444378325731,47.898969562164446,5.538839871377215,118.56036925006266,49.91644334401269,Jute,5.886814889901733
60.20028379770278,18.03282745751634,14.974250076296928,40.02678658315151,57.38421881103249,6.006429914194234,104.6751032522553,50.026246965560254,Jute,5.908770710695816
59.12743393239816,18.93917879410138,15.029612594885435,37.05413513290098,55.16817257967705,5.781918438737359,98.68031440313408,50.153611690280925,Jute,5.8416932964996
60.03200599286652,18.100698367125435,15.0339035069321,38.96610385825036,55.23411641007903,7.098427834213217,99.24253600009392,60.073334765498494,Jute,6.009638775725662
65.01953700367635,17.80191204912119,14.905991042716249,39.00328823645164,66.57865531429003,6.966760405599586,90.97732046705038,60.01576701209993,Jute,6.025406680264103
60.18267922234087,17.923210767592092,15.061524933242536,39.00980736925377,53.690741889856,6.261039493525717,159.58385151871187,60.145931991235706,Jute,5.95335004882713
59.03643598094003,18.982206560271685,14.94810748250901,37.15981645619078,60.195022262503585,6.49569117513673,95.5727076533365,50.01218733060048,Jute,6.129817790703648
59.88958816004098,18.210429314370305,14.90757725166106,38.8528307493738,60.70589894976367,7.830753429913407,104.44002214040577,60.00186679777703,Jute,6.044792060967305
60.14645801227156,17.77300524986858,15.094982772969091,39.147227322550464,54.69315526423827,5.821109389887808,135.26367341178747,59.848451363457976,Jute,5.960423400857323
59.94151218703343,18.061700495793986,15.016396575899323,38.96637354135848,57.23215021100085,7.338671527857892,123.59926667468991,50.150259430539776,Jute,5.757459960601605
65.01345759023776,18.95344856803895,16.251397853285127,39.16308046624728,63.41898531123887,6.248903568709124,105.56820093485494,65.11174645457422,Jute,5.917452461423465
60.06408726321804,17.918325048505913,14.850226602616294,39.00366203409968,67.44179546905305,6.598235575230122,88.87119966099425,60.15522919282331,Jute,6.185422169274501
64.90476339092848,18.87129737589935,16.16761285381119,39.13354261310792,64.11716038301432,6.90406126686624,97.92469525598567,64.82567609015675,Jute,5.966525857915276
65.02782411371109,19.12116314470553,15.904668540125918,38.90033929151111,57.63487194795168,6.81335151928041,65.7579650700032,64.94470361422617,Jute,5.929421133969262
59.05787097844132,18.95431181839063,14.915814585918678,36.81937234911548,58.693523196932176,6.733856207201854,116.4566805677672,49.841370413475474,Jute,5.96782230549396
64.99165559611258,17.85599307893795,14.882543769948631,39.08211939774948,63.87644290216395,6.8622089903530545,98.23094774820494,60.04694876078783,Jute,5.942244544326071
65.1426686297214,17.8114264475607,15.167746063263545,39.03191928404719,66.09529530797623,6.139822176183975,91.9739640666053,59.99794310669631,Jute,5.911684584863311
61.07602489703629,18.02666173280596,16.047106635375318,39.1136877434527,61.91332081696979,5.377977352143333,87.04138199511809,54.94267575214288,Jute,6.173554297478862
59.90020839338601,17.91934426487391,15.077191421902617,36.96220982445565,49.30377740506617,7.061284873006493,112.36538265934516,49.927612406947226,Jute,6.110967284447612
59.87691012188013,17.944293301714957,15.153331021400575,38.946218872370224,54.855302836175234,5.666605681866291,116.83666899042228,49.7514355255106,Jute,5.957691238336502
60.13292711278772,17.940708894194042,15.132198956321812,39.1066599187532,53.9556103208681,6.825837954934878,93.47832681828376,60.11608965586852,Jute,6.052904831170173
60.10674156950667,18.032829091032767,15.016834646703014,39.08530586541237,60.492250264165506,6.992701173167651,104.08986555225435,60.06266050363672,Jute,6.024848643155741
60.00923754167785,18.19517660857189,14.94533642787856,39.01468168537044,66.10449853457152,6.201100383743864,106.5001296166322,60.06769775154544,Jute,6.144992686157188
64.9420783579553,18.03191254022206,15.021845823965778,39.072527936326594,64.17986463764684,7.004690606177045,109.18403620510243,60.03541717308342,Jute,5.881107396996815
58.972484971785065,18.92964858506128,14.97459035322296,36.86329665863707,63.37968993307067,6.251236212389496,97.99386370591318,50.03721299895556,Jute,5.908755260827229
65.00095600662016,19.086404543835123,15.957453769789389,38.97321391767844,62.41328038346386,5.751170829670567,135.702576071161,65.16068051107602,Jute,5.896301978843521
65.06942883034391,18.93347529184189,16.027332724121912,38.82460133728964,58.217721289875016,7.7883861518934,154.02915182812515,64.99369534770015,Jute,5.879430831642523
59.00558374374192,19.11173160233464,14.902552457414687,36.90172645219951,59.00706733555989,6.630475671019599,123.32293649769677,50.01064689664258,Jute,5.777345749073325
59.924557082342886,17.975033309777196,15.060040339682711,37.03007671997321,55.12703119240607,6.226984646091778,127.02968785423062,50.08262243251499,Jute,5.956009242033144
65.0880241515117,18.058866980353734,15.120883374250669,38.90913829701096,58.91247327313586,6.909680559884472,88.11781107667639,60.18339772517788,Jute,5.990303288424178
65.004136756697,19.062825369549035,15.885479114164394,39.07264051935363,63.96980605100649,6.953685843000324,87.76469768820031,65.17538426896608,Jute,6.015286316560937
59.99876815375024,18.147253379228356,15.010975826563918,38.94204354967559,59.765153217376636,6.223633504796007,98.77741167168269,59.97609237917008,Jute,6.130226555192673
60.03360085958661,18.11911859379262,15.14145767646031,39.93012655810339,60.31127979011831,6.138885649178146,123.36839487893751,50.066059547695104,Jute,6.15383631036474
60.20840517341795,17.900496025928327,15.103210937227528,38.931440735898704,52.92973150475818,6.8525435135567,137.3199679428183,59.92798739046949,Jute,5.997629698568336
59.998563809584766,18.154768673267714,14.9247904183277,37.02174939345048,58.608768025404395,6.079481950182483,129.61351509135352,50.04513681786037,Jute,5.992952837634966
58.98332956513295,18.950472616691297,14.972134459927029,37.01818352265662,57.47915980747034,5.973106387744706,114.53815769939362,49.92471668020189,Jute,6.115600440037313
64.97978647509038,19.07320937502269,15.885400382306727,38.74392942567589,67.53147488353629,7.01609179549994,96.41483384929298,65.00424472265539,Jute,6.0911335569693055
60.15132111511278,18.109817949329397,15.060560106367458,40.079470602581885,64.39425107199567,6.578098692414419,105.29350606780284,49.87202924225267,Jute,5.954391288149716
64.96773557058978,17.97376791617632,14.867440369743752,39.06918451730926,62.34463555178777,6.813877588783912,117.08843073609383,60.01056164089809,Jute,5.902084267431259
64.98909996159476,18.070913454931333,15.201812907716045,39.0807880829694,67.03487473302532,6.567769767900297,133.82559414279012,59.98281392056979,Jute,6.0099756884556985
60.0397031413817,17.94230294280982,14.96505763485475,37.12052345191274,56.78720420144131,6.629554403110817,138.1385547724436,50.14064705153768,Jute,6.062251673292859
59.92283862881805,18.078862131618624,14.978285278331686,39.00606520679922,66.18943420557969,6.383528142771279,94.72029468608338,59.91764477147952,Jute,6.020278020427289
59.970063445480456,17.920692922243493,14.978938276019491,39.16149218469332,64.55024128817436,6.634315974841022,80.93304231363585,59.79209067142346,Jute,6.007575000536596
60.03258026791562,18.06402070305964,14.995359883591473,37.01576776593872,66.98206641766669,6.697796184360014,96.50070103970079,49.825978956346034,Jute,6.062631825838044
59.92483569744284,18.072898310759264,14.85302264406337,38.77648888736136,57.77229367017485,7.238531824123029,86.5337953632106,60.109961141030766,Jute,5.967021495056709
59.9004839978594,18.041938084271976,15.00629967303951,37.19732258962222,56.39693814990165,5.738337056371746,112.02033504551623,49.97114446523817,Jute,6.087874170770414
61.00758805249019,18.04912010879242,16.11169190540714,38.88014250521326,54.31719234641584,6.720081387744711,134.3828693266909,55.065545708869216,Jute,5.954631090722452
59.94718870281233,17.85570381975613,15.04265324430221,36.88027893798848,67.22321521599487,7.036568154220978,104.42691766889172,50.02514633962903,Jute,5.985980691135385
59.943698924358,17.994730378893546,15.147632530070751,37.02796619250728,58.6641577346568,6.622483906305053,109.54667234525847,50.02282971463346,Jute,6.263301320524727
64.92191419861645,18.073403615675225,15.114604868130328,38.93609034543805,51.003532750778,6.387952832050151,105.74395587322212,60.20076142028644,Jute,5.947142500868302
59.14692001799695,19.0670074437857,15.20468876777552,37.08956415818903,64.153498727156,6.17124630878076,132.69971112102857,49.84036481810579,Jute,6.117094452504722
58.998682217036176,18.973639561029117,14.967568333198525,37.03497793325411,70.5293925144993,6.159069814129111,93.48733131910848,49.97993533715551,Jute,6.071299203715485
60.87517379981831,18.10191232328388,15.980008969497996,39.00081831961397,55.01461951324083,5.883704781175118,125.6339842552046,55.02739643246114,Jute,5.987731549139583
59.996160816814346,17.957163973168896,14.90329364672689,39.111995584570224,52.39288091120393,7.5056545261255,80.36403232602161,60.03630408262611,Jute,5.97818280126706
61.01570845615583,18.10696583810636,15.997204086923956,39.04451692137744,65.31033263311105,6.443099021171595,104.6338700072375,55.17979645936624,Jute,6.214492612717321
58.99605532210122,19.038910152063018,14.973432987758793,36.90776034792156,68.19314210275286,6.494672610623916,95.01372558735991,50.11282488617695,Jute,6.0218487489110935
65.02964725068877,18.7856849796176,16.014834774911378,38.95281668416288,62.847876171617266,6.4618175384881535,114.4792946093602,64.95011247714385,Jute,5.957628277536984
60.916634250532034,17.91602179210803,15.88608446210405,39.08021284912239,60.56720229344725,6.664806019941186,122.78824290197197,54.94096279984868,Jute,5.927719777499015
59.98210193192062,18.0040241957248,14.927661390862214,37.18099128828317,52.56336886317993,7.043494038791514,94.05088296607735,49.92602769406243,Jute,5.998075634418669
61.120405385885256,18.056187617886543,16.083880857254776,39.10784820718796,59.04256195736568,6.274704193466425,116.24644670998622,54.86534969835838,Jute,6.061484618328877
59.84746258415505,18.07231801428984,14.972524503039372,39.10087064530345,59.33872978300249,6.402897063539474,134.46512658285536,50.15996744045909,Jute,6.165360829125242
64.98886457854721,17.92082845528591,15.0396288937209,38.92328028004506,59.556521232904615,5.6562088877421,92.72907317633488,60.21209728104432,Jute,6.034644705920204
60.0,18.0,15.0,39.0,63.297862272046096,6.398169851885149,96.52299788467424,60.0,Jute,5.5
60.04849343870412,18.12356013323809,14.94024031634576,39.01558922893426,47.20051164646844,6.61414582888589,92.10862624658702,59.91090098032232,Jute,5.700017415139561
60.096651054677245,18.089600548457096,15.330707266094716,38.91812460869182,58.843231313240054,6.2135150680773705,103.85737732312955,60.05413551282598,Jute,5.496740781345803
59.92776434103728,18.002645289498584,14.960490121597193,39.11546292689171,65.27746417226622,6.398200407247862,117.86860465400912,60.13842441856721,Jute,5.21821159303399
60.11886153898279,18.08582454798743,15.141431778228124,38.93422941304208,62.38582149875092,6.085681334938627,148.33909690221714,59.79561599050147,Soybean,5.575282071541814
60.13981098286152,18.009709736317852,14.986394457181852,39.08433652990512,61.09032754551222,6.544039487854043,104.57993376122744,60.02760463490037,Soybean,5.475753237929135
60.13137441853066,17.905069828097826,14.778136268986524,39.15581110705529,57.108134949444974,6.715452380837433,116.23537444986826,60.00412281347016,Soybean,5.468526644909777
60.09985309550223,18.049157776677543,15.15035017401035,38.94841575290697,64.94265949162326,6.299548866757244,116.17428537135423,59.95915738529161,Soybean,5.501865787355022
60.12846039853528,17.947818440301095,15.153854069604945,39.02558448622109,59.74911108233963,6.606622252256987,64.4671814171138,59.98410857148177,Soybean,5.376898734005277
60.0351065873547,18.091658923927497,14.94192197033845,39.03121536192664,57.16908332867123,7.308359956410597,84.61014222923191,59.82760702890787,Soybean,5.525864088906214
60.052275466010975,17.878727644667304,15.08624858444343,39.1354989460912,53.663147803148625,6.789614562297948,124.4273268031608,59.699740931256834,Soybean,5.417844988569634
59.99451708887291,18.011015674907178,14.766775148491568,38.87693515418033,57.1216021712991,6.344583836208777,134.64156229454537,60.08691959168534,Soybean,5.64722003326735
59.92082508916484,17.980330085773733,15.113527470187693,39.03294129166917,68.34989735067239,7.045761946730085,100.72577300943239,59.89100325358108,Soybean,5.589250742740004
60.12166399232727,17.885731554148766,14.927194543240962,39.00170445632332,62.75187628715751,6.2198708941243614,143.39520133485823,59.77176672865746,Soybean,5.569410649942911
60.07019091791887,17.94065238830068,15.01742006778217,39.03070273852696,59.60053155993004,6.186444821795013,113.48415775538285,59.94380927417157,Soybean,5.581275181637502
60.08716019268847,18.025046614290627,14.90319488546352,39.133965087896,55.6570691013203,6.127713563194295,116.66350477125022,59.9213479147168,Soybean,5.486578653261113
60.06525882420397,18.015836534773275,14.91619084963634,38.90828071286827,61.93097136039744,6.161151106433136,106.08773899908073,60.26919510313895,Soybean,5.302433243813782
60.196809947458505,18.056293648202697,14.919653490744135,38.90430594712058,56.348417251802346,6.30019186182366,127.07093820656002,60.01160966185071,Soybean,5.701998430045253
59.86589217513221,17.947252194902383,15.04100618499804,39.08224191414899,58.18961808642464,7.1844895959496835,104.18600345150715,60.08953652497995,Soybean,5.612366009133021
60.039958571892,17.84217877394741,15.187051195572074,38.92413030593332,57.88731412354132,7.33969343701538,97.59995147309255,59.904323666948656,Soybean,5.4623578928693055
59.99308167041659,18.02359705014463,15.022561473510116,38.98160707557643,59.58110612977647,6.1864896261417694,84.34419476634659,60.136484710516825,Soybean,5.610484379231391
60.08429368104653,17.74934100115236,15.006213130586174,39.09051776092611,58.85426548155424,5.957703734670178,133.59142282005453,60.01271226436448,Soybean,5.4358827200093
59.99104343772532,17.899063652696547,15.138781283324963,39.05555163386117,66.0319136045642,5.919125106358486,116.60499979364751,60.02328129569506,Soybean,5.456488829939566
59.7880595763678,17.960351523471473,14.966095818577974,38.94798278994936,61.3863216980133,6.264085971575493,114.37304793543589,59.94913366907152,Soybean,5.427893512039223
59.89483466648378,18.06689874336409,15.011576894089854,39.09021076617912,60.76504344045122,6.542223117352918,65.39384666037257,60.04748922884386,Soybean,5.719416399611541
60.0525351788069,17.873806349472677,14.880984467745105,39.155074025451626,59.173208439683094,6.581115203571082,119.22600768697544,60.11404526376408,Soybean,5.618522168762183
59.96790855296953,18.004671493852392,15.014417948530026,39.02114365825235,53.77862751026879,6.465052548190087,120.00200800853135,59.70234738993168,Soybean,5.610886805528356
59.98347741120102,18.178515393138596,14.917182762570985,38.91961610413312,56.4225988284309,6.181900027138167,132.97421768323295,60.0546635195815,Soybean,5.398193832266286
60.10830950039267,18.14966872205178,14.944764526991824,38.91970130010882,64.92105800806513,6.00647947373675,125.37906387175681,60.08662386840705,Soybean,5.410269409541245
60.04953476664915,18.062457847816148,14.966951200957974,39.01359669681288,57.88754770961621,5.606746728599942,131.18333977092794,60.07717583917664,Soybean,5.454935911623905
59.96978047951832,18.1702555259326,15.217845473767118,39.05460062796601,57.239565002403985,6.851400879183433,155.12900578914503,60.02823534892694,Soybean,5.577747975355507
59.78876408054022,17.9895234904514,14.99083485423904,38.91057000547084,63.17524050777788,6.483984242889896,99.495869025084,60.04691299708618,Soybean,5.601129917911515
59.9986705705351,17.969056765811356,14.933636826478883,39.12131066123774,56.7436008361034,6.25498611452643,109.25350546750907,60.1179156994378,Soybean,5.2860348903618215
59.90686454978454,17.9419312623819,15.073942541469943,38.927809166532576,60.3852348779558,6.129559029018521,120.30499807812497,59.93966033476665,Soybean,5.599340990449466
60.199895747042405,17.944994667465494,14.898806733951464,39.06371350707101,65.2670163086741,6.82594729013487,117.49643551136354,59.98410642105914,Soybean,5.3491188241621686
59.80205138306314,17.945388712774452,15.092384350089803,38.92050950365704,58.878237710687024,6.566653896422998,78.5022141584997,60.10986158666742,Soybean,5.412044714511635
59.8891466526524,17.928325684851576,15.15824128164447,38.92873756741847,63.91545025587703,6.1300478207640445,108.0075630747707,59.95590033453591,Soybean,5.455961371128694
59.95857736247064,18.082491127949048,14.93789535660953,39.121545136721146,64.44992973732889,7.05176811982897,104.4296549911645,60.13852236904916,Soybean,5.565932576717217
59.959133716566924,17.994972290987086,14.923300977184148,38.934376904205074,50.75504773171478,6.898598953674541,88.07033973670897,59.99892252823055,Soybean,5.56198403313711
59.90550267055351,18.228701442815,15.123160896800696,39.02317455504529,61.43462222538775,6.530662005360553,90.13708000916786,59.88753154611293,Soybean,5.4884627515823095
60.1809788949379,18.105936846420377,15.03327693950599,38.933318996684925,57.63119968115245,5.535321676651944,81.36293886964322,59.9429824713522,Soybean,5.476010038026174
60.02957633752676,18.04315783031764,14.880988212653936,39.11134331116384,60.20512097248101,6.229273350917671,105.88122802404064,59.986617713924765,Soybean,5.517673799775148
60.16393559493159,17.90660650443684,15.184745564657891,38.94080639208245,59.27734338505378,6.3625912507325735,85.15761325121457,60.03236843033816,Soybean,5.400477816638372
59.77012029188259,17.954551141623604,15.032631569036475,38.93456304973631,57.321773848186425,7.554085099059971,86.88582059190026,60.01100159061846,Soybean,5.4661447066179925
59.75566698714225,17.873629953266242,14.895572855125868,38.88569430881247,62.150401011633654,6.463652817005188,123.1207175080955,59.69188677027059,Soybean,5.450251900604883
60.14085791528006,18.049445625238373,15.027594671275445,38.95086221771113,67.62618300336318,6.4510303244119065,97.22355098048921,60.17754900641516,Soybean,5.486757252450462
59.96844493347747,17.921712575813807,15.00615843297012,39.07595916485095,56.809693283242176,7.153310403692207,95.07900348434842,60.01293011157959,Soybean,5.481442461918263
60.20151051632062,17.98230204087851,15.031248871996818,38.938308882216496,61.846507821090114,6.431330147824637,74.96014298260202,60.01610947964078,Soybean,5.6709661633704
59.87835039637184,18.0178845923728,15.005773143815892,39.00531016440428,64.02003594057535,6.011100912493786,103.63733090441883,59.89968372335807,Soybean,5.533824589353655
59.94118300267651,17.894727384850423,14.918074977710903,39.038349746672296,64.35346150503116,5.923945621534692,172.2242799840226,59.884760438983264,Soybean,5.4843575772886135
59.98411846436286,17.972664017681325,15.071331105365562,39.16360320365365,63.33820464976841,6.629380267997328,113.3204016973507,60.02925080777376,Soybean,5.623102128039749
59.91930069966365,18.046529397455227,14.888802455479636,39.083801767573874,50.640434801743794,6.958417863787956,77.04294014190599,60.10575018367671,Soybean,5.645801012633885
60.064488314125214,17.954982314028758,14.96715447755003,39.18404729374014,68.22977339957245,7.321967958857938,74.9743322862571,59.923705312472045,Soybean,5.457429578597527
59.9552555732765,18.14280668906992,15.03880256194716,39.07653747481503,65.92863668018438,6.213507004242889,134.0772790692328,60.05009195099345,Soybean,5.530652890877563
60.01627825608328,18.034866268600787,15.145891436315678,39.15899385548238,56.886563125790325,6.004905457029975,124.49819566275143,59.88818749808983,Soybean,5.428182022267031
59.96868446176598,18.01727477586791,14.704882559717248,39.05694795192968,59.49652099669927,6.935615421742603,112.29194711535611,60.12975652572973,Soybean,5.348808310624951
60.08420274780831,18.04602205512858,15.055521974411938,39.11207666455546,54.54509296503212,6.186606962038657,79.57138998752689,60.02426210651343,Soybean,5.444887044305844
60.14844705858008,18.033295747545463,14.91510165408436,39.08173786342703,63.545576003603934,6.221641181929669,139.32341124422396,60.04057635960476,Soybean,5.604598239560911
60.11207411213181,18.03890026691141,15.06781183478165,39.02560096142751,59.666994066447906,6.462234271819761,103.4641888830023,60.17292101853396,Soybean,5.372811554818303
60.09342550205088,17.90145949365417,15.066926352886412,39.00274652372771,46.60970457107612,5.894817672840871,107.95875414091708,60.05849868225601,Soybean,5.468389173399371
59.91366529533392,17.921443518083077,14.904783617747963,38.86074287953777,57.774122705763624,6.328286938456639,80.80542984489796,59.86638469407534,Soybean,5.296654795470145
59.94106237830977,17.923165626801662,15.039425276790432,38.91814411426509,61.501254784684456,6.407437869036239,110.70439886095323,59.97304886273133,Soybean,5.473578961552133
59.98392370784255,17.98213252704514,15.107948771021682,38.98047814477658,57.572855670186165,7.265704646953717,116.50531749947748,59.88308315153207,Soybean,5.576790542070123
59.98548734453719,18.057241348118566,14.998798452560944,38.98966984200922,72.20513256969426,6.234861038879323,94.12217554252953,60.04396382363463,Soybean,5.32875287871182
59.99621640288328,17.9454473792824,15.019086820068752,38.93709651821443,56.16190139025593,7.120754851601914,114.24253786747457,60.09888513643372,Soybean,5.40533975985723
60.02116237434425,17.89402887469874,15.05001481055564,39.100071865227264,50.994681483233094,6.317996372297016,87.92485961802973,59.87694972452439,Soybean,5.680771541551965
60.05322034161512,18.023446108651743,14.975301347221844,38.98266260112486,58.31700409065343,6.884112678121985,60.72612024386737,60.15921593264058,Soybean,5.48998775998885
59.89128219919706,18.070559636409797,15.162592905131987,39.00038941740088,52.618642844863125,6.88949490899828,146.21171430565738,60.02674369945424,Soybean,5.457758468248264
60.05057305978448,18.0148028559216,14.96517263290312,38.91022598628725,67.44209491393778,5.436727773390046,124.8857334542807,59.82304078096711,Soybean,5.629938559589204
60.035444380308505,17.99941719025403,15.00806922113986,39.11006945543537,55.30143292970173,6.391670185196273,119.66975861443863,59.95396506044781,Soybean,5.415836661806286
60.23822818423092,18.066861256584303,15.091350322898188,38.8359464578904,62.2702483291111,7.080614020785371,103.41094798737191,59.88638610531017,Soybean,5.508504835801851
59.87835750271171,18.055389329427705,14.945480052152016,39.12795355971402,55.73737793191397,6.030237397502363,112.62695915984573,59.95996021336556,Soybean,5.589731990001036
59.9356953362805,18.060041260908733,14.990664421338083,39.14172759655485,53.86686511287106,5.972716532102967,93.39687530039632,59.93294321419301,Soybean,5.332137988807099
60.06142607642285,17.988962311495374,14.922973191794616,39.10777368994781,62.15750624806739,6.004802010312158,82.54778002612642,60.24975646542502,Soybean,5.583138482222256
59.97909228024327,18.08378842072016,15.12057979503212,38.87839817467591,65.03901469732668,6.588076441749167,87.82098845378255,59.75698204099772,Soybean,5.719937116359642
60.04215553968479,17.873253807710785,15.141798078347136,38.85117162992709,61.98674971569539,6.587828601877284,123.69783003417369,59.836891410845936,Soybean,5.493828190434268
60.045879880151,18.06681174555254,14.811384293345796,39.044636824085,53.80786400166022,6.526532468527467,124.48550169476582,60.2208930853628,Soybean,5.576721514513938
59.87827761503026,18.193708063297564,14.989290827655667,38.82436670153494,62.37997410445147,6.033153162401022,117.90926052637698,60.15609959463924,Soybean,5.525986429904025
60.07400797348386,18.248861569665884,14.960264581932451,39.03863419832146,66.71646550540892,7.106492508943938,122.55759404635126,59.81266294164072,Soybean,5.484742595549529
59.97270307324629,18.09447793041144,15.261146171741435,39.27248411214708,63.689389266740946,5.594763812269191,90.79517187004166,60.15535547212664,Soybean,5.697315411785126
59.935491596734806,18.202622559162418,15.10271312409677,39.20945337967973,51.904799117298694,6.360465622196944,112.57434018227542,60.00826978837191,Soybean,5.306880688554106
59.86855604911033,17.987720178870234,15.01107489130783,38.87305766409024,58.706064077557,6.361004842249197,107.76636567792625,59.96282829500225,Soybean,5.492310050805238
60.05228881641305,17.941972552508474,15.116363661478069,38.83538271974654,62.69368847499248,7.243462448292451,103.59030860363053,59.92526191993394,Soybean,5.526259409183045
59.93525132319358,18.149048350863254,14.957199124283758,38.99845658887602,52.318459556484505,5.771424601262286,104.71819630891642,60.0529036223889,Soybean,5.561997139853335
59.90843886417162,17.90736523228129,14.946392099550424,39.02322213686022,67.31068126292946,7.213428622801958,85.96807866262228,60.18926322477222,Soybean,5.575293023547738
59.84145363748951,18.074394630187257,14.923794584983376,38.97697441428152,62.7898435683163,6.764068234688162,110.04410619937549,60.06641908347948,Soybean,5.512481280891329
59.76600075520917,17.96129762693991,14.93114217070373,38.96374699815761,62.115252707643485,6.322561118296238,141.24273618762862,60.05798897910507,Soybean,5.473814542988847
59.81172158900743,17.97203659676423,14.94663893417895,38.83552478679532,58.57487262490515,5.924587032595094,95.32316632538736,60.19350379304254,Soybean,5.520745482924593
60.07880039215512,17.894159870914198,14.981406612337976,38.95013879625303,49.27451874928052,6.154043772480408,110.07534321513319,59.95293926836575,Soybean,5.58945490952683
59.87522294030525,18.077758701683056,14.963994249981196,39.1023129110982,69.41424336720995,5.401925397620522,98.23846185859253,60.0090739002409,Soybean,5.49329274446688
59.89389469191731,17.871311855681345,14.914916728994235,38.914179605386686,67.98407768655025,6.823561996158969,98.68173594459216,59.852476331539314,Soybean,5.5654822847712
60.2018158054786,18.16216565356029,14.935946874440155,38.9914729158698,59.861951099186506,6.81602662830747,111.57432944686316,60.13234371208937,Soybean,5.583857788262035
60.11932073204164,18.147987358380245,15.12315933051699,38.96052442549325,56.73574696270084,6.2363876628057895,113.4137452511023,60.01796274503418,Soybean,5.6320525205472505
60.13364952811768,18.009764555476405,14.875997910473156,38.9829570299922,53.67283501865029,5.736604585060901,92.71312227007081,60.02425560577457,Soybean,5.613097417429573
59.93149258414768,17.901048340397473,15.09753157503344,39.00571752545825,60.266247054202616,7.559854526223097,128.98413826944372,59.978523655186684,Soybean,5.506317720198272
60.02882575176229,17.99906724387805,15.057941546038334,39.145725607098086,61.73316545837586,6.374827200834311,130.14827410280134,59.94914456283903,Soybean,5.5537044929662445
59.90975755432135,17.77641204347634,15.164353018091026,38.91237431614231,63.21092929244155,6.014375151725336,120.45667288573225,60.207252571384736,Soybean,5.461486797043517
60.0336815556951,18.042536879218467,15.088958384414603,38.85543848243083,54.986574776935875,5.808077054730132,123.54614432068604,59.81589428937664,Soybean,5.499526785918848
60.09240223811617,17.983480750587347,15.093179206218917,38.95984835298364,59.00219513071153,6.5793056039762305,122.52003599061767,60.08354281202511,Soybean,5.362549091495473
60.05106007876238,18.075234852838047,14.983593443041162,39.03649147743654,61.55058388210335,6.952563391864028,84.02531490304058,59.99575544770743,Soybean,5.423917920912921
60.13000949920918,18.08354644621704,14.95460734053138,38.97708825282955,53.87511238051714,7.256012806317594,121.25925482406406,59.94111378251328,Soybean,5.446423498669168
60.02783618754472,17.990368277837177,14.87400320478216,39.0063264992945,54.67701584597301,6.799197665451414,152.32836562250628,59.84605156895291,Soybean,5.629991942856487
60.0907046539943,18.000168042851435,14.904452296051565,39.04665154795234,56.015434484651365,6.501985530465489,121.92678918934405,59.97088020737262,Soybean,5.607210684304927
59.97138334349995,17.91425848687636,15.066951947409803,39.00005630970306,58.74203813900684,6.554207282569408,130.59911225442377,59.98113894428327,Soybean,5.427307195768175
59.834811486185934,18.183451010047055,14.939506115849458,39.14472118080639,63.7038572608793,6.012233493601348,129.4498340008649,59.864137563149086,Soybean,5.467489470768286
60.03452177523572,18.26584118520304,14.964274386198044,39.01178522725359,56.222799376609224,6.840994989340838,78.6086971800857,60.0697522747912,Soybean,5.603031266707307
60.14934346137751,18.064812030486443,15.161258974908511,38.99204159644584,62.58331436330472,7.130725792017004,127.12702116576531,60.07188536617351,Soybean,5.6694876748820775
60.04534709675353,17.93690771295809,14.998927044423446,39.077858593316215,61.7151407856536,6.526065443809449,122.4054709679172,59.93391256878693,Soybean,5.429437452293604
59.86982460475522,17.901116385508402,14.858450834036532,39.01218978846477,58.872848913659624,6.833489928001648,108.73775149148233,59.97178531681187,Soybean,5.493050107254139
59.89394760140251,18.252632662097582,14.950836387293222,39.01688835308336,54.35525823793915,6.159640549637207,128.78196042200292,59.96432303053517,Soybean,5.495224146868438
59.86295707294478,18.073159482239923,14.90475024297538,39.00194266063507,64.87462072737341,5.6812661685613675,71.32072984438912,59.92584802743654,Soybean,5.582769125786137
60.13353787903859,18.04926375745541,15.108732973742322,38.95475938474772,65.5315343076924,6.876656122905089,85.9391671039057,60.14912714145058,Soybean,5.602828794646877
59.94367625303492,17.88731392460272,14.86797049358195,38.999859607732574,62.52332304540348,5.773795652859544,143.19947083234234,60.1061989320057,Soybean,5.450824970567933
60.0284478737934,17.892483620316025,14.987934122462086,39.19594355303809,59.26535967964307,6.20140394635691,116.7707167862449,60.30400795317468,Soybean,5.512867166485045
59.812463333471165,17.957998104058245,14.954633260975802,38.86728774271788,61.456825753633474,7.028892364947428,130.72314574114864,59.96457449772053,Soybean,5.411346625273627
60.06009770682851,18.23023010317484,14.920062325987242,38.93834156008155,62.510290796779024,5.820439270253914,116.59611641552844,60.02083323999065,Soybean,5.4372740902644505
60.16101370486079,17.935453681184296,15.014862109822854,39.1150118237426,61.86530439884837,6.9901769825419215,109.08936266098634,60.05618386995122,Soybean,5.570136440724204
59.78524538631326,18.096173167800345,14.957466788532573,39.09200528105801,69.76400151690393,6.079325537488322,105.97655715393776,60.11481526319798,Soybean,5.649643225488785
59.89743186767811,17.89141390260199,15.089524813145626,39.10816650844063,55.22530700751516,6.64395898070396,84.80533739911195,59.9369740771673,Soybean,5.527700143630094
60.04429317692257,18.088283932562724,15.038410288074097,38.74413057658708,64.79278732476017,6.8150663345558185,96.21869652239455,60.14991911076099,Soybean,5.514813540933512
59.96507710341676,18.142540742228437,14.870276609315953,39.06538216975023,53.69023285845956,6.620856041179528,89.81943627848392,60.10987348562798,Soybean,5.526969759878036
59.91120017687838,18.06903339630705,14.889558564103227,38.94209936403134,60.71513001928797,6.18360798977684,88.32311986235872,59.99812854047852,Soybean,5.580262552533451
60.04495987396562,18.02611609719757,15.011628003135248,38.98659993843253,57.825478334942666,6.971367313424774,90.52926111950254,59.91571124897952,Soybean,5.505665309024008
59.957799005646976,18.08101285849737,15.043677868126856,39.077421094101176,61.26140744598143,6.0214896649785095,93.98559974815475,59.96542071794397,Soybean,5.517971044721436
60.04975708839999,18.050303809934576,15.148590422921169,39.10025358648679,57.157506170471194,6.6386027853842835,109.32717838042443,59.84434489076038,Soybean,5.470513692834097
59.99101012792404,17.852329510112042,14.88270549867041,39.012148178369216,56.25102106558912,5.914509749000367,103.1615450804825,59.90954801538253,Soybean,5.572712382022012
59.96935230696772,18.134139464070373,15.04290517512916,38.99542977140827,64.88467948870846,5.625035866819836,95.61122031776175,60.11755379417529,Soybean,5.59167277033415
59.9226414099051,18.102554027120945,14.917497771883315,39.03623414661398,51.72555718351227,6.688114280292677,120.67300240647732,60.07721194454366,Soybean,5.489066118332611
59.88839258545526,18.014494973735147,14.987640267407963,38.92573964080968,61.266036523257114,6.370779983677225,143.0527241222087,60.24125124589124,Soybean,5.428231624430891
60.04177361487779,18.13045799946832,15.136212846226076,38.9497477337226,56.28116098339081,6.528899899640995,132.8372974481893,59.89755808344528,Soybean,5.507944692656227
59.84095720507263,17.83036638046818,14.844596540955472,39.11971592086795,61.15163854879165,7.096210453536925,107.39666229181302,60.07169113521121,Soybean,5.543573222568172
60.02283051264929,17.97933368183621,15.000568008344896,39.17255900074318,60.080186935010865,7.027545571493953,131.54054783776226,60.04415172467832,Soybean,5.42708473783688
59.93324005892017,18.001637522666513,15.083785598166306,38.93621567847608,49.867504643780535,6.3824068996039935,97.57304429784331,59.90211146811087,Soybean,5.7485261671119785
60.0287012996114,17.898148139159495,15.08254210024673,38.97849565249376,57.23349115050392,5.83299253181395,78.42506951566634,60.068314002864376,Soybean,5.550298417289749
59.99425976862319,17.85985382761881,14.965101396066524,39.05406536728588,60.818404545730495,7.067875112617018,108.86782421433003,60.06920031633538,Soybean,5.640999859218377
60.00240729186969,18.010525870635114,14.950038899076556,39.0159229821254,60.40205526953045,6.587326727776621,99.8136890638787,60.04269998206044,Soybean,5.431925559368252
59.90950532052361,17.82811752542568,14.934466546131777,39.13772177737059,55.99660016528563,6.152009063532604,91.07741800157478,59.97533956765048,Soybean,5.453643602725251
60.08150902520616,17.901101741027105,14.993592472003131,39.00225256933222,63.50468789461001,6.996751151253948,128.71734206964013,59.83461559385235,Soybean,5.690041326507417
59.93310506774464,18.002159993235598,14.959629846283743,39.01043813634325,57.95895161696136,6.210330912434508,125.59247057716263,60.047767086784106,Soybean,5.395912862914964
59.96381265022987,18.002238141009308,15.000596300205649,39.18661681355396,53.48638042718305,7.2229437017556215,158.77811714637795,59.981775941781024,Soybean,5.459087961748549
60.02384404270696,18.01011706633597,15.044355212878504,38.998342464423736,57.78592670762169,5.611871023138213,98.1090856123806,60.24798844476295,Soybean,5.510076758130167
60.01159522450104,18.269074382533034,14.8258124542312,38.94902762112595,66.1389209737873,6.687127079286359,87.63636129778382,60.05537068830299,Soybean,5.568254594423969
60.032845758643816,18.10456626810377,14.911686020516608,39.11094074692546,60.46454591408444,6.250315865956306,68.32753266503903,59.94819649774335,Soybean,5.504820261545036
59.8414180663487,18.09178889321121,14.853917132058148,39.27933134877985,60.69918881405041,7.431051824895355,116.27697702931381,59.93778899146202,Soybean,5.434082193057753
60.09281739881273,18.03111992160432,14.994095254223463,39.11243951604807,66.71494277363439,6.049396785509236,101.85632979822557,60.13870133339587,Soybean,5.323878266976028
59.99539946292277,18.04488546503849,14.873255096658449,39.11886043169265,56.79072143624557,6.733255086730465,120.13733325515864,59.99318648097852,Soybean,5.432986241545135
60.09636582412498,17.911367296639387,15.058466601799536,39.02015825037431,64.12545127019695,6.838275325103621,118.30601197487917,60.00203934766835,Soybean,5.516878575147434
59.853799181548304,18.05579046300468,15.07847302672261,38.98338187134739,64.23135844541487,6.247786343978984,112.63098836908159,60.01952764024898,Soybean,5.718793058642871
59.97882896702743,17.952324296392238,14.908447430522816,38.94910003772942,53.962351292318495,6.869758494545819,154.77097149177013,60.101739977880726,Soybean,5.674024950809513
60.08592667349438,17.915212334578555,15.05405559593826,38.94264518015606,57.893802282102286,7.585405620082804,105.1337502156418,59.98772713081647,Soybean,5.475834062031151
59.91921761916155,17.864378745200625,15.064628194588291,38.9147007001292,56.1599898024849,6.715872112447941,145.3747090562299,59.8366516905633,Soybean,5.348390155450755
60.16826876381891,17.97675534829373,14.889315903597842,39.02703870652302,60.03239069378702,6.009928940881755,99.79016653957821,59.98186299118951,Soybean,5.514015681132656
60.01216971406705,18.00968708382372,14.978583752593156,39.03635825708513,54.6456444520494,6.631349247261282,71.70539112977386,59.937318688008766,Soybean,5.595790260250516
59.94784582296141,17.97127039520198,14.99210975511074,39.01650454494066,71.81700657199474,6.56601783890117,142.93409890306626,60.00795897317917,Soybean,5.390203588875663
59.94407185200868,17.946412659352873,14.74639646695138,38.93025753678182,53.18215134003613,6.47100448803992,119.3970511206859,60.20031649843762,Soybean,5.3911396706403005
59.91854417469501,17.96558536882451,14.86063626550778,39.08526105674606,56.10717155847477,6.7268058873193555,136.1427151319345,60.036329029256336,Soybean,5.4105443257954695
60.07402563685277,18.157201249157723,15.07883274698035,38.85406572893224,64.17693241424581,6.31382230417382,111.64833935496668,60.16928928291911,Soybean,5.427315736792731
59.93146870903303,18.25523484753205,14.934665300861647,39.06533548776447,56.424489482529694,6.447230378189201,86.60138259084482,60.1279196752804,Soybean,5.370840261984331
60.03398146853405,18.002059878972986,14.898042365970564,39.059600968109976,58.65263229894037,6.2976438568264115,98.64714509217126,59.86625529291085,Soybean,5.447024635049059
59.9727630385544,17.98428663794237,15.058652818343292,38.93750595998315,55.52415670966429,6.937396991780264,88.52196773290687,60.1518703714329,Soybean,5.430471649205882
60.00147930422897,18.0144960740822,14.931734312196468,38.98010235298637,62.28531257245662,6.696797838002035,100.06899196657633,59.92754409695087,Soybean,5.569292528932912
60.10851688053084,18.0885838452597,15.21077985282388,39.05146962070625,55.70663130759546,6.751151731381341,89.54541037490257,60.09085987211955,Soybean,5.5154550564251865
59.86092138851168,18.02189105126295,15.170389139865152,38.99391963432607,63.99639482380886,7.037132279299555,102.39223350887511,59.94423419120034,Soybean,5.6093275935627815
59.92367969722123,17.768698588420303,15.144890729544429,39.00732561247855,59.70049241288787,6.851190097677768,115.13166522040683,59.764517461276405,Soybean,5.491860919551575
60.04226846046453,17.855057958044362,15.014898728508046,39.11910104360559,59.18090472917062,6.475685695324636,87.42708883049907,59.82871808061304,Soybean,5.4209202438525335
60.03497852320748,17.946114732068985,15.080183105340916,38.94436298038372,59.92551606926536,6.6316248481010165,113.67562167386576,59.9139311991068,Soybean,5.582346337675104
59.82489889785182,17.86062225059175,15.07039281080548,38.90696192373072,55.771456530368866,7.17574661286488,115.1685077912631,59.99296480029892,Soybean,5.537003523384913
60.04474340498969,18.003837027314187,14.99749480225302,39.02260397276882,65.81881695095346,6.303861324988165,91.86601389428887,60.10883488235523,Soybean,5.656769204102732
59.97202005413022,17.903917417196674,15.068344958281752,39.027444125307,59.505453397696236,6.840534874677319,78.54513425868733,59.8676922325107,Soybean,5.3111789154278295
59.87322016047506,17.84947849887628,14.902873214487856,39.04814590497331,57.01761688168129,5.811141935184131,92.23106556996692,60.07144593442872,Soybean,5.511354843540061
60.18374590770175,18.00460246037493,14.981487696527482,38.84495371162699,57.503560521919844,7.016051833918171,104.34016810007509,60.10297002579175,Soybean,5.413995278245979
59.89055060420892,18.191366272914465,14.950816056668558,38.98440557804769,54.362729239846374,6.052771232681551,100.59012399756176,60.025182741372895,Soybean,5.653707127754568
60.057383352146005,17.99541946210867,15.020778561612188,38.80658345492699,63.43675398955764,6.447930620056792,104.3051818006298,60.03775877218816,Soybean,5.459224197686874
59.81356608733471,17.94792407236479,15.00941072990024,38.81611041287052,64.35054257336685,6.532235621246567,95.25724917257776,60.02356137940215,Soybean,5.384732842925275
60.01563607499711,18.16686451147594,15.007770957153262,38.938883656787695,62.982078262679806,6.787271416245201,125.8339258327027,59.869349791677415,Soybean,5.550835709800118
60.03185322855175,18.075136353584696,15.016708306434616,39.12653204158587,50.82336977073872,6.143054925718233,98.44418262684798,59.981743118678246,Soybean,5.4577638363541805
59.83687093275496,18.07977422230656,14.915025170294848,38.91780084609427,52.268785479133285,6.599794792454017,118.09884674751869,59.87627252446253,Soybean,5.503731112935434
59.90947030372031,17.982689375816232,14.91968785348988,39.0369593591951,59.44767178457489,6.20405035342065,121.79732342288433,60.021779505352114,Soybean,5.609071148098752
59.83433334250624,17.81162958589811,14.98583140782317,38.88847671862415,59.79410748196541,6.9672197001807765,168.05082383511953,60.087958088010645,Soybean,5.376896696340203
60.04495879869851,17.923956844962138,14.966729792267286,38.70517883732064,55.7797743452138,6.905471621147212,106.64273356734454,60.09920188473854,Soybean,5.355748961113771
60.04659771196727,17.794501899381203,14.782144936603157,38.9024073186384,54.390126989299915,5.918480789989452,88.82651903138722,59.934654229332246,Soybean,5.5887196117226745
59.95267198151951,17.921336848262264,14.973648636470028,38.964081311312896,70.17426284255083,6.099737289761375,115.01017317327239,59.99561933528417,Soybean,5.510503893660792
60.03454155177632,17.800621137312294,14.85909311361482,39.05651028600981,66.30891269837117,7.1631231423099635,63.685469634243844,60.1406711894946,Soybean,5.517453169769599
59.85044162671716,18.018805709100445,15.081243564320646,38.93869652888981,62.70148058510058,6.5362207265790415,117.91917356117196,60.14693680963429,Soybean,5.446179519558747
59.97342037012043,17.857534226105106,14.933916087982212,38.97307697765147,56.329574343161404,6.0225980789335845,127.39829614443875,59.87416097445171,Soybean,5.416304954562245
59.81761493701028,18.103568192716125,15.388418717319222,38.92021139214904,47.737251774072874,5.735842654932097,90.18886988017597,60.18675476462742,Soybean,5.150745497368195
60.08431645901565,18.012222646308203,15.105106943107597,38.94592700220575,52.644334614615914,5.818845010562407,116.37747269676893,60.1624007295552,Soybean,5.3925680864740855
59.97271074585061,18.034647796733047,14.82353659117782,38.92079283423536,55.84357414605577,8.224189828127757,79.11050995661893,60.05723036416809,Soybean,5.590797978748133
60.02399248121896,17.924068090825124,15.019170827786937,39.04247094552709,60.93881605592817,6.295386960613874,69.71146024713538,60.07542886951576,Soybean,5.574264382375475
59.70002810125313,18.168240743326496,15.027219544314738,38.908191758232654,67.56133842301244,6.901335743220451,121.20741766702592,60.03337524664418,Soybean,5.595857053583899
60.15469370049208,17.953927707425905,15.164013574959972,39.00029555445273,60.11335523820268,6.159666800395485,128.03242004913076,59.900711427079685,Soybean,5.562560613040694
60.05870895663063,18.053974494742832,14.894245086887564,38.90196929630503,57.55273509443369,5.748541390431176,145.66584690530829,59.952050266382926,Soybean,5.401553099698487
60.214286705251865,17.935138160976326,15.079205939131208,38.986435911948746,56.55691485997777,5.590485158277095,96.55562183819876,59.94017007520616,Soybean,5.365209423738623
60.04206055637367,18.01744723319077,14.875193928262364,39.01212467572563,61.472579008778666,5.585109417674754,91.07822345513966,59.99546183175545,Soybean,5.412221480012012
60.0496243483688,18.06393250626563,15.150885273038464,38.878664766369326,69.6165507435883,6.312185373355278,98.47945307096415,59.854607007819126,Soybean,5.567088785158953
59.93142399039982,17.99345159863182,14.901220723324377,39.21647677713131,51.201858048099446,6.14026006367699,99.82304838439313,59.9487978274956,Soybean,5.54093940075279
59.9903450790228,18.09210175265148,14.902711922844624,38.98345666555225,68.67794025576188,6.84043729805285,80.10242421455622,60.04734167674832,Soybean,5.615997663943348
59.9726272576111,18.028976474776137,14.994801581922422,38.84436083310573,53.63890818181757,7.31286628948963,107.00960119092811,59.75305178108667,Soybean,5.520951323754602
60.05023786021765,18.071753004161625,15.066536287737636,39.08179008793051,62.58321675574391,5.840968911247036,94.12647680048485,60.0482484030067,Soybean,5.154961258889585
60.09128670873535,18.128086750164613,15.068129772551591,39.159920286124645,54.950073070395156,6.637547900253055,127.31509811974297,60.03163833501562,Soybean,5.559498040146881
64.0,19.0,15.0,38.0,68.17465557469815,7.403208779157632,112.68446081771195,52.0,Soybean,6.5
70.0,20.0,16.0,39.0,52.561755471192754,7.240969325126613,102.52346023230788,70.0,Soybean,6.5
62.0,19.0,16.0,40.0,68.09531336535235,5.775745596205377,68.31442572729226,52.0,Soybean,6.5
65.0,19.0,17.0,39.0,66.80619909061778,6.661007481402629,137.11924869053212,60.0,Soybean,6.5
70.0713819020017,20.008208274343,16.062807275582394,39.077219605795634,53.915916749541786,5.86348510697089,154.89457557632977,69.99244467386424,Peas,6.322421944907358
69.8605722998717,20.011975581000005,15.998196273518175,38.90178675416748,58.250366347098975,6.861388455877149,129.4991959855154,70.05832563578316,Peas,6.398940060446488
64.03580914608341,19.08778122333101,15.01333210436817,37.89844490387696,58.92098945960214,5.2405390561581555,120.05653826364205,51.93509690293065,Peas,6.418203797137365
61.94721302761413,19.01557248039156,15.614319550042769,40.26018567120746,59.2036406574916,6.581127287608467,122.99334163091213,51.93194675307252,Peas,6.245840882679906
65.18310653029867,19.034635538328068,17.160517096379,39.02874337383235,55.570238564650424,6.776808622742184,148.06527919318899,59.87109724399409,Peas,6.647248512767456
64.96442916562604,19.024063913269977,17.033455688107104,38.967165140989856,61.760943913654096,7.329765567609421,112.45149379375052,60.07025174179486,Peas,6.527172869658791
69.98606591813522,20.078189006531705,16.066290421079568,39.1507268827436,66.25439753494486,6.317972886236052,79.02745871392628,70.07605079373597,Peas,6.483503298189973
70.11128253937018,19.886751844292125,16.095520260646676,39.03853387187392,58.22979900634697,5.978515778984978,88.350366275527,69.97438080169128,Peas,6.642899992870339
62.17010178454318,19.04636540990323,15.980447212420836,40.10801872766341,61.31553285623754,6.3824875229294475,97.69655379613019,52.02583656696314,Peas,6.50943849783584
61.88014882260292,18.8339707194753,15.861589175712036,39.894405367012425,62.90582235528564,6.297709384115744,101.46247156483052,51.83549860868998,Peas,6.406186003501736
61.80125161137799,19.18043904643661,15.908254128614354,39.973981821866,71.0510189864777,6.385982036377846,84.74977395727106,52.12364678058302,Peas,6.625648607607845
65.00518298858503,19.060402408234552,16.991560512784055,38.96255428422848,60.870976328555344,6.4458620199555545,107.68978600591763,60.13854800750872,Peas,6.428590730046342
64.14323246834549,19.07803336653252,15.036312314718188,37.86047831692774,61.72057925566959,6.803562319697928,113.369105784147,52.21910179351516,Peas,6.392306869008394
69.91294068686763,20.00818027932205,15.930123509675,39.060999447644775,48.224229262050564,6.650289813584575,89.84365268134135,69.96402815089283,Peas,6.522935521693784
63.87712444945344,18.967290862151746,14.796104072477211,38.05051953392368,54.211997459170895,6.7862359061753335,128.76033863275245,52.05578741371253,Peas,6.338350734308439
70.05902132218496,19.934559338422957,15.980244652395111,38.799680422672935,57.59160446184503,6.080498072923409,89.16586521712398,69.99415605170785,Peas,6.620505828365784
62.0354229942534,18.92316647729905,16.096835849011086,40.11745537082861,61.24739648473525,5.976812759062036,144.083691815821,51.95188922607528,Peas,6.447525818641442
65.06938040651178,18.967883601829755,16.95411399619433,39.02281296140899,66.47575356437302,6.660362647464554,118.98202568598566,60.10010548316183,Peas,6.585384113437718
63.983442331782406,18.93547912278126,15.053871208147514,38.08009244552869,58.82456937715474,6.5504672919821,127.99255510787818,51.75273211953159,Peas,6.372559402421607
64.00104351211503,18.907298104303663,15.023389209826396,38.00101903181241,60.111729871161884,6.215146444157772,110.19079144980866,51.9246613014662,Peas,6.5725550226344325
63.955563872705,18.904431970841536,15.045674249601316,38.05891464511185,69.58002049113055,7.156445588391715,115.44602099655286,51.842671216203385,Peas,6.604756005298084
64.96377573387959,18.98939479396359,17.10651527121403,38.946455459229576,67.56782849399286,6.735013298211289,72.89607640540399,59.98648407417579,Peas,6.472935550524849
61.96061235905746,18.86704040320921,16.1832888457031,39.94412557394821,62.88347879646598,5.539463013607827,83.28051600363415,51.96569791041433,Peas,6.512107399541408
63.99790365543805,18.84983066639583,15.110336777025315,37.94471509233577,59.37872833474016,6.928932011586714,112.5789854457677,51.81505131230509,Peas,6.599184980878523
61.862667368683205,18.988579094738185,15.95391263630004,39.908679093746905,62.59843442402068,6.0982532816315675,142.93279130212733,51.96531551237925,Peas,6.224629420301548
69.96455665019342,20.16200391214495,15.813488662570972,38.90019483371204,64.82841827701837,6.3983803323057655,60.99937205107373,70.04340520486167,Peas,6.462599887239155
61.94136305769411,19.03273534420986,16.020918458665182,39.94338771584014,56.92482039085867,6.427038977591884,151.55032548313008,51.9170449876527,Peas,6.552672970681764
63.955782341285165,19.098833003040003,15.21792750678136,37.901137017613145,69.65843205778846,6.367937970100095,126.00181505383738,52.20201266293281,Peas,6.386422145633431
65.15820338875459,19.102581733382948,16.82924669646181,39.11082634557281,60.56916560396245,6.931294423447907,112.89592478729905,60.06786116719663,Peas,6.494827309520834
69.88182989747806,20.05348808636232,16.029854454327893,38.86874545973906,66.76411167727265,5.905657174689166,129.28683464209936,70.00748520321909,Peas,6.414221420424961
62.06402219015757,18.86643021074032,15.954906095066042,39.93968679996677,57.81854132108113,6.575072050756425,110.43032103334436,52.003665740589554,Peas,6.528400743375935
61.93877447321249,18.998608422608857,15.91685428572786,39.9289354851118,53.899233324689604,5.952497373993083,105.68944057666396,51.96715986070715,Peas,6.434030494817832
69.96265099414327,19.929979200229003,15.916435682487126,38.90844059238179,58.383535671989655,6.390881128763723,114.16242931280705,70.0607176739618,Peas,6.480024860457595
62.05257186921133,18.89116769172626,16.046177948461594,40.10193928782205,61.284605835647284,5.8409976770296534,79.17488186209944,52.1795402416704,Peas,6.657359430310527
64.96546440370447,19.204286399756175,17.02602758711977,38.9052383702532,59.55748954152684,5.233712037305516,110.33973179944128,60.00105482733934,Peas,6.513794987118158
63.98189544456689,18.87809774002478,14.986999786604596,37.96511241538448,60.904890033978596,7.062221651048084,99.3703624225465,52.02440161120537,Peas,6.4983796179729865
63.934324759351874,19.065029307065423,14.984934497875056,37.95772054832469,63.53691620851961,6.343024127134209,123.2996703721195,52.23205936117628,Peas,6.4458814060139
61.89883808766015,19.15119520330085,16.047201362439285,39.94797180658751,59.344466259664095,7.157323413331223,123.64704730174779,52.17467118914664,Peas,6.425903823559973
64.9256744864541,19.06420121568,17.311797283596263,39.01673429951284,64.3150879649859,6.468359719573467,125.61123791934288,60.12990111188056,Peas,6.396635972762989
61.8253813358847,19.155331143766336,16.15761139290999,40.03100690906173,52.62072255791408,5.659925625180939,112.74379796266544,52.01290888728428,Peas,6.381177866632873
63.98203729531206,19.290696342591907,14.94280954353227,38.1053953178102,57.54877532829223,6.388174373072447,116.8734188898726,52.083058372749576,Peas,6.63940224835856
61.915756165784536,18.886340053003533,15.860961999251026,39.94140926265495,63.63329062225523,7.096946801983791,127.61804688480974,51.94024391957156,Peas,6.307080097167297
63.9597969420054,19.04536812196649,15.070592368968889,38.06770412459263,64.18488922052647,6.86442300411568,131.71029606420237,51.92907977336203,Peas,6.364116688178056
70.0397824180607,19.91876393146213,15.92359474880071,39.06948149682497,67.37202997922603,7.0540312785841435,95.81331956270488,70.02116568713292,Peas,6.554096246505499
64.00878075314803,18.94851942321029,14.998071624620344,37.84213413937072,61.42275070651052,6.90844044951175,118.862452706613,51.99247893203254,Peas,6.490394836797989
61.95685071615754,18.983705314982554,16.034860850691302,39.98612832128308,62.6828213276173,6.588259333501685,142.18610191820068,52.08887376809238,Peas,6.57809074277023
62.06165763772525,18.89964392824457,15.978759986683352,39.84636389544162,51.96297002799707,6.728183362087516,98.84375854460131,52.15386364903205,Peas,6.470524426365563
64.10013256433534,19.054433445388096,15.06205963628614,38.03450605647393,68.44883066273633,6.762909422604219,65.85460745082496,51.9659050929022,Peas,6.56575649203056
65.00998530189098,18.98802143995869,17.033377037859182,38.83457198704159,57.603428536503664,6.516135684310571,127.27131607124083,59.96657965277407,Peas,6.4714740080918265
69.78575272380111,19.877392097989684,16.012805096088226,38.94949692446894,61.823796734684535,5.950663487408738,129.24647730696915,70.01998347755152,Peas,6.521562735125279
62.1548857037363,19.01245121401024,16.117955256430186,39.83811988859616,59.35476342819208,6.658705006108397,90.30030036390991,52.11704162734726,Peas,6.472331849342652
70.04884220587022,20.029453739827837,16.058122607010297,38.95622672007561,54.07345184506418,5.965162642838363,84.95478156394955,69.94595508821583,Peas,6.449912209875143
65.1367483257671,19.03075546072079,17.05331974407339,38.88571314207684,54.23558215765654,6.8339071728853815,102.4142022860969,60.07478294015975,Peas,6.481166938329589
70.04236344587234,20.26703918428401,15.99140024812234,39.10566482271162,55.602541592266455,6.839262392972612,110.89824735088577,69.77668343568511,Peas,6.547247806836477
70.13204078116341,20.00587234907888,16.018508811627193,38.91954631039431,59.61897606675912,6.917987552765688,59.02948414322996,69.78465675675102,Peas,6.542726273404998
63.9934520913672,18.95342416150061,15.012722996647256,37.88113598103792,59.20704347636068,6.401240388755664,136.34731153961252,51.83333155595638,Peas,6.484879980933024
70.03418804488189,19.893094342960342,16.06875917313158,38.9560888211874,62.28813934000554,6.315724779195935,104.63051783130645,70.03916404469476,Peas,6.49973866315529
64.87979683985526,18.98786726829052,16.931697623970965,39.00582189130132,62.97116078476147,6.684990259856413,91.27264770233319,60.05906341013123,Peas,6.492175807524353
61.97424381622767,18.9913064056393,16.1610299644075,39.8436005176102,67.57828400171714,7.177721621544293,147.4875015916481,52.01070802718693,Peas,6.436357096495635
65.17460364380308,19.238079126895585,16.953445591299573,38.91104553445191,74.22783603992184,6.066038921468283,113.43260995788232,59.812360841721,Peas,6.61124530700519
61.97350266468681,18.85751452653789,16.061194550112127,39.96819618785605,61.806021298966954,6.729715728475423,126.43092658070381,52.09966038216984,Peas,6.4891573728082514
64.17184943150802,19.037583450243524,15.128893945670908,37.79930185429847,59.663099386923406,6.69286186942492,72.68071754693665,51.97198590294571,Peas,6.467627170976765
70.04733930879704,19.986948187948144,15.988548458024582,38.80739773843434,70.13941377623826,6.501428914139149,111.69294948932219,69.88537459381332,Peas,6.481056037213629
62.13701004452066,19.01894727812458,15.919891216458844,39.75599214526926,56.22690940689072,6.187809328012094,110.84977609036358,51.734354136545626,Peas,6.491952800552949
62.06441239113023,19.04725657615569,16.02722711061755,40.06611368459326,69.72509221210552,6.225731087724647,109.10375034319284,51.98631307195366,Peas,6.525225447688438
61.93057956974486,18.914091789325067,16.025493831170106,40.05044866328932,59.333388607682316,7.009978036212331,117.5698137712411,52.03777316442811,Peas,6.411240426372741
62.00393913571292,19.042929697089,15.811802556841709,40.03659864678655,61.96359315684217,6.975422272434897,136.8677000652173,51.98922318642444,Peas,6.494547332813871
61.94510121596208,18.91638341913118,15.976949730331384,39.871943198722775,67.35701657406119,6.194566704313887,105.94679855840322,51.96793895968886,Peas,6.491523676847177
63.99133716982607,19.045494326006747,14.998278955644604,37.85740430161861,59.57122041034704,6.011334895365214,102.05503567127047,52.05938061957323,Peas,6.462339556682633
65.16004839221286,19.031843021411596,17.159799691574552,39.07334399012761,59.0155012571273,6.210481402456479,95.79915647859606,59.93750816407062,Peas,6.793181108218034
64.86711919743927,18.891492185716523,17.023400269992724,39.08946822205564,58.29616640246688,7.054410020993396,119.68082574265728,59.93441808945479,Peas,6.398799000343087
69.83785423792767,20.037464016063904,15.93352488302817,38.980813253806446,54.53108207705418,6.289417250160885,109.85295802002547,70.14271621225716,Peas,6.475672796371
63.96934394197454,18.90646105040056,15.068765868343757,37.84482643920726,57.99819109970642,6.13444785027316,103.47964383415666,52.00780913080989,Peas,6.437294724119623
69.82051501966299,19.77160128094159,15.9095926772991,39.11932698583852,56.150737945715655,5.800286229509691,134.47173645621248,69.99320033242198,Peas,6.395322939021924
61.82414031772501,19.07710166961639,16.020551182927573,39.98510670298984,57.079984924072214,5.964293076853983,114.14163355536265,52.128101883828,Peas,6.501795101480639
64.02077318017163,18.956368278676603,14.922999008711631,38.0167190816068,56.435659538306844,7.142989593572903,87.00551591878828,52.07322752717088,Peas,6.548828293700214
70.01975905519276,19.96468838038282,16.07774174497562,38.96550135989672,64.18561688586905,6.426231290010977,123.27015724561122,70.0436474404696,Peas,6.583475976634809
64.9741827726083,19.105218494265834,17.07400451548177,39.12650746757932,61.729801667254286,6.2084058518243195,120.25079303400051,59.95809954240491,Peas,6.527952811575772
64.08193798555267,19.07129510315222,14.910749834815997,38.03676277114143,62.32029260552219,6.374719570835449,137.8223152406778,52.09463449299462,Peas,6.485878470284348
65.04079707881941,19.021580722604988,16.989210171254307,38.87380132720156,61.06139151604005,6.738227584564932,135.3979359014873,60.02629686387097,Peas,6.505038422035431
61.8566435570593,18.82687473046866,15.873146837098878,40.16846242773354,63.76236673293833,6.890645904416304,98.08216428793239,52.02685611932618,Peas,6.52891990134744
62.06013636555283,18.830971127740074,15.895829757813395,40.015745558681495,57.827766255725074,7.572180213819094,113.9561192126502,51.9920469895162,Peas,6.453752909370476
63.94584709784409,19.06960051959712,14.882662512901492,38.093698863189445,61.03313641471078,6.025639065255689,85.68917386641563,51.94770336051323,Peas,6.501284372786438
63.8921691278574,18.921201406242737,15.047053255231006,37.9488188513939,56.617158044979504,5.413750375432017,108.9196034789631,52.061440266711486,Peas,6.4549630645240095
64.8775330985241,18.889722843141573,16.897715589673577,38.92990869405434,68.69954230499141,7.654737500676751,92.08756348536295,59.87860908289291,Peas,6.62499102063089
63.985305133675176,19.023917782771136,14.971520228089704,37.94726988908388,61.67550087348252,5.9790665275562525,95.26878969404535,51.99649685933708,Peas,6.475560378057599
61.992569357144106,19.021318616382104,15.851451130843827,40.06986877531665,59.549389288845454,6.82846146063965,91.94270037015728,52.12026881268531,Peas,6.631517347296454
64.89796614475988,19.105838540066383,16.666438098039958,39.12342280822229,60.19438556005967,7.2354491379563175,82.84711400711704,59.903382080979775,Peas,6.585089833980469
62.07668275021587,19.05338753480113,15.957926193628555,40.04093648144177,61.4134185439768,5.973832720493884,98.59998201344423,52.06826154230933,Peas,6.209850606320802
62.046800771779246,19.023285666058115,16.045218155520022,39.908683638727005,48.201491913508434,7.390449170820944,99.90473612008357,51.94511925276066,Peas,6.615468331528414
61.94777130767595,18.924977700922504,15.997022573415322,39.982534373177856,69.15161853739826,7.742825227910679,94.76334525961582,52.02681615998254,Peas,6.585175474899667
62.16707418288644,19.09347777876956,15.983045117576582,40.1724563570938,56.858678908384036,6.502981594206748,115.73420130073573,52.08731520742455,Peas,6.668689260808542
62.00029513600014,19.10596452909483,16.03713006002954,39.88681224119063,69.24139548283725,7.405791651293851,148.4748384504686,51.92617339083269,Peas,6.547034737746014
64.0553674600984,18.928960515851543,14.830661689255642,38.04011366669998,58.70560765801367,6.628574251147903,136.1607246582279,51.9449762486029,Peas,6.547736873116784
64.01034054046985,18.886868783258983,14.931801767635498,37.903684849971945,62.248743806613874,7.2272781458187785,126.0481040004235,52.04367200977385,Peas,6.422794745239829
70.03470429506999,20.2204760426362,16.005884195884178,38.95453033433171,55.57700548854001,6.72544438907098,82.49459498604561,69.97597216856083,Peas,6.63664880255806
64.04458732417638,18.97460552282384,15.13401837775073,37.97342090927329,67.58287387143348,6.561906333156331,131.79831658269626,51.923654807326805,Peas,6.629156673278366
64.01362117753833,19.03300349693825,14.928249621951016,38.00867839491865,65.47980173573218,6.784485206534576,97.06463934427312,52.09952291183566,Peas,6.5798888069383175
61.99488298415303,18.89876936114393,16.12344515294095,40.019520611561774,61.360825642634055,5.6116255742614305,156.53826414682305,51.96787389130523,Peas,6.432263334645544
64.9155797189847,19.027633667210328,16.630225260029185,39.00584776357009,59.591087127309734,6.113474577967909,62.05831345363342,60.10667025148905,Peas,6.554885133121899
64.9468882326356,19.002808998402944,17.033310981363893,38.93508906923866,63.91329428228217,6.289800292907238,109.78958205486711,60.12995447261778,Peas,6.307671698159941
69.97247938808594,19.87716730346345,15.96908372721372,38.94912319984975,52.3797337259983,5.809614497064442,84.90503257469676,70.10217000470176,Peas,6.5584756096396335
65.06625689266534,19.001292675362595,16.969203281817865,38.91617018511406,61.70128636409932,6.880915966172588,129.88854835815076,60.148457903912,Peas,6.306555347735655
65.14376111106955,19.056087002447008,17.059096144596367,38.9378020613609,47.876231572022085,6.75493082986409,121.28264505967996,59.99607938623556,Peas,6.439418385678337
69.96424920635229,20.02307857353908,16.0896166372549,38.82421888677693,55.55272672944142,6.302905904873123,102.95808425025174,70.03280331442141,Peas,6.496295512995509
64.01272235892233,19.04333398985608,15.162174761514908,38.163028741624935,59.02517960794217,6.552725284485994,105.28754016487878,51.86409540631842,Peas,6.427467109112006
64.06688050214318,19.00861980271654,15.11142578490626,38.05740963405012,58.691382051497726,6.532965798221497,116.22082558210248,51.97985806880249,Peas,6.430739881663785
61.98931220860644,19.011571476280643,15.71914009415441,39.82093973703772,59.86024710715062,6.549752989108245,137.50363906118267,51.885853015378565,Peas,6.478570481365297
61.988538358280174,19.179608641794587,15.911149472938613,39.95829693741545,67.48330834168132,7.033307301521351,99.16423179305434,51.991392643186366,Peas,6.41140642402197
65.0751318285013,18.769671007433296,16.966093006381758,38.76279301086474,49.4348209104856,6.523490298586042,121.23089092908069,59.85675390298375,Peas,6.408818851712827
70.04546261338712,19.94142304729576,16.033304533850142,38.95959285524314,60.637882392446336,5.844836232206852,102.2785909515856,69.97754254821302,Peas,6.551445599692129
69.84363770905904,19.947402083878863,15.98724996155391,39.0201419122036,54.99852871905923,6.129622229586179,86.39784684023797,69.98134161738903,Peas,6.498241033463963
61.93831302880783,18.96659793225047,16.18755597690203,40.14445011155027,51.364311751725936,5.360929622666034,83.22785994910413,51.983554899850255,Peas,6.519973065026896
69.94748476625695,19.784984363449976,16.009353535640116,38.9302864136055,61.02199669341008,5.833591127051496,92.8657729700715,69.8895920232906,Peas,6.411867636429627
64.03146703662993,18.90927894754626,15.004911296275258,38.14501453518992,61.33178331280416,6.243644588871465,142.9063035060347,52.07136672155387,Peas,6.432730672539208
70.00094864618168,19.811340338307968,15.7622103471564,39.11667248340184,60.813563822265145,6.02219370447124,108.13027102090919,69.98448453919019,Peas,6.470176486908828
70.02436609368469,19.894549012749128,16.005735235870304,38.88538623083208,57.962734454278255,6.714465966642817,91.98163917894519,69.92142066316808,Peas,6.403250783613174
64.99076259897868,19.22648768468874,17.016930380607935,38.82305862877042,67.27390171487602,6.362562974985567,74.26429544469033,60.09357676763971,Peas,6.46556332638363
65.12839386383685,18.970131327466543,17.068021301556357,38.86592830199274,59.33665354617596,6.5933499793138095,138.40557962577364,59.884821110524925,Peas,6.296535315177112
63.9187781046381,18.94875958256389,15.087977218879942,38.039938038295325,63.17901836522291,6.685009807272571,132.1670125277476,52.012211993940674,Peas,6.344104980794886
69.9548066078104,19.990850606296952,15.991408871607897,39.12456343000142,67.22807638029869,6.28467431400761,75.61420290343847,70.04845363059604,Peas,6.39076522673323
62.12510206430244,19.064417882481045,15.919386208242662,39.9648866042116,56.500501657061335,6.588108476973603,106.48981332188401,51.95601857361764,Peas,6.460271672091835
62.03826461194688,19.00759180185314,15.929088585653384,40.10749325418435,62.23207835218313,6.520401666432399,84.49785254708246,51.95316764945397,Peas,6.5564151418228125
61.98185846474273,18.953100901612963,15.93694045417264,39.9452740070949,52.72244230966628,6.174027719615185,86.48358675259766,51.79758535958584,Peas,6.394559044389902
64.02956872597552,19.03432061496934,14.977794507948962,37.85661018828117,59.25527574554586,7.025284263916873,130.81750288037844,51.92555432562384,Peas,6.544433322445148
70.0205419467232,20.06248822029856,16.013170238318956,39.16202581823256,58.991189623450666,7.1228116183667884,100.25300141910868,70.19967537080355,Peas,6.686491436447524
65.06610711031993,19.030776793748977,17.031200694748566,38.93861925296223,62.059594228111465,6.18238325409668,124.17082948863754,59.981111161745446,Peas,6.617153373154122
70.12043816667028,20.16040094069753,15.88342253330547,38.84829773027639,59.687605301193024,5.447268203540635,91.45671516781007,70.05879506025848,Peas,6.624062669707464
64.99100534563226,19.0093563829856,17.067130915123048,38.79218214412986,54.28853163293845,6.627995942872441,85.83834019413746,59.84286257814752,Peas,6.25555445474552
62.0608603273135,18.99981568267872,16.049631328405006,39.93612241814148,55.40074048791175,6.294359207002605,85.64847310041901,51.91217660959856,Peas,6.358882127765045
70.09534424042818,20.039878698505987,15.89198187796022,38.9095607428858,68.48743029437232,7.017550276379946,142.19574083255782,69.90484942596689,Peas,6.427698647506582
64.892693229196,18.92132220309184,16.863177087801972,39.04610520674509,61.19047515169954,6.448224008137106,153.42236585487842,60.00029364760264,Peas,6.542119189604725
65.12499384766052,19.038397751332347,17.012816297842775,38.782691169931766,56.553302275529816,6.936292053638025,116.37495947813325,60.03896614613208,Peas,6.562216301479845
65.050041039871,19.00353707677446,16.90528252524926,38.99159762008458,58.20529862279242,7.147900023734339,71.38582466554956,60.1859084829986,Peas,6.471629481374001
63.957147765727605,19.0665760664243,14.879173543495464,38.047811993093376,60.29848832630468,6.275442549946323,113.43915613320803,52.308635021000114,Peas,6.50835602219179
65.06363019021883,19.09517712769989,16.962652504367735,39.088114028331226,61.263261781827225,6.168295564022683,109.32064064118698,59.98835640385919,Peas,6.46631354174741
65.04292981303792,18.960393574779083,17.083707919276126,38.984079597577086,59.28174755504028,6.29785213926672,124.81388640491521,60.07333678483688,Peas,6.583522571868086
70.05007186423116,20.14064267166072,15.983979125394937,39.07228114773724,59.405972049534114,5.965938824818846,90.99899530237505,70.18680069171563,Peas,6.649705054370386
62.03846255998195,19.053309882720843,15.944630824400887,39.98629090509562,63.688277913888435,6.184141063779087,154.58765657564078,51.92496310536878,Peas,6.480298035992458
61.898095133540224,19.00949624603117,15.953394190840676,40.01084776369287,51.0890899556487,5.9016805988633605,136.80702800503178,52.01200609601237,Peas,6.485448538989515
61.81525903997543,18.926534543275395,15.917114511048371,39.86775724246509,52.988016410694975,5.961614115067876,115.01516375403769,52.176896280712725,Peas,6.604650257468883
70.23310830624587,19.93198689645176,15.992053163043089,39.13054067814841,60.121855891232336,5.9873350642488585,159.65495750149077,69.94341776699164,Peas,6.322219141219441
70.20095218762644,20.147694926707057,16.081659186875175,38.83106869228379,53.15057310096443,7.576315430009423,82.1446873297521,69.96735987113371,Peas,6.519403759591226
62.03613063184184,19.02843957995264,16.041230110753915,39.95063803663884,61.42534601793488,6.245523972481502,115.76247800375754,52.20724434976981,Peas,6.403838525655256
61.89352894439332,19.014355165671283,16.041777068615442,39.88181818043903,62.1051583404886,6.484827652461127,96.83142666768802,51.97055739406775,Peas,6.543474166458791
65.09180787660215,19.151125126764303,17.018414348282157,38.87258730331447,56.28474101516993,7.278807013720072,83.4320504301827,60.06686783272367,Peas,6.515919436517965
69.843805532442,20.01865597323962,15.880122222186069,39.064093270047,64.50448095561147,6.286558332632166,121.83946657396848,69.90142465826877,Peas,6.600361858463072
64.90323541891789,19.12849177286652,17.15436665564024,38.89287313053335,54.788888077999644,7.132582671500919,89.7632962673803,59.91379680775416,Peas,6.314230495480945
65.03484929702857,19.0699777366619,17.001577981661683,39.07981387409586,49.67027085637065,6.16686062504899,108.52262232460242,59.95498486037113,Peas,6.467919089716812
64.0689726707442,18.908566660395355,15.05797340895465,38.04755848652832,64.14996974070232,6.45027922311291,142.00690868449152,52.06110126161808,Peas,6.430973897159273
69.96249431772576,20.098916738767745,16.136427523118986,39.02075186922696,63.503210099708156,7.259326450368053,128.13377205569842,69.96533282951651,Peas,6.455937899270595
62.13991767573218,19.00144142749138,15.891395597681878,39.92526189843417,52.79232373240288,6.442149209017161,115.13096437195512,52.1429986918377,Peas,6.383479320528269
64.16276418042803,18.87502770048521,14.890140461909043,37.935573824652586,57.94653576285915,7.132155294238979,91.61366853972653,51.87452073274478,Peas,6.680969962515944
69.87404732748776,19.97600140082958,16.008995826001513,39.11964202171478,61.198552473035676,6.084515736878426,127.62396794518767,70.01386663929534,Peas,6.763804215770077
62.01019498894222,19.004689035538767,15.883028224597572,40.023572099738026,47.3425213330184,6.416054338230661,113.09705289035264,52.01993394177876,Peas,6.502723738374381
62.02799860289844,19.010786825382887,15.90651109860964,39.97327896669168,66.36779405126912,6.504490234974774,97.43737683595283,51.92614060500937,Peas,6.539723077427744
62.1025049543134,19.004402360714863,15.953799336159518,39.93885835475551,60.72162829903079,6.444117568922335,83.63950548169069,51.96240895177314,Peas,6.542011256244892
61.81645043833887,19.101499998094187,16.04487180489747,40.115175150118056,64.96356211768133,5.559540175167286,122.61305008216188,52.08789488836624,Peas,6.554836641746
64.98465810153614,18.979223187646628,17.153960303582338,39.00696268791775,67.9044212184737,6.620957152842892,117.9821385150409,60.14954070442488,Peas,6.510091408184688
62.19080647171611,19.18600940890306,16.090862295830398,40.043994559045935,52.995148823446826,6.650281346493452,98.79425372715225,51.91908071760534,Peas,6.359329101137754
61.987193078540365,18.93056269810196,16.056364171005388,39.938870152697774,66.92362902414555,6.1516785408896455,105.91272016585148,51.91599624340517,Peas,6.576353124954412
69.86235594510399,19.95957412401204,16.034208867192422,38.90720513537088,66.62961006569967,6.497993861608134,110.77507596529487,70.10208673387994,Peas,6.597322756125208
61.95627159202754,18.956576741858186,15.885020998467146,39.97054349970635,67.09252424619774,6.353963948503114,140.47275984205405,52.09833759194123,Peas,6.335392466717717
69.86556596915833,20.09841472177903,15.917269629343584,38.98085740834579,58.68123530054436,6.470509550740418,114.25331760259652,70.12555770289079,Peas,6.476953892026119
64.12455329993576,19.005062157497694,14.970225147528785,38.149947494325424,56.89859161443432,6.422792479371744,150.06741869290926,51.86494732058797,Peas,6.5981912265155005
64.87558170671332,19.10675507481449,16.90834903438952,39.06281830027177,60.29227943093944,6.648181740688336,119.03030394107286,60.26809377404723,Peas,6.526915331739127
61.834862201937966,19.09160407040345,15.958175706442027,39.9378157509437,55.78165030106398,5.979722488656286,126.0196781164327,52.02963390058902,Peas,6.522419926386096
63.92296898880138,19.042981665894917,15.103798605374331,38.11571667029023,62.46157576141431,6.3151942412548925,122.31195639288423,52.022790900945886,Peas,6.511306216088649
64.05176532281419,19.07661321951692,15.114858949059514,37.95463736725603,62.49179724560078,5.5726576513276385,115.78941661573701,51.997461007122254,Peas,6.309251022206185
64.8975405578326,18.943478305265906,17.006737988905638,38.98901690966341,62.97682949565567,6.374603188093295,88.07305552293644,60.09864009009471,Peas,6.494020891225729
64.18546512662945,19.04973029293632,14.87598016426589,38.00262291251429,57.50800299589828,5.97557784182914,96.09546275905518,51.92274263179554,Peas,6.510526767830387
69.97135887717288,20.16797990010723,16.116151420877472,38.93205305660427,62.835384461948344,6.704604018241226,93.57367099240719,70.00218608077753,Peas,6.421514367878956
61.76501358952499,19.13110997175792,15.893356802474898,39.93764593564071,58.50786503380875,5.5730994612294324,127.34732972308407,51.92517280803197,Peas,6.430872424891803
63.89377029257751,18.884278225970597,14.984366338632311,38.02055171809198,62.612859622255236,6.11920560338131,105.61303775004811,51.82062019178332,Peas,6.374759526363144
63.86186689621165,18.946776558258307,14.881961952712356,37.84980622213319,58.19298708746272,6.899444400346006,101.23174071564806,52.15963770682377,Peas,6.540022655927066
62.00960407876063,19.09659269440048,16.00965686120314,40.04512303194845,57.62367088875424,7.064868933695558,80.28172275096286,52.01652915396172,Peas,6.571435955106436
65.00127223501629,19.010579463744254,17.01274852711166,38.98087692920922,61.01992492471739,6.566225164160956,102.46538920810382,59.96472241384032,Peas,6.394810415107374
64.06983413450621,19.03233851992918,15.011644670840369,37.949499448487344,58.64242934613107,5.767575848577805,103.4558126254384,51.936546973340704,Peas,6.495610296520714
70.08583574012226,19.91917339242999,16.044465328851015,39.02863761479629,63.9291425376599,6.032868538921273,105.69915024232994,69.96676978274219,Peas,6.4315474751474895
65.08092570942819,18.982152478342154,16.89521063837947,39.127308709926645,60.05113630871213,6.607428093631796,69.05207585694252,60.09319892737473,Peas,6.436681516218791
70.03848468587013,20.010495813302636,16.102964265019345,39.07841891123514,59.86066061294447,5.784166292998284,139.5036236423436,70.14500944867964,Peas,6.524929462356186
62.01498767631434,18.94663367985139,15.993207463353,40.023637208488175,60.57044717293361,6.5819336551125565,146.58707864816822,51.90263495650539,Peas,6.582460518446573
62.01516658161914,19.04468635423636,16.026804524022804,39.94354141648133,51.58139676465618,5.901102066515306,80.116863332378,52.12272443820749,Peas,6.624313431440577
63.90760482663045,18.984477320382396,14.98326351288568,37.91139499493993,53.15144053206566,6.181038175007955,101.29419594251925,52.1055362897089,Peas,6.533294604070171
64.09078421030804,19.208803381437235,14.9501914193635,38.07140612089143,59.54799127041771,6.772164569021811,83.49646668068183,52.03900198567318,Peas,6.469523304471137
63.94102551471807,18.939000930377816,14.914705996515876,38.02039760276429,64.34529469652051,6.557037836627382,88.15905222051494,52.06388107810303,Peas,6.420401594734199
64.85940267264807,18.89332100152642,17.03395728634991,38.99951176029138,63.09611801572605,5.84357576855701,116.46166338156479,60.04467462660927,Peas,6.629154662124786
65.00049550719274,19.142286245176308,17.044283716479764,38.85479249229808,58.15752943679038,6.989733693345878,123.09069158508446,60.02530502414597,Peas,6.542533041172595
64.05511003838507,18.99989743261392,14.905461147017611,37.969725825402335,58.36806705431849,7.092501023976853,116.84176003270443,51.96316703084391,Peas,6.497941864366266
69.9773933494035,19.97522535523568,15.791172513093612,38.92533888723592,65.89703420024108,7.286953361298247,124.12944108365686,70.07884592522376,Peas,6.4201674448121135
69.94645504573424,20.061231074011395,15.998384494785642,38.96031650378122,66.98533957587273,5.627895269425553,155.79919221087516,69.83294623276254,Peas,6.541876612214812
69.83392241229285,19.94748772269386,16.0655146524792,38.98573192973152,61.1809791491805,7.580213041438324,119.71616154847766,69.79861941071194,Peas,6.478387295630284
69.9176201874692,19.939534520998848,16.00544289052908,39.1128901970002,59.854334818363306,7.2356663865765025,117.18504096232591,70.05746478960882,Peas,6.47683322722569
65.10866072765546,18.87096206546611,16.92810041532702,38.97053630349792,70.39848032308586,6.235508754803409,94.82001748436893,59.88557491359352,Peas,6.476320983429657
64.96550386301905,18.987812141035626,16.96557775000642,39.08411424811163,49.11501056408081,7.026992700835879,134.52308302209167,60.086222689032006,Peas,6.439554558342195
63.97112052254769,19.194018273949855,15.044241036245626,37.97024537794209,63.981712720120306,6.418442970700839,115.22622548193237,51.91875454163973,Peas,6.521852029052461
61.0,21.0,18.0,37.0,56.84481726819086,6.1982418989040795,122.3522499314121,58.0,Peas,7.5
67.0,18.0,16.0,40.0,64.84507675071173,6.583170752934919,111.45871620961995,59.0,Peas,7.5
68.0,19.0,16.0,39.0,62.16304194927646,6.126416280239406,91.63680028494383,58.0,Peas,7.5
65.0,21.0,19.0,39.0,60.805574860405024,5.553872071693147,93.41010693018573,65.0,Peas,7.5
67.9858851396491,19.094052146434542,15.946968358080788,38.97279307910533,68.36454133718368,6.110443978496577,172.35140198616733,57.895959582345526,Groundnut,7.548659993361594
60.97461254370265,21.001024115753733,18.044806400338327,36.98186206914327,60.91634891706985,6.761552595093619,146.04768136369188,58.198140420395006,Groundnut,7.326300188855031
66.9256678528293,18.05258469984114,16.067891481803223,39.82042626255689,57.674047638713894,6.9148319393825535,108.66709379376103,58.931923290685226,Groundnut,7.460324028699762
65.04400581754162,20.944373043749,19.032497174381948,38.90871961542071,59.007889367475215,6.9539293395838015,125.0121140416302,65.14677870923457,Groundnut,7.574869994229311
61.19090948903251,21.005511277749147,18.022765093088367,37.03857192261382,62.8276136678924,6.606350527744951,106.83539874557856,58.01287390726351,Groundnut,7.356833601076268
65.06382083918903,21.11408912737129,18.98257715127444,39.173495456908135,60.98574567597225,5.879282054967972,106.46307415549849,64.90247491216533,Groundnut,7.473650458187588
64.80667055612923,21.17963926852353,19.00587537421293,38.97579250229778,65.60773559830078,6.101477422659178,140.16940158828595,65.04504866858608,Groundnut,7.660576402740653
65.16203511367999,21.05029459513633,18.8405908649075,38.977089980705095,59.02973916403835,6.433122548642929,76.37986858098083,64.86280015644226,Groundnut,7.524008695071295
67.00672112507132,17.990847439596116,16.048011458737076,40.041114101446446,56.054781377267176,6.837316860302638,102.58501059429312,59.059494881740825,Groundnut,7.536663730202262
68.02659407206335,19.06245208898248,16.084219798679705,38.989919473508486,68.40956969723867,7.44528777472921,86.49142521453233,58.00269569697906,Groundnut,7.657846013154449
60.787208902244295,21.03082866433365,18.038271924313538,36.89141353562652,48.06109664456673,6.457250631171016,111.53380566221433,58.08736442240379,Groundnut,7.551798483022007
60.91266488084145,21.044884908172456,18.10169800282913,37.038741073196256,64.75691743333479,6.721607308527881,122.10404856959755,57.77866732704227,Groundnut,7.602916321647056
66.89140465921756,18.02861469352372,15.99081199887656,40.033222544224174,54.78380586237723,6.431963429532005,105.6278759193851,58.97287992518885,Groundnut,7.556763696740874
64.90554220618063,20.944644866575807,19.20460492377111,39.16011624283437,54.246583741672346,6.640511690678268,95.10289072739977,64.88004462478891,Groundnut,7.401432758462592
64.88603669386971,20.8716897078672,18.979917672590904,38.93444256783871,62.467767407701814,5.993565538977503,96.76414522870273,65.01729710248266,Groundnut,7.468937877721141
67.03327173295644,17.88538909388125,15.985470511433643,39.921395514674415,59.05005699027609,6.392679801600963,132.68195203562283,58.75598661815312,Groundnut,7.32935852591302
64.88639362741615,21.08472639241324,19.19183068234265,39.06273007510062,60.69919616563474,6.394477668510706,113.64033357827692,65.06627034439876,Groundnut,7.38593060613327
67.01847363163907,17.990432876024283,15.967702577128492,39.95116753604467,54.14388809267184,6.2254639508156995,117.50656777217267,59.03074182235215,Groundnut,7.562656300589242
66.88256289833481,18.054416919232217,15.949695944806615,39.75311165332966,54.56786869354785,6.120965169315494,122.17457793619306,59.032994792022926,Groundnut,7.53808712137851
65.0448931090661,20.933907231414555,19.194823839987254,38.93956254665647,69.15640426354743,6.850896446245675,111.84561451402828,65.01389344117008,Groundnut,7.663163535279192
60.99885934495578,20.921864583124623,17.975419986742967,37.18249247675048,52.52783767701406,6.4067580049120645,99.8452788202654,58.04269830570869,Groundnut,7.525965036919364
67.96170049947827,18.955410326666744,15.949882938237582,39.01195016958759,63.784693059544246,6.717965284262483,132.32279859728592,57.95580992276326,Groundnut,7.3768938551306045
66.94958659461297,18.04790834286521,16.02710629083905,39.93979601319465,67.01398459609027,6.146138742366694,107.56239692691523,59.00229069869691,Groundnut,7.456054679213614
65.10512423269495,21.070418430936435,18.91672809675196,38.98491215293082,62.95665784889683,7.407691777005489,105.85585672322198,65.0860799574957,Groundnut,7.473070876201493
66.98249412712626,17.990411092778267,15.918167991783095,39.826446414853294,55.4789451065894,6.534137610735776,134.15876264126626,59.009224724682845,Groundnut,7.610947556184642
61.09562655789001,21.00138857398307,18.04095034747796,36.9192484333778,56.883375566026125,6.5038401915487265,121.37170471424116,58.04745576752348,Groundnut,7.45613367165431
60.989748040836304,21.044507493917624,17.962195142404614,37.03949059508624,57.87428988694042,6.475091852961706,141.94586229265767,58.18344247731907,Groundnut,7.441357870808757
66.99799449033557,18.049065073449714,16.163045928353306,39.90808846730136,53.76304453757634,6.726880265627555,102.71078646098624,59.11023725511856,Groundnut,7.537759366663478
68.01679844408721,18.978894417010743,15.929173524816642,38.97900616178653,58.813413920949415,6.3342628122612625,122.01340178358006,57.963206726484906,Groundnut,7.53632641684827
68.07207176961583,18.892269799093164,16.08849302567007,38.95195835095418,55.26571053845746,6.248128229862643,124.68877514707884,57.803980417635,Groundnut,7.416886405658328
66.97670106561397,17.911329227635637,15.757224753442223,40.11132711444112,55.60936488842965,6.440242980936041,147.0086255397827,58.92879972425623,Groundnut,7.536534804321624
64.83785756278542,21.02938559301576,18.956495833429287,38.90868588790258,52.215828011136466,6.236762832042989,113.23762209135171,64.98896132512982,Groundnut,7.639261131926789
67.15897359789656,17.769690400971175,15.873712987742584,39.87940040386574,61.525184397821334,6.5071993884503545,141.85119383046165,58.86643106216861,Groundnut,7.456474434449188
60.93720020001056,20.924137068217345,18.121617722136797,37.09614499692753,60.98505793804489,6.792629968060884,124.28888604819636,57.943026351970566,Groundnut,7.57411736656748
65.05701619697298,21.0235736843508,19.099732222885223,39.1903293035559,67.14932757788051,6.750572696450876,110.29081309842394,65.08078259073996,Groundnut,7.38593168788883
65.00441558739226,20.953634989300536,18.91159771558635,39.00972663329775,59.44236985164924,6.0002039707022075,102.33863606241903,65.01251992894431,Groundnut,7.5397910170393585
67.02470108632012,18.036497063016807,16.00510990180959,40.089507817591176,59.192838425250855,5.772698914639331,97.89457503125183,58.88694469917436,Groundnut,7.425779239731325
67.11440963976004,18.10487714961215,16.11627221978922,39.81753768234357,55.46004434754218,6.570912071793762,129.4581918609686,58.97254948171599,Groundnut,7.3110836918893
68.06198045074258,19.14705045905998,15.964209498754029,39.01994528842091,57.76922842232417,7.169383586255473,68.48873678655035,58.04686619766384,Groundnut,7.56661118083258
61.18658302061011,21.15547175120864,18.009816267094497,36.83861610367445,62.12691748202324,7.62292418334214,103.50924739715208,57.91997509263466,Groundnut,7.477531009517925
65.08430387110457,21.035628661391826,18.97302599491528,38.72662134964908,60.62018477802597,6.744325162367159,132.32639942634205,65.15693243908562,Groundnut,7.409156403319279
66.96090082005209,17.796273355047138,16.01667880150711,39.76325154312076,48.40763380930192,6.6630755839603815,105.44757409177512,58.96629041427286,Groundnut,7.377798827205773
60.95134855969948,21.082929510947583,17.769065346958214,36.91503234685555,59.09511107412192,7.240158907237335,105.23214981332387,58.10269642454398,Groundnut,7.484015109196226
65.03656556829,20.997333160721382,19.082605079495107,38.99241536395224,65.76217586934607,6.802095631210844,104.46616717489874,65.05294960322723,Groundnut,7.632218192564902
60.876364463166894,20.941029767610036,17.945871009491427,37.02697015872145,61.36145410452775,6.61459393189058,96.19591353618422,57.98000426525642,Groundnut,7.344978678135549
60.89953342480984,21.02370821305089,17.99981066865848,37.098536525840025,64.98569820386719,6.378086957973384,75.06727748085984,58.01124570722941,Groundnut,7.509822066444043
65.04488005533082,20.93219478985529,18.99741268606018,39.18127762294292,62.12370620268821,7.490012531925866,100.19201158890695,64.77937973556133,Groundnut,7.438914797198714
60.93193581667728,21.018773943403943,18.1126673777123,37.13446368667434,51.01691996279915,7.102029586848413,104.19792091488445,57.8186546575612,Groundnut,7.485275480644817
66.99479815252587,17.821226433654573,16.109379278185855,40.08147489943704,58.1367986035757,7.424136008188263,91.92813281059958,59.13062248432384,Groundnut,7.36898836567838
67.10149017262907,17.95358652446373,15.88898229655123,39.92814445215451,61.1053897383933,6.058214749448745,113.63784772048004,58.8712204461557,Groundnut,7.636530503283864
67.10652866958425,18.02423167140815,15.996952692219407,40.07282058152936,52.44859001388514,5.498925528728719,106.89949307460692,58.88616393002506,Groundnut,7.630889749118952
61.12297610595295,20.853578099375262,18.018968506269317,36.8027940618621,55.14813894493916,6.8277430392116125,109.18525332941489,58.28902982992469,Groundnut,7.646473403149455
68.05702774596253,19.05273624203129,15.972657675679145,39.00921204049678,61.67743843469923,5.9262651370897,135.11733376169428,57.93961175088559,Groundnut,7.541334927308908
67.94076574388522,19.22398554733016,16.040248443250206,39.16493877650309,72.9576985652061,7.452657682782674,93.25231126931428,58.06309518527807,Groundnut,7.505891656300892
67.86698446239797,18.918492769749243,16.12604773909979,39.02556042123178,57.72250649540637,7.225512632883282,93.28923635791777,57.78567778875651,Groundnut,7.457227818840398
66.87750747050681,18.045451917385623,16.08750443796389,40.005823784437,62.09244422796892,6.998899917223144,121.39049266298359,59.12532401020091,Groundnut,7.365541723570351
64.93484611912996,20.99708670523742,18.793464165908052,39.0544176464143,55.74718990043538,5.6129615659180105,99.41963791313734,65.11655037822703,Groundnut,7.654250152882476
61.01520225915453,21.10076977446688,18.031354092057995,36.85237620785392,58.417336233281475,7.2623234414097935,134.54427659310508,57.95417916013396,Groundnut,7.579252897248968
67.9824499692384,18.93235690552244,15.950042729370612,38.84803493348883,61.61960646892251,6.6856057922191505,123.01507923870682,58.05197277996507,Groundnut,7.372888581387016
64.89591726345691,21.21537371439865,19.158926854566545,39.098563985186345,64.93493477453505,7.05812780911617,130.8525220635645,65.03319227139811,Groundnut,7.276197914409464
61.12828779477202,20.985589825128176,18.167210615129967,36.97556713473824,58.291731143814935,6.346970462606761,112.92775920490546,57.88830647980468,Groundnut,7.556811580269691
64.91196602298565,21.06247606671602,19.009010186369835,38.98367119499337,57.70198558421286,5.791034181815242,95.0625061404874,64.89904499614259,Groundnut,7.348078714342454
67.13757044054162,17.912241165303605,16.08534601524848,40.09968876038984,62.89197028959816,6.5055571501816924,90.99955237882003,59.03942620622755,Groundnut,7.598262093190474
68.11226748281726,19.01157964660285,15.9140563020684,39.15593125929069,50.39893524133537,5.589574952469224,97.48121469098479,58.08176545443923,Groundnut,7.628280295417515
64.83831284384958,20.999697040996445,18.99745100534884,39.09174266909834,56.57453510547802,6.616857643919673,85.80106286273849,64.88582412851147,Groundnut,7.437545276439677
68.18514930948928,19.059740747950084,15.995706252856198,38.96791523396446,61.19882558209592,6.659592043646748,132.52598228513708,58.05207054964738,Groundnut,7.472199912164886
65.03082666843304,21.040320799633424,19.067208395301897,39.10256033709332,56.7875202824022,6.027422616887212,119.43711600354416,64.82420804177173,Groundnut,7.563697321302568
67.10263931536782,18.13488759618086,16.179578956879066,39.914993474060246,51.83220752086086,5.715553462649315,116.52850840297398,59.10528307539639,Groundnut,7.516668230759866
65.04996723739374,20.969338920052785,18.791365365929828,39.27008308077756,62.471686838653405,7.018605359340679,123.34434945392775,64.925929089654,Groundnut,7.369301200783302
61.082439482094784,20.69548833808544,18.22249951804481,37.018618622201146,53.7922884367338,6.205348232673308,159.47009920716323,58.10257289139364,Groundnut,7.37062626374827
60.9751098115757,20.89071276269232,17.937618427175128,37.1898648123017,56.75497932806358,6.5728797623054565,101.4116084502191,58.11552181450379,Groundnut,7.554352096690206
67.9791231971718,19.002986715711984,16.026957741058162,38.88015578810512,56.57287481029372,6.432359985285537,137.67627222942656,57.85480968280081,Groundnut,7.447334127013467
67.10999266609494,17.88085240220863,16.10429340773674,40.03647652742335,57.31411038631495,6.558983294438318,77.38356387139224,59.124350121416974,Groundnut,7.486471006122206
61.08677780469213,21.1365511422801,17.971625668314697,36.99234072771424,62.95197888063015,6.607611210645726,110.58454431974744,58.11994128174001,Groundnut,7.339415223061412
61.16559735274016,21.10042690640333,18.160585823110527,37.125222400226,72.83757841126142,5.971059564014043,83.29234610846042,57.92505796645791,Groundnut,7.317898962942611
66.88891566889498,18.132149932749147,15.970138492359036,39.825545957077296,66.7597137320938,5.272650493464607,98.8473443461533,59.02583813372272,Groundnut,7.558128811751668
67.86964761694198,19.12130833718435,16.041893248829304,39.239269167574285,49.31459744857811,6.096146097644022,91.8274438058467,58.11018426263009,Groundnut,7.380089908682189
61.0573257571981,21.11461121413409,17.869540964955405,36.96520031862717,64.02698420482763,6.071305386771838,112.9914918335582,57.95943649078809,Groundnut,7.312639870727671
66.93890161450122,18.099885059469702,16.108910583355414,39.97929182013543,55.933485333404434,6.584955242946448,119.43701909776702,59.16343302690999,Groundnut,7.580805493544298
65.13100492885812,21.108759891379787,19.030447226363247,39.07731910870628,61.350780195198716,5.8416628249983225,101.05493017504703,64.982307679618,Groundnut,7.370715187640511
66.86947847960613,18.032121116992094,15.829356474886533,40.03163262522665,57.3429632054206,6.025108001004211,125.0667182072468,58.93272858286242,Groundnut,7.507860747395568
67.77947934417523,19.000471798908865,16.059258504835885,39.17933651204265,51.13014985715579,6.886637171813654,114.91333506828724,58.23651005948263,Groundnut,7.500205925239345
61.058278695787486,20.97825172676117,17.83432212062651,36.9734155784293,57.84484505148723,6.802111959595465,136.28272997037172,58.02042941155765,Groundnut,7.416056158068123
67.02809369052737,18.03388222542024,16.02812246226915,39.951463143374575,60.63473457646761,6.627369987513708,110.25051815245658,59.02851060151848,Groundnut,7.438174221752564
66.80999865003572,18.097043743617014,16.002815500144106,39.86278520076105,62.1388273034164,6.484442897344805,129.3055353473365,58.967085765605546,Groundnut,7.556548100680052
61.00882656407257,20.93577783400506,17.997104227910686,37.03989674536143,63.310203261803366,6.286649560131402,120.00832587997019,57.897380500643855,Groundnut,7.397848277378379
67.94880765797109,18.984120976401535,16.281968644187206,38.88224310250301,57.357166361917095,6.7241270316287105,82.2610059276775,58.06291244556996,Groundnut,7.510108402626803
67.98024996985387,19.112460195324395,16.003353093935086,38.82357365398055,59.503981336306346,6.685709488386377,105.97067656673723,57.95551102469479,Groundnut,7.383484824079269
61.054759418561794,21.06372635187878,18.0897859799261,36.98168591270967,64.06708230183092,6.193600145450296,125.42508725181412,58.01398903158959,Groundnut,7.51177293175074
61.04959923288381,20.953418679110623,18.00181112772339,36.9411730208521,59.50788323415617,6.201896396425311,83.10544281497845,58.099416266542285,Groundnut,7.563008442804111
66.97496210260337,17.919160293257534,16.186252363315273,39.92174092086235,59.330102116791316,6.767376052704271,137.98001353038785,58.96332631939774,Groundnut,7.583913826680695
68.00901564986921,18.78260725016714,15.84108507713364,39.07390380678406,57.725291808429304,6.894233059572804,92.58630838525204,58.09127846071622,Groundnut,7.471813871957594
66.85678849331825,17.892388427421206,16.084241927364236,39.74038643237698,57.115476305524695,6.93058419953939,121.5261548258719,58.95125188027232,Groundnut,7.397275890258419
60.91136753737936,20.974065635750588,17.893855945710985,36.95867662943295,65.87352587838593,5.426304807206492,156.07131530506211,57.92652244419854,Groundnut,7.445280700131511
68.04370630281382,18.830200707097852,15.931360101114551,39.0648750511529,65.89405990948666,5.381947497829213,114.59020558655483,57.93973401143306,Groundnut,7.632456469401164
68.02324491405626,18.96503837883945,15.858547343485098,39.05239420610865,59.66508121042998,6.64781575653221,96.43718621006408,57.927711643327406,Groundnut,7.590248058855004
64.83569761098309,21.03371536619864,19.07628323374714,38.89078752210509,56.71330362850814,5.963075181772777,113.50576418104625,65.0332093051647,Groundnut,7.387455944782131
66.96747502588325,17.947084518142333,15.765647499715532,40.12534577090346,53.41037685278587,6.7742887111142185,76.17495839720081,58.99340472361887,Groundnut,7.53109171969044
61.126984686356,20.872733496785248,17.895841063391767,36.86029676146163,58.01080474717386,6.658343503348575,154.08334347163327,57.992379456064285,Groundnut,7.480583212237515
68.05335072170095,19.17219515896227,15.93014640381035,38.98729687398426,64.6796911006006,5.666565879361839,105.70104457395759,58.018798247439975,Groundnut,7.551143820996834
66.85942794633588,17.860825670914263,16.069610344223097,39.948483295588936,54.6685940120476,6.316989468796503,91.29124190077533,59.04859527181081,Groundnut,7.521103205237459
66.91371330813365,18.012672384334124,16.042341802840465,40.27248002454996,63.671502581411616,6.859827823668588,112.77380261215251,58.878354062988215,Groundnut,7.493383546360534
61.06384962471163,20.89832662110938,18.00348265933885,36.950700358370725,54.41088419945948,7.442481502968678,125.15102122151548,57.91728754874747,Groundnut,7.574779325127932
61.06356063138709,21.07556341482062,17.86772228169047,36.88423060370895,64.42080406937458,6.996285785772579,83.07204038268037,58.01442319054074,Groundnut,7.541822022053872
67.08248911956719,18.02946677281288,16.047330740393793,40.20627246734868,63.193324837355966,6.960345781797044,129.46539676976957,58.94211873236965,Groundnut,7.488253708796524
61.12720871627349,21.05749759178263,18.07469044689365,37.19037758164276,63.38122302953383,7.073830143144919,135.5397309711019,58.05838577182823,Groundnut,7.443676557839813
60.96947999131872,20.988550830126176,18.13510540293886,37.051614166171646,54.15008040873943,6.35485144341313,119.56414882510336,58.17823271354546,Groundnut,7.465852889396475
61.05565907525871,20.93977739802189,18.12282093938791,37.13918078285633,54.135728929253645,7.2636840108601515,98.80694204191974,57.90837958208582,Groundnut,7.341943181965324
65.0778587393685,20.85956663787273,18.97787414535384,39.24214316663272,62.61718346223594,7.007114755549955,106.52378414175023,64.94805816607052,Groundnut,7.518582780280905
67.81449363754798,18.835937426672505,15.812588503181104,38.90805530201191,60.508117494110294,5.881995156088364,106.54030843783806,58.01009018294592,Groundnut,7.455603459348341
68.05584420704396,19.122510286751726,16.010543104478284,38.906611689898455,65.90054635030212,6.8465741595464555,94.18194668501025,58.04625124210901,Groundnut,7.272139219207753
65.09748369075115,21.034747085841484,19.04675102160372,39.00916092945184,64.3837593591345,6.76173523089853,113.94229752596306,65.12539581511768,Groundnut,7.532584034448346
66.9822916190719,17.985357424812353,15.994916767033182,40.078515245088816,59.010396310551634,7.081431638557554,100.51067884841777,59.00904969646945,Groundnut,7.536505128619403
65.04854632899448,20.930937022072868,18.83519513596153,38.99333290410559,59.55069944955513,6.472666174899217,115.11533184217217,64.98945042208943,Groundnut,7.498926944373472
67.15672742654665,17.93496073226366,15.948978286529917,39.94508660904324,61.089644497187685,5.991462190474067,99.64122582083826,58.917969990687205,Groundnut,7.473525877313073
60.97346997436739,20.99773387200628,17.94803403132978,37.03686152897043,64.20436061321423,6.9092939973193275,101.51901045849097,57.96753644503587,Groundnut,7.343643199543546
66.97969591366454,18.127797885244032,15.997343033039993,39.94230787664323,70.47055317559737,6.387734047782698,99.8845099496943,58.89037181859848,Groundnut,7.482071808921705
61.14336829938011,21.062467428125643,17.97986626601004,37.0766868972775,56.6560539866837,6.310515803589423,88.60590904841601,57.9655160522385,Groundnut,7.540565415073505
64.9667337393491,21.063096105672926,19.104638233860637,38.78315806843021,54.12725205062933,6.5692823084688925,116.62285688774868,65.00173586567585,Groundnut,7.576289091360488
65.1366466705501,20.966203174670103,19.02917054769394,39.071224475138926,67.023550790211,6.231503266720031,103.67121349613448,64.9626481952937,Groundnut,7.417129796286739
60.98676830659505,21.051709787622517,17.921505064518204,36.99914362638764,59.72424613801526,6.2949980561982954,103.26129044633306,57.9434281076298,Groundnut,7.287445177257009
68.00831031518116,18.96713476178797,15.816321303073575,38.97441562214956,59.351353523857924,6.813002826977851,95.76341208006107,57.78854819405203,Groundnut,7.443526430374249
64.82516569695956,20.90545675845675,19.054666856596405,38.913199013692655,58.224335157258466,6.425671159146598,119.53875297412013,64.97255020954117,Groundnut,7.453130414477883
67.87622990624072,19.11050401394477,15.77979676887166,39.403910674233416,59.43605748208031,6.747999481806328,94.00589654341483,58.119479112024415,Groundnut,7.493660318977881
65.01118474330539,21.15488645567514,19.005814168175903,39.05665396276896,61.76805370643572,5.280466334663816,75.20736971063204,65.14419288919633,Groundnut,7.576135351820727
67.03588121816084,17.96233003368923,16.073158787397105,40.04203180980357,59.77996341288491,6.323411521515534,130.72396133735094,59.13852048269265,Groundnut,7.548547224864827
66.91681439039284,17.916377911576618,16.065361352020467,40.11364103066702,54.69433591630536,5.808160138132642,106.36503615210917,59.02727395028223,Groundnut,7.750875069238326
65.0259086541971,21.055529516961617,18.899716463771533,39.05236157713757,61.26696391216843,7.054470719778702,99.21132818983794,65.04263060869961,Groundnut,7.453257775684504
67.9794478708758,19.045551057229297,15.951698643356735,39.06659537608991,60.439424869135514,5.738689950568174,114.48241967439807,58.01373969650169,Groundnut,7.582037371437921
61.06354568470736,21.02209770569464,17.931624182956796,36.98495912823729,63.33093408600256,6.266541537884855,143.50726826188134,58.06101188232594,Groundnut,7.548460051042788
65.062992873419,21.025834933823795,19.09994475698546,39.06058892082059,60.891467994326376,7.1405846846932315,111.46247995432577,64.85505520646971,Groundnut,7.522509266418547
67.10789231873368,18.090421193951475,16.04800747896211,39.87544490032788,61.2261355741754,5.519132414740065,144.82378333088133,58.875115527058014,Groundnut,7.430688004855839
67.89189424610451,18.894284061611906,16.042187289540596,39.09028812679206,53.03055923075549,6.267968907974675,113.24571827256602,57.867509134644855,Groundnut,7.481968053015849
67.07313052037723,18.006878978356482,16.031617555409863,39.89299156058249,55.36123683419406,6.317451884926742,108.37737906150241,58.90918190379,Groundnut,7.515180951204923
67.01559111186528,18.04347128297417,15.90991693290654,39.92678474208415,55.73647199678379,6.2831440699622085,48.04200365588048,59.06798331442572,Groundnut,7.41140888059027
67.94370663749028,19.026695235340743,16.017903916093243,39.051067921541225,78.97005459997916,6.753138444755389,115.5732860907787,57.94997532612944,Groundnut,7.556240246719591
67.03246297001851,17.954417879352274,15.950852699527864,39.8649978592349,57.42281635480418,6.639491994134304,122.66319834557683,59.05299689191623,Groundnut,7.507758517503605
68.01661107638984,18.98284849307458,15.959342050016426,38.95521431976634,64.05615553080597,5.653020243979333,134.70282079651423,57.87374295624164,Groundnut,7.515896760456762
61.010773731403646,21.152831900767133,18.07244550884293,37.02071355402731,59.608868072860055,6.760044745103294,125.27071127305476,57.79097073399857,Groundnut,7.568370362541889
66.8919905407218,17.967762048062784,16.074623438024286,40.09822772011788,58.21501285630665,6.539878387789361,115.92905926762748,58.87614928781488,Groundnut,7.425027254017203
68.10352300189611,18.851781599792144,16.187651953149985,39.024062581041015,59.78016520710535,6.8527953912339585,151.29755079843403,57.978079514743904,Groundnut,7.385959378878176
64.90417238157623,21.004924387239544,18.8898492528704,38.99002419961761,53.584430670098044,7.033471334265505,99.68210785540579,64.8996883625094,Groundnut,7.45588869371187
60.96262689634571,21.105158619312043,18.006291850108425,36.96744200533665,60.39447777595213,7.220679894380132,101.22903716367168,57.8243730590913,Groundnut,7.316252372092725
60.985881387382285,20.881556899650967,18.124001011373547,37.12824532995001,61.7561466770529,7.058160442831805,112.87827208042789,58.00195646627275,Groundnut,7.483570932529275
60.91265376151262,20.97532483454729,18.104478104325658,36.96969438374909,65.8119509003668,5.514560649591836,110.88517652318635,58.15509793344389,Groundnut,7.467411566734301
60.85846507540593,20.978138661241903,18.053592135359224,37.01497806613939,69.5955576119944,5.982294081170663,101.7910361715048,57.974434950009815,Groundnut,7.4590760587214495
68.03548305529624,19.208310655050653,15.937716385304238,38.96080746063331,54.7778388440883,6.250066919379238,87.98315362177307,57.88161976733827,Groundnut,7.425981446606762
68.00574476667582,18.91439994802527,16.234593600630824,39.08656879158716,54.71673023149694,6.772084445559576,100.97222975279645,58.1621797420329,Groundnut,7.423223981488869
61.0445886425776,20.8235013434552,17.90301618517578,37.08620684488956,58.42817796183192,6.320947284315343,94.47024480534905,58.12389344698428,Groundnut,7.714140515362428
61.00850729569928,21.126173780707457,17.914610929177087,37.03093318613799,64.1524536256244,6.4527013494529815,113.4328373419262,58.21132572922979,Groundnut,7.382815610986404
68.1764704288513,19.07322233168705,15.9858782048945,38.9766772747245,58.48225935263535,6.174881839731053,82.90059145051796,57.937263125970944,Groundnut,7.71210178083786
67.82818534228608,18.839148454359755,16.093626424754152,39.100679938076816,52.60264270423373,6.728947830351649,135.36412834026706,57.94452185700404,Groundnut,7.52362764023066
67.97126406512224,19.006015370832177,15.984725527251085,38.91674386980209,68.81505570221705,5.970718982727998,112.76532188231016,58.1100256151428,Groundnut,7.263371205332674
68.02099285298773,18.97795562364439,15.961149353770368,38.97747091414205,53.76267811641367,6.0248671388274015,97.74231353628055,57.97630821167294,Groundnut,7.518229149034993
61.0042828150114,20.92855254505629,17.817609929202053,37.06096493992856,57.15909371793976,6.717334558808353,169.95029690876902,57.8098027640483,Groundnut,7.430881807013008
67.98886207642339,19.023299259604592,15.97082845565178,39.3634220233374,63.79357469460522,7.750332730143415,115.6142351685683,57.935156616365006,Groundnut,7.421201764701892
60.856065888544265,21.090362310416765,17.99991981172526,36.99432553532787,60.43345950181807,5.856527942745581,114.9428562236354,58.03351337692008,Groundnut,7.371332998542515
66.76271501483907,17.942386393666645,16.122669592545066,39.9814002239096,58.06239384365106,6.569180263564203,100.57889449954186,59.08100938091772,Groundnut,7.658883817050688
67.11635278188685,18.00380483205566,16.21152527008395,39.90979390422036,58.26565213957749,6.3280086529370765,143.40888055815273,59.10234750788004,Groundnut,7.534259004925492
61.09616438403878,20.977290999096414,18.09114213859413,36.86031658572011,58.65581811633223,5.5094810401048715,108.92544379916306,57.92642301814092,Groundnut,7.657792505785322
64.83575483338758,20.95342222347112,19.16051522278012,38.94248386425277,64.00692907040663,5.553249235243624,96.25419662034074,65.10418819643883,Groundnut,7.383274747515905
65.00374932967787,20.944614699121505,18.87455934623719,39.00424584324946,62.86181140926186,5.932151368775942,100.36674490325618,64.9967216523466,Groundnut,7.521888028738132
67.3060955031121,18.17988215008689,15.879398789407734,40.08957749159662,62.859818841907845,5.673097484943033,99.34307159323717,58.935348140123786,Groundnut,7.503683826640419
61.01672841680422,20.95616865012868,17.96420210799684,36.90742355486641,59.3085514630997,6.01516480155684,84.07907815917957,58.25555151426545,Groundnut,7.485410251864557
61.038654116031694,20.952153686212316,18.271250248607824,37.02152123860933,60.3059397864799,6.890136104734522,106.99186436877623,57.93532263979897,Groundnut,7.45046966899017
64.63644638077955,20.909171765983988,18.90979897811873,39.039584303039454,57.18338889371461,6.577575646545311,78.26810602778951,64.82169691004528,Groundnut,7.662933788703893
65.09151525287956,21.064174212608176,19.048913003936704,38.93905494245998,55.67739392807956,6.158215794601422,107.2766163598872,64.98625852802773,Groundnut,7.484904856310706
61.06862814209083,21.077714878582974,18.035229354314456,37.09246791020877,57.432833527621064,5.728707293816413,116.55270195290359,57.88618515544771,Groundnut,7.5875210652065075
67.92637175672103,19.000281801969624,15.895995854240429,39.02599011061584,64.6897379285068,6.388662623317278,94.26729082115378,58.08034098635355,Groundnut,7.301796694359593
67.895604723798,19.085178297727936,15.881797006600143,38.925729505542144,61.53509030536008,6.787637854615109,112.47385062750527,57.84992949575667,Groundnut,7.33890097036616
60.93885097204533,21.060313957410955,18.005360117819375,37.07724008566672,58.27252700724939,5.619314900210622,154.8603024682327,58.05571017622012,Groundnut,7.553121282537641
64.97109939882195,20.898838976059828,18.953792094816936,38.99480536418167,56.889735411598245,6.398481840209238,138.03903073437291,64.86705603412558,Groundnut,7.663798239273968
64.90581072410707,21.025410437712388,18.97360422873274,38.97728175009154,51.933307370593255,6.332260335412949,78.94499748718367,65.01285715844364,Groundnut,7.333832865482488
66.96703764534823,17.85914089034439,16.009073672621778,39.943832001886975,60.335135696044986,5.821379673622616,129.12682622188657,59.00959838661833,Groundnut,7.47694356380402
64.92369797590152,21.04750192808889,18.936771301785495,38.96984432499677,71.26133996873062,6.104103659755245,100.29980358557148,64.99745889922383,Groundnut,7.669635926016227
61.1313622197117,21.0470336474349,17.976132633764795,37.02489273883229,68.14015837764042,6.2151831868724035,113.49243114789124,58.03587383034212,Groundnut,7.615263176044267
60.97915435591527,21.0921727455951,17.994721466947773,36.93739969614088,54.531681238747936,6.812708830212482,67.46360445373477,58.04248179909802,Groundnut,7.647534450130649
60.95177305434228,20.92613699948044,18.030946890335468,36.99371069722626,64.12074320949122,6.521363580285499,112.57315498851298,58.03702564683606,Groundnut,7.554470926663976
64.93898292594363,21.16617446422452,19.00713013178967,38.90050222388269,61.31574285120612,6.140798270261584,116.97607484077002,64.85514663734206,Groundnut,7.52859676264268
64.99827573310911,21.101897570825717,19.1198264453739,39.00906747703144,65.869226564687,6.4746002841776855,108.26782200979923,65.06045529023082,Groundnut,7.54181090392324
67.89066616381487,18.899224215010157,16.02003093007993,39.115744994995374,62.38640715411172,6.107365537844839,100.75067580611245,57.95596535746391,Groundnut,7.420348854686346
65.1444640108784,20.8417568447532,19.02277582768465,39.21425102933574,70.59710422886367,6.800181596870435,99.70142540840448,65.13590589294495,Groundnut,7.555993139749677
67.98541546294952,18.997139698445164,16.083093966133312,39.031131831675054,59.63878576270734,6.393504672654019,126.1492502633023,58.17399938246878,Groundnut,7.52558083213545
67.96881576978839,18.91550636988748,15.939167339195189,39.34110773637607,52.90769226236685,6.248428925615403,116.84672329865995,58.03550331739061,Groundnut,7.316890294489816
61.066565127449856,21.026308173361176,18.10945353536629,36.98072826578153,58.914442324681076,6.677283274066492,95.15673626738472,58.14742301517613,Groundnut,7.586110849757327
65.01444259726495,21.09719831597109,18.97399871716309,39.09827875058057,56.12027370136295,6.505075156108597,80.75871878306545,65.15269606729359,Groundnut,7.37580199243335
67.92904729246848,19.052844947143548,15.96072214617227,39.01640719252243,63.432153705950604,6.9643385527386155,107.74919923286069,58.21362960445855,Groundnut,7.3648364885795985
66.96362252835078,18.09301708878673,15.941854242194326,39.96713927613719,60.9211159245829,6.000999494124527,104.79744476810306,58.97761582542584,Groundnut,7.412972840219308
64.85645104281309,20.971851144745,18.99197635659421,38.88213636750606,54.16468580350362,6.3718200924078126,110.95788946338925,65.00081363280268,Groundnut,7.286197291384027
65.18305147015982,21.005095156438745,19.038324432385423,38.92955320190052,60.71844627499573,5.615155988071045,96.91639251539074,64.92118964729232,Groundnut,7.578375802329148
67.86282177388203,18.79029488287767,16.038749203949298,39.022461412596776,53.324496881171264,6.983444702988602,130.5564357162305,58.195477242528334,Groundnut,7.551260157025724
64.96232374122542,20.68965104887681,18.799338479513995,38.79732454966296,62.01963482677726,7.262503926679061,63.25324714200175,64.95528185287276,Groundnut,7.568679035002388
67.03000609463986,18.11311288788774,16.064349851454335,40.03086545518169,60.38003886209419,6.301620888782962,136.50846636390773,58.86219547063634,Groundnut,7.477645864921516
65.17568029446032,20.99603316120489,18.90002803142245,38.79952654585051,58.86857250522169,5.791519488568691,133.28827853315224,65.13586275030478,Groundnut,7.482866778099048
68.06219860351582,19.05747893804789,16.109612217613677,38.93207628432685,54.94232168836225,6.985102295435566,100.56074418183026,57.93642203910243,Groundnut,7.438887583201475
66.90907799340849,17.946477502537093,16.061148179714156,40.0505204127737,65.18265162931618,7.4158623683661355,103.28329515046231,59.11533369543115,Groundnut,7.450436938902304
65.0,20.0,16.0,38.0,54.75686560988336,6.79455329828439,145.0237063781067,60.0,Groundnut,8.5
70.0,20.0,19.0,39.0,51.51350639429244,6.530090829884116,116.19595862481538,65.0,Groundnut,8.5
64.9602947708882,20.121032509217784,15.90365904257524,37.84004693004495,66.41345872043507,6.367406087328293,117.97835932343962,59.88149370025032,Groundnut,8.598407616367508
64.86653243330511,20.101543266361933,16.02303708239918,38.12790603215379,61.09269302185468,7.223220931359002,112.41253327638353,59.93009918554478,Groundnut,8.502634108033366
69.80257609988674,20.014177325243327,18.992505817354257,38.97855866385035,60.935333686618655,5.41455883540636,102.2476021472408,64.92917573573773,Moong,8.567245476664809
70.09884380436534,20.00836742077591,19.01911601595279,39.13848845837467,59.196161755266616,6.498122956239478,120.86531142717104,65.10692721710127,Moong,8.431773257386988
65.00201545508872,19.989935524128967,16.029824501870774,38.01967907550703,58.23826505946798,6.83059207698291,83.37659820430704,60.00036074375296,Moong,8.62987051450055
65.06273564813787,20.10061155814045,15.915477813113188,37.90805759222571,70.11809016258253,6.319051595143803,91.60906646672858,59.96221156332374,Moong,8.464575209582339
70.0579127886205,20.217844295414505,19.173185882699627,39.02867363219743,56.918969375302964,7.213588042985941,119.65534670111325,64.9294818984246,Moong,8.485120247150608
69.79405314897205,20.00484643357509,18.93787645260486,38.95480120693577,63.699793025934596,5.901470753332201,129.48760114528838,65.01123243254678,Moong,8.43451554632885
69.94488411206095,19.967271769425277,19.078718662566978,38.89841904415104,54.90740686838249,6.003129250897698,119.78013508072704,65.00889758534919,Moong,8.339322851752415
65.01486632311705,20.06125182989059,16.038202370021207,38.076175586962016,68.01784945456657,6.563849090284826,153.04381927855886,60.02097396613702,Moong,8.375673319864845
64.90092535870052,20.07434595941865,15.989867394946211,37.91985745340737,72.7270880880731,6.333595930482451,135.3410457691436,60.0389023967524,Moong,8.590256943514731
64.9418170063432,19.87403103301304,16.035205307147187,37.90805946425058,57.011925348592754,7.39305412492106,114.9212399490846,59.924673334945375,Moong,8.49185724321873
64.88912003337171,20.116084456463557,15.918356976675408,38.076204481259495,60.22601480221841,6.784160408704451,106.62776679882316,59.990704877403736,Moong,8.543401018467137
64.85222365257344,20.061122224796183,15.849831007338862,37.95032815267844,61.38715839465988,6.709321135873136,109.91995504269676,59.68324501263362,Moong,8.430970907160848
64.87284845631825,20.08308308250567,16.013278093717574,38.06467113263454,63.47625424507857,6.248403665541267,98.91972686280417,59.96311525384929,Moong,8.447111134180531
65.15196436903491,20.046395187020305,16.081125928147543,38.14672713518912,64.18304772225066,6.617600315119678,103.08016636177737,59.99319295429319,Moong,8.443837530584565
69.91290941922905,19.89161639561195,18.99722663937268,38.92375120909123,49.63558993206982,6.9697314847651155,142.1263351068874,65.06275355837558,Moong,8.503292818597028
64.87735548056239,19.991102492103128,15.88978919548502,37.854964110770425,52.33193448331428,6.706171300390918,100.85496583987369,60.08480340403913,Moong,8.4934813359012
70.17726780627504,20.073727106685407,19.05159033682373,39.0298323871488,64.81809043774724,6.248936319763398,147.0636618362783,65.10242290501564,Moong,8.562173247112577
69.97006302130846,20.10104719361017,18.972922577788907,39.16411569374835,58.23023726644088,6.025124162926682,76.16565565618473,65.12845216508781,Moong,8.534981248746332
64.96516003745629,19.963955913464524,15.937013989072376,37.848066217508006,58.505667254614366,6.754936193671659,122.7420635333702,60.17908991488064,Moong,8.714086629902074
65.12080364012454,20.15180474668438,15.928075359144774,37.87238892445036,59.033575923146934,6.827848303016769,100.8258098005571,60.01162663125477,Moong,8.55504376593542
65.03377235091114,20.00079397482387,16.05208991350022,37.76856565222143,57.430691406232185,6.981913742894891,132.81525418691123,60.01359561743334,Moong,8.621095628219784
69.85496433886783,19.79181096987829,19.269168459272542,38.89195269435718,60.46871597639109,6.637196629560004,114.53678793363174,65.03228571815424,Moong,8.612570277179803
70.04231702403784,19.945590245135783,19.227915757396065,39.04470878140433,59.025281239650916,6.844234762047234,110.94591824933843,65.10138844940025,Moong,8.409592598018333
70.13626507432129,19.981059814344142,18.969532198252864,38.87056439139634,58.0151923371556,6.704799820989748,111.63633001124444,64.83110105528388,Moong,8.303551573603617
70.12963996804278,20.108951423752163,18.811556248887577,39.02482470634227,63.379923643815424,6.9792057903835,104.43171700674255,65.08508609465807,Moong,8.65772319776333
69.97558602940586,19.941394107574894,19.156367149697434,38.98251152557109,61.545648974767786,7.40072175193603,105.97608579716564,65.06273662245887,Moong,8.424499988976644
65.04785659875583,20.143281479815023,15.947930061813963,38.06791639150285,58.529440937936535,6.286835963085082,80.22746446033457,60.03377740748788,Moong,8.500919615346998
64.94941500477789,19.824190282922427,16.062926580528416,38.107559124624906,58.32177961287669,6.8022599651431745,88.05593523241464,59.92213290057213,Moong,8.423054600259437
65.01850389135903,20.030540470220014,15.937610858363648,38.08401990547981,60.02250905351181,6.064040793744313,115.01642548243103,59.97586013569145,Moong,8.391032533290879
65.07448364808883,19.91140593003476,15.929006638866824,38.206589603999234,65.1589411477224,5.1433642919699185,105.14754574422444,59.967025881113344,Moong,8.290086418437493
65.13197794148093,20.143782459595556,16.127798400046178,37.87693998829804,62.53948083224219,5.476507112942995,116.19846885583134,59.887269062738014,Moong,8.648849738321251
69.98031393904179,20.15253132722325,19.097331814946653,39.034108309948536,61.134040106661224,6.78068232096817,86.00882234597455,64.78251656270571,Moong,8.749941599870175
69.94272480444066,19.922975958441416,18.80036838356911,39.07695149471373,54.240529993767666,6.412478654647116,117.43742366319789,65.09319039592198,Moong,8.503663275505858
64.98487755696827,20.077957309513973,16.13451276189545,37.97069255684239,50.54361427441802,7.12480773791864,83.73912805203793,60.217861952993154,Moong,8.539639169826295
69.9893094511468,19.91395855035548,18.88721989004242,38.68227025083424,60.92352815744,6.652914315466541,108.47291371287167,64.91073863915301,Moong,8.510860564960808
70.152185732085,19.991786005995746,19.162264249541444,39.05441784731352,68.58246403803875,6.660539814762927,59.13172522043781,65.198621436524,Moong,8.460204479867384
65.08424528563003,20.063169200564907,16.107598383118802,37.97114033258112,59.464598328746,6.3286046939893215,93.97591617191162,60.10178098468158,Moong,8.28314942093578
70.1832686369113,19.92974909747174,19.0696319180023,38.91471808710066,55.631795020078115,6.051010473455666,82.40146050714677,64.81058456657738,Moong,8.471185673516445
64.95725263863483,19.903078119778744,16.076031324143894,37.93362212678157,59.35768558389065,5.998416772817155,123.27674729894947,59.754177988435934,Moong,8.607567466831457
65.17349602623689,20.01055669677892,15.86737282335362,37.91807929090142,64.22102502466679,6.220026000852055,110.03045344079464,60.05998009908552,Moong,8.576537691637268
65.00975219578982,20.03893006415653,15.848260066577208,38.047490229796665,65.96272967747285,6.216234752467797,80.78691258470273,60.07492970100299,Moong,8.547611696952632
69.944701185121,19.975937999293983,18.893613149452293,38.80049143629489,64.92512803119548,7.037430519999881,81.86076479697775,64.98234948420189,Moong,8.483368154923026
64.83416729535546,20.078849472958176,16.130851269231453,37.99921909676983,56.70365104345749,6.382146515221623,120.0348390213997,60.13349466586244,Moong,8.783203130413296
64.89532389969781,20.01756007414761,15.93051216848952,37.78194907538931,63.93287938783439,6.446165986798019,129.20540789999816,59.91304408794834,Moong,8.570494622490358
69.97268744467996,19.939586003266136,18.9683482961529,38.87863007857601,60.10142243560652,7.078016484092439,139.0577132462776,64.97959617548257,Moong,8.452924685935091
65.01031189132516,20.090935134544264,15.977142550281805,37.956941261758416,54.02419030620632,6.357642821661954,118.39052391585659,60.141527032457525,Moong,8.472205376872724
70.0509050529797,20.027262667190524,19.05821346545213,38.980298438752335,63.36083539556213,6.374802004253231,114.36954237154998,65.0021072344283,Moong,8.272930631834022
69.97079256959938,20.05924459222366,19.030837998593785,38.99332177245382,57.61489276492248,6.592947567337055,112.37397372873352,65.02559039315481,Moong,8.371961622341969
65.09089372369544,19.92759473391021,16.002047111907043,37.98787825033257,63.10795551142027,6.308391022059007,108.3184404070614,60.05809473487045,Moong,8.507990270600022
64.84085499442581,19.8625320997698,15.926403479354276,38.02263789800098,66.60226245445897,5.152464288776996,89.33150251591506,59.86585158880118,Moong,8.543361311209498
64.8870431330188,20.010940608073348,16.068095691159183,37.87810151018893,50.287481576585506,7.093979699091241,107.50974730954476,60.04202572802578,Moong,8.66314104254568
69.97490173796551,19.990313083625743,18.879084359329724,39.06831476685607,63.09025839087285,8.092810567014817,103.87070508957392,65.05610608267214,Moong,8.576032463061544
65.0991285829166,19.92806750424615,15.969860892982055,37.85708578360937,56.99563231247387,6.165659413728341,91.96008072275234,59.94169307160157,Moong,8.540746966598766
70.0904634720893,19.885405733283424,19.013720943579735,39.02158258531986,54.930509795640404,5.679053629169916,107.23151918345523,64.94113786017239,Moong,8.564397146859413
70.03643800123132,20.03448423067612,19.073489495905207,39.16594880437198,55.52255275508056,7.243565753478005,111.04680275611648,64.8956592083422,Moong,8.513718123056318
70.04411842315692,20.06888531894352,19.134438139000107,39.10265123180013,63.469184420451285,6.3892823479934355,106.00608511266091,65.02935104219952,Moong,8.593898150850695
69.99556702094164,20.211931730352266,18.8629469568704,39.1286341991108,63.723243189030214,7.206115484640394,71.20258077079595,64.94425102511948,Moong,8.42670037478813
70.05513625144441,20.191602260797804,18.95174746235008,39.003448517953,46.535799351072114,6.168488970839881,100.99205581727682,64.88674321072997,Moong,8.530327335476025
69.87182237405818,20.10270972764489,19.13782071518248,39.11315193357069,63.746076428204375,6.449401355886508,128.9078674895899,64.97118530870458,Moong,8.483611267352433
65.12939255111118,19.91825582514901,15.87746215425652,37.93047130448654,53.642178984404666,6.760319020858452,122.07228440652864,59.9174492740046,Moong,8.464117696727515
70.06499291528274,19.93342033633505,19.09860698177057,38.97591090720847,56.36229598300997,6.858474214827898,91.28639330434098,65.10813318373677,Moong,8.629818587590359
69.9844894042766,19.998014779867532,18.97819838131551,38.96001173337278,53.04081286978141,6.373956636226954,72.10251839560453,65.03042452970595,Moong,8.516538879437146
69.97775856213909,20.0183635481746,18.890219222819148,38.99399007376526,62.25330824190666,7.171193335460492,118.76386833215844,64.87249997357529,Moong,8.578660518198472
64.95631307991812,20.061910953807963,16.091561790195836,38.09116606602733,58.22875433210801,6.468037963262955,118.46624903599064,60.020332812128274,Moong,8.3420307693529
64.78029505553616,19.925504145766105,16.024021074844754,38.05822412767642,60.152083309376536,7.636150157219638,88.17483221464968,60.07920505171885,Moong,8.423210921624149
64.994855350916,19.91205037300359,15.92646703376616,37.93715323434612,65.52822159115794,6.28817973612729,118.03129289564112,59.94304134259699,Moong,8.495639087544664
64.94190229554279,19.996927277179086,15.996045014290344,37.98591766384664,64.30580702969924,6.306877046148235,126.29718392448049,60.0930240730618,Moong,8.404974631464743
64.92162491591375,20.001992435679647,15.940541091713872,37.882704157941866,63.09612935553978,5.978988102010671,66.24019871377031,60.03308915283036,Moong,8.423377661343137
70.0630142885343,19.989981188570727,18.9405564285376,38.98295693674076,55.050345500524784,6.171556302570354,108.93077368465464,64.96647666293573,Moong,8.446926846988156
64.92969852010378,19.920463379458795,15.942546643699767,37.926238153070905,62.396220837964705,5.488449679157631,104.51109486590678,60.01926894733617,Moong,8.356940577753427
65.02437161071428,20.07374023128105,15.856677773676168,38.09145279746805,52.559536777851356,7.147915836765918,137.6315366254803,59.88125050446432,Moong,8.606920347154972
65.11560323909217,19.9634623768078,15.97351769552327,37.9980617522,60.875384832512154,6.96907047534583,107.0263553372795,60.06425279926808,Moong,8.598732173413396
65.04912103676624,19.897484763331743,16.078322005358274,38.06855057716562,61.84326880247767,6.52516252292062,114.86890889066771,60.00018194069782,Moong,8.414709856428637
64.922851556888,19.976682664177822,16.018835088942545,37.93556760905991,63.121822727482,5.738864858814797,127.60916856288301,60.21624667732559,Moong,8.530259811626525
69.91899789684811,19.953062469435004,19.056917437519765,39.25206310235059,60.66679446686436,5.1604305821550005,107.85193433998784,65.00975853168693,Moong,8.346051431719028
64.94864928889271,19.98754272454782,15.887268469728578,38.03194830700421,56.9574226105411,6.77438252909558,72.13800287802019,59.916042935684175,Moong,8.586836396471552
65.17110477821174,19.84827068330936,16.070623206712803,37.87251034172345,58.47727329227048,5.600162881343074,89.49634934183985,60.117830303209,Moong,8.492420026786847
64.97711400321138,20.089886916297733,16.056117713915324,38.06273231767451,62.097694284659674,7.279597326087224,95.74242027658451,60.00390348120419,Moong,8.654175488259574
70.1155319089724,20.032883873129613,19.03932002145697,38.96552993900935,63.700157140968614,6.716225080295426,135.60041166406177,65.0565752559073,Moong,8.421827821396876
69.88353337126368,19.9477379554836,19.03466229526771,39.06670136694444,67.50762876964987,6.452149574908029,108.90392294402014,64.9365054842856,Moong,8.498370972611058
65.12934272420325,19.94509895283852,15.986924394445104,37.887018488250845,60.715489548632526,8.10075607337884,121.8545498555639,59.98752303591794,Moong,8.438317404398296
65.05022485228474,19.880377410715365,15.92951040737312,37.98560009453984,66.28001800560716,5.507561322955934,126.50526275325247,60.01232682840836,Moong,8.379506094338971
70.04408630513603,20.135592027321145,19.02212088285617,38.85861818554568,58.969324451497506,6.523065064674825,125.37969249079939,65.02934825803501,Moong,8.492795928735628
70.0278108546863,20.02858255087852,18.91632615338522,39.03408058543295,54.06637212124057,7.097005677688146,133.77380181530893,64.98224318449894,Moong,8.42309049328561
70.10370770828885,20.228233000563364,19.112454374809687,39.07924089582725,63.93070790062399,6.339531141233153,100.09874751987046,65.10953299396343,Moong,8.432988544359144
70.14685682909337,19.85151977038083,18.946345650567817,39.106918188225066,56.35207372708381,6.584169852198532,105.06662332644783,65.17699350801011,Moong,8.584975702963858
69.83146376074652,19.978695874541284,18.92096397815333,38.914751607588535,58.6450404254531,6.672599639501395,111.43515661520806,64.88135457884567,Moong,8.477911162766334
70.09680484657986,19.828407815910147,18.8746178161228,38.91594727639601,58.71604443385005,6.687408588373586,111.5471916697409,64.87368054162627,Moong,8.37899600519631
70.01145263423298,19.996780920420303,18.93147661456804,39.03062682512709,53.94787071396044,6.130816375666813,88.21742401085137,64.91213479481141,Moong,8.480907023686648
64.95611288907106,20.010853617406315,16.115476269744775,38.01328531085631,65.91429189200244,6.249830237765885,75.18090043637898,59.93380418558445,Moong,8.545555591318788
70.01339567683281,20.051571129818505,18.942827172138127,39.10248701614065,59.27541987309218,6.114464614841337,101.87378659664915,65.21331743029148,Moong,8.608996360585293
65.05259342143839,19.977396558002404,16.10490667772998,38.06595205920872,56.30180414089583,6.294004376883997,106.40074353157682,60.04765344218488,Moong,8.546112647624081
65.12644045818705,20.010865738178616,15.99600298282208,38.019916279500976,58.376182022502526,6.506511268458771,147.59703279594325,59.96283592549849,Moong,8.435168212526717
70.15169275449297,20.149614264521123,19.12023165206892,39.20958322265466,56.52891682736282,6.7967249840575645,102.35526168901882,65.10975201220513,Moong,8.620938890546261
69.93723925634518,19.87884559580485,19.105805365672,38.96799856206469,56.087383983247435,6.1207268497781095,101.03591502264779,65.01141764974416,Moong,8.614051731153603
69.94536436798985,19.879079371350272,19.14472620848297,38.978907828926914,59.670173980783396,7.304167279993861,122.87019026841648,65.11585054583874,Moong,8.406013546688754
65.04789585734498,20.13003178601412,16.079851075963536,38.03904840108038,62.90683343566767,6.525362500688275,101.72921770390283,59.94551074598791,Moong,8.535745254593099
70.03935544719668,20.046631871124838,18.96896633064336,38.933647618524574,59.403896006397375,5.750077377733032,111.17214543946311,65.10379005495376,Moong,8.529720124339494
64.92151346207554,20.0459401864234,16.066154918338277,38.16937406935269,62.82010566592357,6.54932299384469,154.3264023086101,59.917855990989366,Moong,8.49058727495238
70.09046030983647,20.072491002262776,19.11942605705165,39.17932947946685,57.71881183961501,6.698512092932835,87.22360896147073,64.98465393785892,Moong,8.371551371807914
64.96088988762557,19.983598644173,15.931663164581929,38.08233847640583,63.1247549286735,6.647876718088099,110.04537638970315,60.05959869743317,Moong,8.471472809289086
70.05230530365758,20.1867792234582,18.9602724714763,39.09950924383638,66.44392680631037,6.230415329919265,130.45951782698643,64.85712911810079,Moong,8.528254314456314
70.03003855217804,19.989765719423065,19.19402445126461,38.89279545534541,63.54081735338357,6.107575277244669,112.42591357404322,65.0460705746944,Moong,8.385903986138327
65.02108679126466,19.977074777611755,16.275092708559043,37.96539272333749,53.414585048039235,6.545419338287913,144.31416852941135,60.16237838382744,Moong,8.4985519286258
65.07887603829579,20.135341076519232,15.936385641692944,38.08440198591857,56.46777318828748,6.9181463541091155,123.79414796830315,59.94867510487806,Moong,8.429978532102721
69.98491291481129,19.956838416704464,18.986089978694377,38.9601460010224,62.67696435916762,6.739909840976358,133.6984391058317,65.20603727275653,Moong,8.495814982512021
69.9177999746184,19.9388769715507,19.006805514790532,38.810503973924966,61.45632198497093,6.613172631485883,116.4289784641776,64.97719146160702,Moong,8.520638846749083
69.988281044154,20.031302678798887,18.975291414545215,39.04370116916566,61.51600645399616,5.572881167460586,105.36763900716491,65.04857710049431,Moong,8.512720310818995
70.11411565579797,19.91943658181111,18.907319951144867,39.00642681521246,61.81716270466826,6.890018527179821,103.74838394198795,65.039400109658,Moong,8.504618506595486
69.95148332965,20.1310930146998,18.95292064281036,38.91291273859646,67.88670170471596,7.033312310309764,109.31500028766094,65.04941037691583,Moong,8.502521186673357
69.9641191535705,20.12109728022046,18.961749443683686,39.06428034934697,64.11703439042573,5.949836938099607,120.62587210336345,64.97976058581759,Moong,8.571500844902616
69.99985276493597,19.95136144147065,18.938030023556838,39.08508769040881,60.27708253832434,5.920435652433817,87.82247659345316,64.86647344116284,Moong,8.470851954433876
69.72741988383544,20.233932363335477,19.16534254268165,39.05320257859265,57.26963750293917,6.452778487898831,104.27681355286468,64.8632920026192,Moong,8.466518321077746
64.9802693316808,19.908342722138723,16.084238852313803,37.98183382498074,62.82530195178862,7.129226223374026,108.12964302239969,59.73727487119605,Moong,8.513974132499644
69.99427777071615,19.89839651235453,19.03455438353185,38.95702397107413,54.68734172734952,6.690357790746285,103.74008500300451,65.01750652648334,Moong,8.548402073060029
70.06387322125967,20.118295095737142,18.864316602230836,39.00759699350787,58.01061055977224,6.400544764391263,96.3750468033774,65.06621577049884,Moong,8.467379490883257
70.08692353095552,19.90754518238803,18.870081601906804,39.0778352183203,60.53742889724169,6.8830653346635104,147.74351255419074,64.98233245554863,Moong,8.627579554327195
69.99711505498466,20.05756769651823,19.07789331841681,39.014306968824805,57.39096593474897,6.301812403009962,137.58016478457898,64.85523553531256,Moong,8.61855825437238
65.04172696429985,20.021880860996724,15.863224428668596,37.83949699094845,54.20903402334606,6.274552319006127,119.85587872717252,59.9071255014791,Moong,8.553947271542112
65.102880910024,19.92108169119939,15.966699517062498,37.8881947724428,61.99742111440466,5.5319798259574515,116.27102835515052,60.037122378049936,Moong,8.587415484433
70.12942240055628,19.923274830428063,19.025111696777177,39.09869433664861,64.31804515772048,6.128966269990667,126.82276004378295,65.09505573033317,Moong,8.434157954040337
70.0319324094047,19.92376819224673,18.996145170804738,39.01687535869789,60.156780219099836,6.813892658842438,151.87245517149702,65.09053147550418,Moong,8.375509455953795
70.05159669805509,20.07557503420056,18.912802560488284,38.8730407793027,59.833819835058435,5.603947991028242,143.05451166643948,64.87341420461613,Moong,8.466226876179327
64.95423431100487,20.037065192726978,16.20770738538902,37.91734309528016,66.38987823284452,6.502586066672656,126.2625432128714,60.05859128797563,Moong,8.60712850501634
70.07983609826017,19.962275320035037,19.002889523385704,38.95105791497567,60.78357682126786,6.4818980622156515,110.3683853707097,65.19639831723828,Moong,8.612202229435304
64.79799215660199,20.05306302017025,15.900385503402491,38.07572976694989,66.02324712306432,6.041197522572655,103.08164181489127,59.92396304786903,Moong,8.487569373353107
69.74318770666525,20.005832006598723,18.90641875693356,38.91937416985207,64.78464552191909,6.62103533065539,122.73569615710772,64.97799777849336,Moong,8.583496834046368
65.02882615604749,19.954439908761685,16.164979917761087,38.01253697184499,62.81737171265434,6.295743675547674,108.77081199609584,60.03678693295496,Moong,8.540005118948882
70.05528926975339,19.997892924557217,18.831955786852724,39.05073272072013,50.141447759267365,5.2739290414983815,123.32789020734906,64.94278410594742,Moong,8.53012717503155
65.03520686551146,19.9072716595708,16.1073300906783,37.92945903651084,56.65531988963164,6.456337906796,86.30166078632342,59.94619318802626,Moong,8.568309241017392
70.1191115986303,20.033246801302337,18.96585447446441,39.05750815832337,61.62684282723927,7.171730915595921,82.00637376568588,64.94775895328212,Moong,8.51527624579933
70.17756037325891,19.8317352746989,18.978154739039315,39.24205353942637,56.64603071644009,6.6854068407960945,90.48992287977458,65.06049766999463,Moong,8.334805858600596
64.99486270362999,20.00169186991361,15.918588480109207,38.07511552138971,66.83671281191306,6.715119227648109,120.1730112014807,60.063082763794846,Moong,8.553862850781778
70.07015309573644,19.901587157159405,19.00254467793252,38.914881379174055,63.064427279543295,6.776658508522562,94.8656645785636,64.9344628678309,Moong,8.354593724489328
64.87717813276797,20.16554531022412,16.086686782494898,37.89680227471954,55.77374061984349,6.641084305806129,147.0103686748403,59.96992304766798,Moong,8.631294918510523
65.08331028579892,19.807640108811537,15.963226983568603,37.97278860207693,56.41460323942189,6.865254209593861,70.60411746502288,59.96680366415096,Moong,8.555725436064494
64.88089851798033,20.060625940541083,15.98934604432865,38.036733015062296,68.16873945662448,6.725926025587622,123.99657422153432,60.06681362882183,Moong,8.687976748531188
65.1107750495648,20.036423915996025,16.062397649615807,37.92725200237544,66.83474534499254,6.483179909750577,95.68319340380198,59.91686246617053,Moong,8.574605279232564
69.9547142829965,20.13014202555401,19.05566109856217,38.88649492414794,59.35601475709184,6.216949149174136,116.16094716131094,65.0958513579451,Moong,8.54459617956236
70.0875464009605,20.037399743713483,19.09972049344015,38.91117473296653,66.88050942146596,6.008186723633252,102.65159950131728,65.10872029747348,Moong,8.458213155182055
65.0513102997129,20.004804194200485,15.947781546628764,37.90337213604348,56.509976330916295,6.719065346425925,129.30733156158263,59.998700867909925,Moong,8.534839811991784
65.05488074685628,19.94584235669228,15.983520877213818,38.14652714859631,63.879137292661476,6.844987342983292,128.3354472787485,59.99139187324937,Moong,8.516113075189859
70.01463545078163,20.04465977094942,18.887592524435597,38.91836035734144,63.89222547103002,7.005343133381063,131.6470103177612,65.19514201137801,Moong,8.378671300854958
65.12154557153187,20.106733962552404,15.83770285969255,37.95940137694464,54.144380820120276,7.28275248115041,143.84666550635103,59.91906194838342,Moong,8.467416035218713
70.09951049153553,19.93119896817267,18.926602900736672,38.980813166120285,47.799983707191174,6.073504989462829,117.35400142227422,64.8377808702629,Moong,8.4424410515339
64.97469136266506,20.001731607911506,15.86898183242726,37.9527011378762,64.04418454522897,6.0743190210429905,137.7496460319014,59.98112956491963,Moong,8.454030511447504
70.14515834276192,20.25679106605695,19.03806851227713,38.89672401851727,55.505719523629445,7.0549099332507685,135.71497252878896,64.88674589666675,Moong,8.506135552091923
65.09590878639239,19.92377209387908,15.991666163957593,38.01629973843486,59.27663585341164,6.331618765138568,122.0807290383357,60.092365988682,Moong,8.691635023605084
69.97143622483209,19.92577596337521,18.871677839724267,38.97478344138539,49.02187646663546,6.245029793058412,100.78907255591025,64.73689458711762,Moong,8.43589838151098
70.10275545517437,20.329552483152213,18.94248607860792,38.94043125914787,57.5421850847703,6.246274845378192,118.33640148203136,65.00635865854272,Moong,8.364393630892787
69.856808941417,20.035918846336703,19.04722067541598,38.92377993273595,57.76109349119008,6.873949923576789,129.67522252451408,65.0821691537535,Moong,8.54326156837919
70.04636722761131,20.160513954847666,18.94747650851151,39.07576256459591,62.14778739254173,7.486855067836464,136.88496067486358,65.05084959962375,Moong,8.425420207922802
65.17557845097713,20.0433170047238,15.961452604276168,37.92339863101408,67.67155376516358,7.16844018311845,111.24550373806952,59.85272674457722,Moong,8.404716212241105
64.95311944514481,19.979800245937277,15.952217564444624,38.015112886882086,57.25053792575362,6.229218179264411,121.4177368103775,59.99724063099798,Moong,8.451788368909439
69.89315993320972,19.92340145763623,19.006778089793755,38.96718757664791,67.17973620014466,7.057116415514131,71.87741820578282,64.86430050585665,Moong,8.397501176852257
70.10054485678458,20.099108471013423,19.106206856612182,39.11638971818088,62.61007977589028,7.1146962815564585,120.0786185995155,64.76235069172398,Moong,8.364318038875258
64.87033570318759,19.98810896848989,15.865292745829311,38.17354383076997,54.38241915231159,6.1623364364548285,109.05094792447096,60.00894027461938,Moong,8.673069301742279
69.81611825323628,20.033915852608693,18.80490440982359,38.97606094041173,56.271238429400015,6.4310492159006705,150.7005289731377,65.02261466589495,Moong,8.426800361975813
65.03423522458748,20.131687971318154,15.917041963626184,38.26501749236617,56.83837252315688,6.515572665447647,120.39986392483529,60.02618129409595,Moong,8.458284499250215
65.11252089994629,20.02826128743271,15.838695258456452,37.977536282897255,53.38079874848215,6.553996535041526,109.31369635681204,59.77289882050237,Moong,8.598402925638547
64.8555906350494,19.954838145499465,16.04710159629217,37.9160925149752,60.87424232237159,5.387650289321726,95.04872288066092,60.02458673316509,Moong,8.570635093961698
69.99420918122014,19.86578930436193,18.7827882607466,39.17892531353511,59.00696944910994,5.277762832160068,94.00528734417183,64.79988640688187,Moong,8.508550658114524
64.86279931897161,20.081563417264828,15.953636148485966,37.897815896525614,60.42156061952358,5.525841740720363,99.07240440317779,59.98115296325432,Moong,8.487800937338799
70.08536106059124,19.91884051172557,19.066019847116443,39.05280169946892,60.00100158937382,6.482128344109422,69.91681884882202,65.08044423801634,Moong,8.576047987907298
65.07394707153017,19.93524335902225,16.16249385569901,37.91352762631745,69.3789769424484,6.737238459935174,116.96827865535477,59.90154969626802,Moong,8.500782166386216
64.95963488069357,20.08973525944748,15.921655439969893,37.79382705401269,60.12293632652209,6.590461257899913,104.29251152059032,59.88773235951648,Moong,8.402432229583574
65.256621942376,19.999960925933724,15.846444167354386,37.92208176624524,57.622437923536054,6.401200537045946,149.92841419379715,59.90477644504151,Moong,8.50814080545983
64.98477858687916,19.810952115052636,15.895881638570389,37.951503229200966,63.72710741011551,6.264926955342015,99.107364035396,59.93687636289933,Moong,8.540880343267007
64.84780880342088,20.093402847382865,15.909200225280255,37.99963972588722,64.3109132923194,6.607924219946719,95.3709452203037,59.89137183446476,Moong,8.735137105040632
69.83585930432393,20.09831378792033,19.06603269359243,39.03386076747238,51.96299820729741,6.5636274650549415,130.9051443869184,64.85527510950853,Moong,8.38323709173455
64.88956170330094,20.154191767322025,16.00472569053446,38.01126803051009,65.63386443612555,6.136584737079644,139.47894184631994,59.87889298550687,Moong,8.552425066989302
69.96092238262624,20.032306658899262,19.104987870572984,39.11073799093672,56.14933651023421,6.119803103148299,125.56953410765455,65.11062435187905,Moong,8.410662423906052
70.02343386952832,20.110773559741094,19.182626011671573,38.89233197830607,63.06624034897242,6.729797155160626,107.28458533523795,65.0317196551943,Moong,8.43452619781619
64.98371548534487,19.988984938711905,16.0482808690157,37.98480723413814,58.667568574624,6.38766489087803,90.66457366099357,60.14822569607583,Moong,8.35410465479682
70.08460227814831,20.01679213938342,19.099751830127364,38.960856156934845,55.22840487733163,7.444851839594618,107.27962115052864,65.05485102272992,Moong,8.459629167648693
64.9925196696289,20.16817525992598,16.09011371571197,38.02810459487363,54.92005910093104,6.938654132800447,144.1901713843446,60.06291395571609,Moong,8.59826008101115
64.98344237183046,20.087979807811266,15.94789110652339,37.978840228690096,55.73077281781566,6.621747976114111,116.61918662977052,60.13459975751521,Moong,8.410201584375823
64.9538360698276,20.06659015023142,16.01145261437596,38.04407037495633,55.5854942520248,6.311086463639896,111.16014977892361,59.893990718010905,Moong,8.534018520563995
69.99773993504579,20.090969832994723,18.905107932415177,39.08968480088294,52.499225041742356,6.488776351248967,105.22153348570517,65.02223779019666,Moong,8.577510218152781
70.02777877580276,19.99948952575396,19.02556192283749,38.86894635082305,65.9978682571393,6.114287533355317,109.21106285168425,65.11201551713279,Moong,8.425769891645944
70.00356942765556,20.09352520043585,19.10908247355476,39.10982276998243,62.73106233606201,6.381627772366676,84.01921403011005,65.26946146893202,Moong,8.53145651819853
64.9536901335625,20.13554145644581,16.05977065152145,37.96827625808635,55.49011863942304,7.476049565026691,152.1775966072896,60.193607559267214,Moong,8.516236490778383
64.99302339024861,19.90054948866952,15.989231986951658,38.13887341466032,53.17930989266376,5.876495807627889,96.21848474686016,60.236121301977775,Moong,8.585055994757594
64.89384922079127,20.06324532209517,15.97566340908648,38.06114908106621,46.012690660318114,5.918940566064284,136.6564897591762,59.92420922931923,Moong,8.443553318560694
65.03015669482569,20.03345402956083,16.078281688370637,37.91516802424293,64.42513676072275,6.54226947112905,122.5870821540642,59.87442740220592,Moong,8.438523974389614
70.14488642185948,19.966955158172496,18.843997584222333,39.12391137002351,65.69358365800493,7.156176767744782,123.22318939443618,64.96630140255995,Moong,8.450512386796166
65.04717314850889,19.99037550533568,16.15444552081995,38.21875256560808,53.57080719043473,6.667055578067105,91.13739365784133,60.04421350817105,Moong,8.647838358644227
69.92818317542525,20.122799022044795,18.909059654781057,38.921360006202725,59.654929190019324,6.270945975415485,147.8604594922397,65.18228233484949,Moong,8.517819257901825
65.167338523528,19.944011623581247,15.930351594029004,38.252884233117896,60.53054471538361,7.461492130387338,126.21398275732783,60.04672797993752,Moong,8.552803516821534
65.04904824168274,20.10126740691884,15.935424391565382,37.92800724268807,58.73056140249762,6.64284762435242,108.47915341676574,59.901354785709614,Moong,8.445625229297848
65.01008798242323,19.90603031688701,16.028873542588308,38.01610986520114,57.75603590396096,5.98178393477913,105.59515651342102,60.187059642357646,Moong,8.437818052900257
65.06927061740944,20.030758382925438,15.842323112057365,37.94185167835094,50.96759759283745,6.428527871087075,105.17510651840658,60.12113884388726,Moong,8.594731925027768
70.00952700168494,19.97552554507979,18.92354494704008,39.04993995971272,63.49353500479224,6.2142547199180544,98.45652046549483,64.9605051483708,Moong,8.5797092164145
64.87274640551657,20.03452115472762,16.153696892928153,38.111739934937695,64.37608243623419,7.465363305356513,110.72883218714385,60.137325758943504,Moong,8.642099200878302
70.04771513487222,20.061630411115587,19.02951268352713,39.0680053131833,55.192390787360566,5.87484064072593,93.07284472832735,64.88730782409598,Moong,8.424522701961724
65.04967329194643,20.16807310500322,16.038416223792908,38.02047380308365,59.16529801772737,7.1291368291118395,142.26502850512682,59.96826812477793,Moong,8.515792433425872
75.0,22.0,20.0,27.0,65.38191376691496,7.126577219912038,147.21009790053768,77.0,Moong,9.5
76.0,22.0,19.0,29.0,48.856188579700145,6.922651070782604,146.32996687971968,77.0,Moong,9.5
79.0,21.0,19.0,28.0,69.90838201937089,6.291435864374408,103.45893010913149,75.0,Moong,9.5
74.78643529451993,22.008585888888003,19.98725660227857,26.90852400455497,72.64122107882329,7.04174053732895,115.41818123203475,77.13879076065811,Moong,9.56657754751888
79.15241310511256,21.00750650613333,19.105028976874888,28.06542772161186,58.3094311720149,6.087600927989826,90.69367194389692,75.1545295166261,Millet,9.554415649330965
79.08018510047414,20.765572126222736,18.951909337746567,28.120526249636825,64.2746240654125,6.188987496678641,87.64783712615306,74.90362539983344,Millet,9.563757518534413
79.13524260716787,21.16125599659965,18.96120748197464,28.065588224025145,56.5181668326368,6.67953144338824,129.18952849028162,74.91705511131298,Millet,9.429410527697346
75.06908072607415,21.802397569591463,19.972997623484503,27.062692275039414,57.176388828103406,7.172413558082384,122.62558938026683,77.17954031097445,Millet,9.567291146832764
74.98285857624238,21.898207809628733,20.039871349374327,27.06467228279597,53.29280917318346,7.440964092035657,88.23962956626386,77.00270505376935,Millet,9.48574611887465
75.96147666128623,22.09655377136028,19.010425182419034,28.99744784131478,56.258576582939114,7.498261380191516,121.1332439441798,76.87648549644726,Millet,9.660818241989052
79.06132266920189,20.98010291317363,19.02589622269183,28.059933619914265,57.61442805720179,6.592769945326081,116.01107482265223,74.91843689716048,Millet,9.47187223476861
76.05888116360771,21.817627979789123,18.778542416597283,28.962238256593604,62.456356438857306,5.797285805081736,126.91423468320968,76.93716868780328,Millet,9.646350121762373
78.9188581277355,20.936712775369312,19.10920250046179,27.83981739844978,54.78432307924336,6.873350000841906,82.67957454615839,75.05181067888297,Millet,9.420931342080332
74.83470024957113,22.126704958114622,19.884232705953305,27.00003786466218,58.9662303053184,5.873054345685404,152.41454183954076,76.98756418095248,Millet,9.51686309466284
79.02521712809292,20.93092206232288,18.959384773470774,27.883483660685076,60.057047133120975,6.269180635777625,79.44380795686014,74.85528179142088,Millet,9.339061549988168
76.03237840642109,22.04939205329317,18.804233838040663,29.07156685532834,56.75715974881606,6.627433909183829,107.9998265987858,77.07754432122529,Millet,9.555310858797002
79.08699862561825,20.99756432155589,19.06249679139396,27.9308871242626,58.27890274061107,5.802852852413433,95.24945488158683,75.19235870341825,Millet,9.651444109861554
79.10809742439159,21.09551076251981,18.811076917862422,28.0973795977929,67.38331251899118,5.832432533527983,87.15281310813087,75.13483798139985,Millet,9.436206833337131
78.93084470308105,20.97870661787404,19.07766671283847,28.05229828255989,54.32884944025603,6.362356620098609,111.10295186456831,74.93083674049352,Millet,9.4899223560686
76.1881296768963,22.047056120747435,19.01395972964545,29.047842549127022,64.00546174329071,5.961084664514583,106.55773926568509,77.03767640170956,Millet,9.363954568054558
78.92664352511858,21.056650683873883,18.7643301487269,28.048498583524168,60.22137506905304,5.906693777552079,106.01237535233209,74.97191170317365,Millet,9.54686592996766
76.12838373161784,22.081834820655565,18.874714495913544,29.02416670654645,57.263084475931386,5.380054631841012,125.20092388760624,77.13679350312397,Millet,9.50004256756544
74.93125833319681,21.96290157522581,19.95205533314647,27.04753263842257,57.56204642938325,5.927201863050067,100.76903079194281,76.9950225657858,Millet,9.454966668003616
75.00477376291303,22.168273024146146,19.88383898838573,27.07268519149665,61.12496215044644,6.4730777706298195,119.66701174196086,77.0285992994164,Millet,9.511429178998856
75.03842652155413,21.796367871025105,20.038001735348782,27.201805685103626,59.67915877590187,5.880778962795809,126.02374904087597,77.00970283055386,Millet,9.525755728809385
78.95857391281578,21.05954881095808,19.052297064138227,27.94734110500714,60.29250584046558,6.391697510201305,130.96740626960752,74.99474888868266,Millet,9.5318470610592
74.95837926723256,21.992192770091663,19.91415639637062,27.046416032467203,53.61725118984526,7.078360039636435,130.82728542051677,77.01628622512291,Millet,9.607855567975951
76.006660992532,21.99472178546003,19.013740447532165,29.0975600455351,58.478237423381756,6.521432203826258,120.66074403348925,77.12442375933327,Millet,9.57989526418846
76.07377698582854,21.94069579727467,18.99426832926825,28.992979206110554,64.26550265525027,6.550471006542634,105.26307420429782,77.12469503340412,Millet,9.501701285762802
76.00245956626519,21.96152860443306,18.96196269243793,28.90517337035696,61.40482564812631,5.870012155407685,110.78770574844317,77.07125109630294,Millet,9.549530562772835
75.07573277771982,22.09396246291748,19.941442570150013,26.97049648834642,61.68771241860769,6.482207140810762,106.63695306124661,76.77063687921542,Millet,9.442592692653468
76.08844144275984,22.008162425473817,19.119830819712373,29.05335209384636,60.15208654796703,5.578402434981429,84.99500388356873,77.01290247559314,Millet,9.53134984249283
76.04749001363933,22.028649577399417,19.12025989018056,28.86395743671569,55.30477306573772,6.699048721651972,98.22029733009963,76.98419001999467,Millet,9.39785432449309
74.94686090122937,22.002081611313976,20.08995350186238,26.93628872871076,60.63980357473381,5.2460393661469835,119.49937723653929,77.01863785230006,Millet,9.56551747236119
74.91876117336498,22.095452728309212,19.973546552024644,27.20577023647936,54.5609920143207,6.581955234499334,110.20800351868279,77.03705669437656,Millet,9.484915035951836
79.18354897554968,21.05460579100872,18.87458493201257,28.063269480936103,52.04828851393969,7.1237961774987735,104.10762655663552,74.98833098505298,Millet,9.5104534621042
79.00972030705636,20.918058824218758,18.918945423934154,28.156902120188768,59.37388822889747,5.972883732029416,157.50175418648706,74.90863203471875,Millet,9.585387470339846
74.95207308968112,22.052478387769536,20.11912458911871,27.133314932589062,48.841366093607014,7.645887886044207,108.11613090550804,76.79137991238157,Millet,9.364477620046593
75.08729880870709,21.977784499483825,19.89719631056088,27.209975688432376,60.931124879536476,6.637286534600352,93.52570369687697,76.8962656890172,Millet,9.505291966699572
79.1475981787281,20.98292979565229,18.97960863644893,28.00903305971772,59.19529016946601,6.47706863117128,134.9366401650597,74.94087633456934,Millet,9.488239680427744
76.0054699806814,22.072389846489436,19.12212949602977,29.16818867239869,53.87978894568326,6.207452224881402,119.96495697651702,76.9976370731473,Millet,9.558707089243512
75.9504462655942,22.1016302280786,19.01950515637737,28.96822164677024,61.2155040629498,6.516455966213898,157.64210937396166,77.11085960918842,Millet,9.416696452940826
78.9852025907576,20.9245503284277,18.903267190766755,28.08717502418539,53.44182778134451,7.716336931754999,117.49076510122276,75.10166152065607,Millet,9.5453302436442
79.02817427053114,20.86411096075916,18.97744416563706,27.958013603658408,51.88758025029317,6.340506792256275,110.16074036416519,74.94019871721183,Millet,9.693581062098389
74.8907198861665,22.004976969027705,19.894620788293786,26.800775889509527,58.6047178954198,5.76300905470371,110.39773658097815,77.02841912486703,Millet,9.533718265806543
78.97580231402969,20.96113543484128,19.031381901492992,27.970292157817468,63.32486940060794,6.472613511605131,75.37672806470204,74.9755927746851,Millet,9.6142056769273
75.80973872473399,21.919195027306134,19.16165651537032,29.013775353337305,53.71711986456922,7.522113556298974,101.84774522831184,77.15015380410645,Millet,9.594389139251687
78.8529100205088,21.001615533779205,18.99801221602364,28.030775759642367,63.328890168782756,6.140294408321502,99.1514698240988,75.15358217504013,Millet,9.486214165229711
78.80429631536802,20.894653306686184,18.93634949320423,28.05854091443102,57.11104053600984,7.243724441172932,108.04872967532972,74.91521018278803,Millet,9.619456602735418
74.98857557891307,21.87181559130388,19.888506588674048,27.141341366261837,47.87377394596039,7.476159482390169,120.66527374651807,76.96394043404175,Millet,9.571671491851236
74.8346294754677,22.034063515202774,20.07253878132349,27.000285103784243,61.07394515818058,6.336257792210952,99.44428167897853,77.07341806482829,Millet,9.450631653241851
75.96636678688151,22.118186525286024,18.99275107173456,28.972411471606534,62.73524282168619,6.318752644013027,109.04143408522796,77.02116790607732,Millet,9.501628943600451
75.7967555298369,21.86087157361785,19.050488947753216,28.948107096951865,54.49990394298807,6.215551323361288,95.91162920852055,76.99731147765156,Millet,9.57933754922138
75.9751239872668,22.03344499720956,19.18996439989208,29.200898681504903,68.02623431085564,7.197657666618804,133.84008521197475,76.87560583558665,Millet,9.391541955944875
79.10604409584097,21.17957272480912,19.07387746924052,28.067312087928617,55.73333944883614,6.238277115254107,110.44151960380209,74.98722734987875,Millet,9.40521572184034
78.967037284207,21.090356963787382,19.129228683295864,27.963061556407585,65.40327578338561,6.468862446358429,90.94438551626445,74.95707012685585,Millet,9.748820392712048
75.12821221317725,21.900965982288497,20.00231964002864,26.824642485589585,59.86045852096251,7.04217116119878,97.02228125632908,77.01425689525242,Millet,9.548950142697183
75.0730929946628,22.00989993137229,19.95339378071005,26.9533800567747,52.730128437958435,5.798450247592982,91.16867575025455,77.02620336356975,Millet,9.531656233451889
79.09645105614953,21.055563198903013,18.94555612256121,28.05902458218951,57.10353215306231,6.284048919858909,92.9288334513757,75.11463094228796,Millet,9.360986912404398
78.99364761215064,21.05319000138835,19.015823871716183,28.080665274944604,57.38033753654501,5.113531739167977,90.11427107510546,74.9709237502468,Millet,9.507302032016126
74.93053334618125,22.035557038881123,19.93244763364939,26.98312220759449,62.47550146536997,6.2865537306143615,130.0375929235766,76.99620444318568,Millet,9.448351381941375
74.97715622848321,22.22204179525436,19.88598948132268,27.01362615986554,66.38524216852747,7.013258363520575,67.8927573371763,76.99297511396452,Millet,9.483268217326268
76.24363063842664,21.863793969250423,19.063401358900123,28.87478769780982,70.41026865249431,6.212791914940152,65.02316663810933,76.94305755776962,Millet,9.563205720575748
76.08212624824644,21.93598271330048,19.119108774037446,28.96849537486732,59.0597149881464,6.1358870205698475,114.99255026015663,76.99798141786646,Millet,9.434830990309992
74.92577803258393,22.159979685886857,20.143431904432997,27.025825194181294,66.17565535474452,6.221260794187232,143.57087118154976,76.9073898808179,Millet,9.510328424188508
79.03823034429341,21.0704231419091,19.07416285087041,28.073384530151674,64.66144441476055,6.420152624466687,155.5545445451077,74.94253373508376,Millet,9.310569758724514
74.9430203314897,22.02326760732496,19.94215323243396,26.89039439273362,58.33925921467971,6.656750756231869,96.93148689512064,77.19765908270676,Millet,9.475079230463695
78.98150290915497,21.069910381428897,18.91060471649001,27.855120110033237,63.40791515430795,6.8315852283795975,152.41676798693348,75.05437520077096,Millet,9.461259420136852
74.99941308077479,21.910641635697843,19.960445784181747,26.96916456906852,68.71223316070011,7.095919752673902,127.96236681385118,77.00979302658233,Millet,9.345213378287117
74.94188358447815,21.958901149713544,20.054095382004625,27.126433944282415,62.35223218577851,7.227169127646954,117.0754486162067,76.86553215348738,Millet,9.591882747423533
75.13479717784556,22.109135877308383,19.86336494530576,26.730171012284416,56.78818396331951,5.943000423663621,118.84842591216791,77.11775795467562,Millet,9.57349283925314
76.04461260912734,22.066691036210127,19.01778662680179,29.174135383722373,66.5625032835423,6.094203833947538,106.89364048327363,76.90369466266121,Millet,9.502949193529652
79.10668191263125,21.04229692964144,19.06914085369424,28.000350035608854,60.43509344452828,5.836262353063918,116.62505160147481,74.98963571568049,Millet,9.347286396604671
75.08068332437362,21.969242105733013,19.924631443876272,27.01663630773044,59.42122037219706,6.224236429394924,131.24368845755183,77.25445175873121,Millet,9.58640065552772
78.72854066823864,20.9137683020734,19.090557184145723,27.985351704665543,64.6624016960341,7.0456279533981165,80.07600034454305,74.98444305323521,Millet,9.449503839545514
76.0803159192989,21.99744887887718,19.10338756441096,28.80176250799125,51.08405218812786,6.1548947269337875,75.45725273456203,76.94436405778717,Millet,9.598902426512437
74.83658706805181,22.03344588075831,19.97981950263844,27.14553244303361,59.59687889312101,6.493410062222027,97.32611514938803,76.94327446138023,Millet,9.392340324847543
79.113833301202,20.96859723290068,18.883113748294885,28.14019909156606,63.3467433001195,6.402443717633533,116.36184317367268,74.91555430758346,Millet,9.38022549181752
75.98019976456314,21.95011961809402,18.92661372692808,29.002564953024194,53.34122021779474,6.328938890877362,114.67358282038516,76.88809138589959,Millet,9.494087458749837
75.98858327261703,22.059493854625757,19.187258821709527,29.04022869670626,57.35050728269793,7.4223181679306895,102.47444175744059,76.96369401183257,Millet,9.52823927611207
75.13151999157384,21.95270519084764,19.879784361819222,27.00959471627611,62.60363286606235,5.811858105415111,106.50987137018087,77.02183435075308,Millet,9.605118685002424
78.84912686110064,20.903950362888317,19.06588278795728,27.886317961540723,57.814208195926255,6.512404363157629,99.94365783549995,75.0993218154255,Millet,9.53022438955995
78.95230679495972,20.946451766677363,19.038865003696497,28.01068998660818,59.15698392301198,6.946945592355252,106.632604636456,75.05148181426154,Millet,9.520561390198692
79.04077605294343,21.00273542935323,18.981513433704244,28.128620325953428,54.26505931259845,5.099072078091221,102.84113585717157,74.97072043022854,Millet,9.456033131826718
79.0518563914862,20.94508248457376,18.96234629507856,28.13620296606584,56.56089866212873,7.188125816808112,88.66120778954524,75.09858526306049,Millet,9.478471000961065
79.00632059577917,21.190158211737597,18.898553102033816,27.964862805239022,56.05609334688954,6.3328040512587895,120.96831763430255,74.98520785877128,Millet,9.307723614237286
76.00000923085288,22.086003196508923,18.96581033333965,28.87846390131771,53.74340170219593,6.8774588719781375,110.97738939088752,76.9845147202502,Millet,9.675991691515764
75.84656434565349,22.001153059467047,19.20791084776834,28.887720308632048,71.95090468576183,6.399159269422495,97.086476031529,76.9454717900373,Millet,9.386981291974084
78.9487546219646,20.915334867338963,18.965600329167188,27.85980370068378,72.61991895937037,6.717406991813393,115.8300110730527,74.88834212248086,Millet,9.585009730223478
78.92706983752308,21.02155915644192,18.86858824199569,27.95476254060744,53.99595553427852,6.6140621769137145,123.58593390371263,75.15810347997513,Millet,9.311206158144422
76.05020305542773,22.025616854379617,19.029273614253704,29.086997581327623,67.48339013590086,6.547773754021538,70.05659430440664,77.0469793986153,Millet,9.407101513071972
74.94625620654392,21.9852209731134,19.98850119621124,27.096946761454216,68.25041464296628,6.26402544589599,139.42207480456847,77.0581292467428,Millet,9.496028844691391
76.06813507078989,21.97131408465884,19.048697015848717,28.998255583236293,61.83816211751312,6.566379219172878,89.09470692307679,76.91143877023208,Millet,9.228484542837789
76.04828687354924,21.944364482477145,19.043528899138007,29.0145340550698,62.08996344799001,6.860236176604555,98.3440417090128,77.06584300389012,Millet,9.377264319431188
76.00637961699054,22.066863247667506,18.917620914882995,28.94853679095827,60.19362296287791,6.50149046459043,126.43855301830769,76.79161853115703,Millet,9.60346004711287
74.89599334864144,21.98490519739508,19.94053516743849,27.10872267874215,59.710031042615945,6.195753801405147,106.7194470385746,77.01544671274785,Millet,9.508109362337528
75.90764514329184,21.906004116322464,18.973825318606437,29.108829585462228,59.451982610591614,6.4066040704663765,108.02421105465935,77.0919226265572,Millet,9.614619699582471
75.98715109439264,21.935659204948635,19.17859891295866,29.142797318664694,64.58003888485356,6.452811962398526,102.82778230265032,77.10664234103979,Millet,9.653770393582771
79.04521719841583,20.974395081157525,19.13065102945643,27.931956049765564,50.503504577048425,6.181236125727123,88.15597139417969,75.0716885746628,Millet,9.59430473481397
78.93856747389499,20.986930933262656,19.224957915240857,28.11322014714903,54.384631565383984,5.9920690264497445,114.55846465774233,75.14363358505902,Millet,9.441677507981282
76.07918401354605,21.88801075638821,19.059177505967973,29.010922277037263,58.42841187559747,5.859782694970521,118.77847148615591,77.2367079028838,Millet,9.43092422839216
76.04503607536739,22.09973539197524,19.301674380823624,28.814109991248188,66.1125309925679,6.481568992878351,113.60283297587611,77.01833322325645,Millet,9.583411847025529
76.01778725271723,22.05729182627416,18.816910769246675,28.91604686733435,64.4532141693239,7.041990348214427,110.83063824087589,76.79579763986897,Millet,9.450012142955126
75.08517881241224,21.789253424085068,20.05743751393885,26.89060164394303,62.68462265448654,5.804427087650195,133.04612436114556,77.09809474382979,Millet,9.423699715853314
75.0476961205939,21.948335520728666,20.13083293413011,26.96157112999593,63.09586061540617,6.99583707720508,138.30730800348533,77.05465404608931,Millet,9.375623594745324
75.0470247043709,22.038896275462047,20.139124490093018,26.864244697229356,56.50257375959535,7.255630825058605,103.91743779817622,76.86183467507723,Millet,9.421465210847552
75.2175149436418,21.85220264829301,20.075315655284648,27.020941353220746,46.942106079793014,6.0582692544138,149.75153369593374,76.9266287318922,Millet,9.414635050673905
75.10342948794818,22.1334386530058,20.10853337955963,26.983049104837967,62.24194428274459,7.938444271480236,91.61022544818891,76.93659249243933,Millet,9.63419560801485
78.9580160250746,20.954970394647564,19.09950505447564,28.03119597974225,64.96339047328291,7.4964904834858626,103.5378955520294,75.09261683304882,Millet,9.400474834155771
79.02392669809186,20.764586146075025,18.89579678060397,28.09846183842225,54.15151971671625,6.843273704142559,141.8004351927192,74.98904087467064,Millet,9.455920730192585
76.12266931833068,22.102353917779904,18.89630635811972,29.16682049232211,63.623714192272814,6.646346687951606,67.6059374994079,77.13004159369238,Millet,9.334495121876756
75.93319728388425,22.00216785836367,18.90297581093995,28.89455979212492,73.5856402166996,6.774523247789391,103.41160184736539,76.85143465738346,Millet,9.510873654105618
75.95874235810761,22.048086998501827,18.922106066434782,29.070827605890678,59.56572162761467,6.531032210505777,114.08465473473451,77.04678051674368,Millet,9.37877851890312
75.02501267596475,22.028469659371485,20.07717803023817,27.04093693055532,53.23003176367554,6.119948298863364,102.54366657126025,76.94628196975715,Millet,9.630353292862509
76.13848678970768,22.03238807397045,18.83942931112876,28.997098782119185,64.8871969343545,5.87468801750763,100.29377023846484,77.0504841901312,Millet,9.53345405697389
75.96230166637974,21.82083635864804,19.16036572686591,28.88341398225553,54.26941862988765,6.201137450237271,107.58056708841212,77.04608397293816,Millet,9.55804272311828
79.12247170945584,20.940389744683163,18.849364624425423,27.9369425755313,57.356077318492844,6.4525634541702,105.9713414015872,75.05443142116599,Millet,9.709150307949589
75.07578410692166,22.22641480380245,19.91874041827305,27.04780128666268,64.31026707822642,6.422292452651222,101.70677212562393,76.97637819956068,Millet,9.629103658461728
75.01956516134666,21.999676783130077,19.91197126256623,27.024462570702976,52.3076059312889,6.544391317554399,134.22344485844417,77.14460110851962,Millet,9.377941545498931
79.01874702867308,21.091515959071156,18.942499220298814,27.908031456168665,63.90265430858563,7.593191380376298,83.86287938253938,75.09603935302063,Millet,9.459946980210098
75.07155357994422,22.04416135480865,20.03649956363298,27.125206270802867,64.25858557312861,6.675206029723284,60.765031920612074,77.01185590813834,Millet,9.362770204628784
79.1841735560502,21.01620403812687,19.047765864033284,28.007841744918984,60.9133056644576,5.8040334020100905,85.71377347022808,75.09428944341336,Millet,9.637111013292492
75.18728512506041,21.92218569972995,20.182721647149236,27.08610214938588,51.63825848188952,6.011095089126642,128.51026136216404,77.12178433249956,Millet,9.35621963968556
75.03942093282902,21.953829514170977,19.94828013423872,27.037417179825017,56.89340359622446,6.661436074087125,131.70143468156468,76.95968143830532,Millet,9.477495460753888
75.88983436947306,21.92595222597633,19.06041905411299,29.11658176701248,58.40342979829584,6.661333920550752,103.80558412494877,76.73917444693417,Millet,9.498630099786444
75.87515464670359,22.12996248954762,19.03329977616062,28.997516861819488,59.25822086348401,5.586358381832006,129.38379831190224,76.92122171652808,Millet,9.845594384120943
75.88559610587252,21.96150549861032,18.827030198885915,28.865249821083847,56.65371149030187,6.6198948695860125,137.90703225178066,77.14166009250184,Millet,9.575146231900906
76.0128508625672,22.09211948570522,18.926177898740537,28.89632337924945,57.39465565553182,6.759477302479682,118.43384999023344,77.06415551212513,Millet,9.579546163048205
75.07185174522596,22.002352111268934,20.071864178615336,26.764660426357445,63.462052627095545,6.99307590842915,115.38599216941955,76.92726024104974,Millet,9.477645960169797
78.9547333464585,20.91920638506956,19.03809222035,27.9914781420038,65.63557799614568,5.676302234058713,135.13497659339964,75.04710855372403,Millet,9.626286430296304
76.09927552779935,21.97538750048291,19.114853081812893,29.016571760412955,62.64675417226803,7.074044325751233,78.82130535441055,77.08248646959484,Millet,9.423500141175698
76.11125278344647,21.919690373649157,19.053641999669708,29.054775302754777,62.66491089157361,6.6643570678734605,93.34409382235538,77.07559802241721,Millet,9.377423922313454
78.92133371209762,20.90511746130052,19.001853577586825,28.107191279390506,64.44866210843585,6.061484299250787,122.33308826783389,74.99673417452486,Millet,9.436113697208638
75.88312283698231,22.009841855354907,19.000886992907635,28.9715499316908,62.30306122934067,6.225217773330206,109.61774641228521,77.03177506856676,Millet,9.503536769468898
76.00004984147535,22.00502666092392,19.03137030048724,29.054706779298165,59.49352457152537,5.867860254572248,113.89471924511456,77.02050952590791,Millet,9.38906794175039
78.92859714557034,20.89692257791701,18.989751159416954,28.020385277491084,66.23290832454155,6.0996454718434405,121.92866577412072,75.12912240041055,Millet,9.428617995332491
76.07959523892971,22.04218680820051,19.08064720842295,29.125791676135197,62.66883713069842,5.854880226169034,109.79493600771288,77.126909801684,Millet,9.464634873418282
78.93546277201472,21.00064346760692,18.880001132794053,28.029005372045766,62.87743842585649,6.950191467844733,132.61389310540028,75.19216283812148,Millet,9.517381976785972
78.9296091233261,20.981306634457585,19.055258537680352,27.926692862653884,59.3423371592338,6.2439378059634505,104.79844518315406,75.10202182729442,Millet,9.633915656185488
75.12041816596741,22.079441716369907,20.022483716086672,27.13637567829635,61.40280347118717,6.332073963355035,96.20676278217914,77.12002176266694,Millet,9.191016942260712
75.0862971238444,21.8493986078416,20.02637588601505,26.80565193201055,61.33517791139372,6.3043512654944145,110.37542462506545,77.0792763623868,Millet,9.44625211966101
74.95113232807205,22.09589546145103,19.846345775025902,27.087832974405615,58.83594594337116,6.3359051521666805,131.6359368052766,77.03736205878754,Millet,9.357593310530234
78.86144098386077,20.985352017898627,18.985752117817626,27.96247414981305,66.47451988203389,6.285788158781078,110.10272592552111,75.02983756445967,Millet,9.555522910857542
79.1701097308332,21.132509264427924,19.105087287655262,28.039222023958644,55.60429479965325,6.576176573443037,92.55221577068724,75.15725828213289,Millet,9.540507516270788
76.01298624595186,21.92857857364202,18.856546009894885,29.00652648975052,60.2825106189503,6.5839649125926165,118.10119883497109,76.95355565309438,Millet,9.497628161788995
78.91473129058978,20.97601050766331,19.240870471335068,28.05720917806622,64.206671271749,6.463036762409526,123.61306450164004,74.96266887090547,Millet,9.632264485439334
78.91715620721138,20.858442467491543,19.124582569446908,27.918373007179145,67.45677488357586,6.30474349331782,117.28783726164596,75.00902815870278,Millet,9.78936283314536
75.8376785909244,21.957908092860627,19.01817136418,29.033775161058973,59.106622989700675,7.1440355189124904,105.63463237743863,76.82532035458969,Millet,9.499092131456267
79.01927661966846,20.957544103017906,18.933579750766302,28.02012148352013,66.35799878194652,5.019759885508943,89.74815263624637,74.95377336170684,Millet,9.395486294128798
79.01071384754151,20.99483012855897,19.00322061333124,27.948377522535257,60.95047823508667,5.973791798062261,130.04611640364473,74.97934671507367,Millet,9.425553206193609
76.16345243659322,22.051794142987216,19.05753644559417,29.08254739408659,59.388066290480744,7.180294749098792,99.6667857513481,76.89806161396805,Millet,9.400271446181646
75.9593125814903,21.890826689516647,19.01145715133824,29.084445382451054,64.03767467417181,7.02727702000722,133.66652381712396,76.91302673218433,Millet,9.59956784079406
78.86074184873081,21.156072240284978,19.121236672871035,28.07528240804063,55.491021769586325,5.8852197409784655,81.01397270194148,74.98826467716418,Millet,9.509670533681732
79.00114669715155,21.060342073898667,19.275164429327408,27.98856123420673,56.50419095246042,6.7976675075909405,121.5318303735382,74.98812654782445,Millet,9.646142797869654
78.9934401052659,21.05186496303481,19.167135325840032,27.984853529106523,59.45643910864462,6.099791716110842,121.20280153863199,75.00454935101767,Millet,9.422410520765574
75.96298271907537,21.829802500766377,18.9789663521836,28.90993853440616,62.33799614183003,6.5787156517831695,110.24708388798675,76.95863664025914,Millet,9.620369150530038
78.96367654260294,20.949052242118643,18.8447905607781,28.03697980489592,56.993054762830425,6.526140282247817,136.94388718427717,75.15923924356562,Millet,9.460365635958768
75.20140428613139,21.738125438715308,20.060006449688878,26.98771098705679,57.43562006398952,6.920921588116828,94.86024953207826,76.92971812738944,Millet,9.518602742443615
75.01858814397295,21.73435252419677,20.10426674935801,26.84535475355517,52.877424202816314,6.5806241067978775,100.47460246585185,76.92497669195217,Millet,9.469455093567522
74.98011923648468,21.97601745482092,20.05054156784505,27.20028575853113,58.40904184362571,6.005896442705444,70.58009048272208,77.00983061123061,Millet,9.427826468045437
78.8449574610923,20.942284323740196,19.03182739234507,27.953150993203185,65.87739300623082,6.601112022996826,115.6857810928359,75.10962601227877,Millet,9.533286291055392
76.05237984828477,22.24571672078686,19.04835070831394,29.06965085176155,63.002555648662124,6.475230334421436,152.68246463505653,76.98170167892349,Millet,9.597815199558548
78.97373229890177,21.235787506153947,18.94924632124263,27.997319586693507,59.99003774965514,6.774325632177762,95.21835707869984,75.03135073358715,Millet,9.224002430555943
76.11300552990049,21.92300999859187,18.970993166994965,29.09197954648161,64.05563913442774,6.616538199068307,145.97212923225544,76.88855983561373,Millet,9.596388611705864
75.89077372944983,21.87255916435124,18.94001757318366,29.11876491846689,52.2081487394489,6.433812616744503,112.06757842876453,77.19225741871163,Millet,9.461694675052277
79.03682771842419,20.90941546286508,18.88450383115917,27.9185919329674,48.7054587731532,6.9055031374289895,120.38720144162215,74.93980484990124,Millet,9.495192990968643
75.0411285260833,21.859188772362124,20.15023508889971,27.100439587455813,53.97287369826789,6.376006460165093,103.17364508498704,77.09111147043097,Millet,9.353670975369967
78.96459484834955,20.942188820708303,19.07669154725415,27.91851879610237,61.13723648107135,6.207545464598306,109.114600833248,74.82124318563615,Millet,9.509160194902469
79.08515613456417,20.95047826887364,19.066332243844773,28.269022229628334,67.35009480395117,6.758970564945323,118.19696913125593,75.1342562824702,Millet,9.43244010147503
78.91673186225327,20.802216932151463,19.186740661976405,27.937464543974407,60.05516184487735,6.460073187410918,138.50699130909436,74.97761018266479,Millet,9.425470311954298
75.0137440691679,22.092004938211826,19.84830056296185,27.195966918588617,51.885286401261425,6.902131707776056,149.61764261583184,77.06671957592502,Millet,9.59534478946387
75.93134493756722,22.12990188699972,19.093834761983924,28.97753712938412,64.86838873649951,6.620941115297199,115.89289943695394,76.91860945353278,Millet,9.520409461761798
75.03927701270062,21.97481514829184,20.08296882585016,27.120861576086075,57.07567682742164,7.32561429486948,125.67262388874545,77.07686135756076,Millet,9.433544897482916
75.05362983270385,21.98746467693683,20.01732454022228,26.90381933733868,52.85545511074886,6.105185999820024,113.92357163564182,76.92854695994076,Millet,9.335138516622733
74.92078007382767,22.007485557551085,20.24018506690756,26.815541948708404,54.01235974741518,6.127672811320158,131.39185786032374,76.92313624844203,Millet,9.64556693210812
78.94813495395157,21.11142105806008,18.983470292733628,27.86628089887187,52.03394478991434,6.34222336472657,98.56412197017168,74.78513142042658,Millet,9.5900559584014
79.07466721304544,21.011922947997498,19.05218538280467,27.989540864301265,58.619349361765366,6.194278806805656,92.07055157433659,74.89874730117026,Millet,9.31189703768644
75.10558310189582,21.94809118930162,19.837665157527223,26.94227334582796,66.5868896842755,5.932469585659395,117.2559916175696,77.07080732981208,Millet,9.461552949109963
79.06064745119724,20.90405793559933,19.07522244438345,28.02013742714536,57.62142132281783,5.716510361651514,57.82042148518941,74.88961185397267,Millet,9.702960883037164
74.8677989264037,22.146511210476078,20.113437114171187,26.933813289809883,62.33119259169857,7.080893696332613,104.29788037833886,76.8991684730183,Millet,9.39879993152875
78.96611536214871,21.185678367546917,18.90762436593113,27.87909937606428,57.32312085881444,7.342061006566798,138.28674665637627,75.03512210318904,Millet,9.53495193807197
75.98453208256308,21.88612511878604,19.043493123291825,28.888602097620097,71.59875212399578,6.8133787768222405,84.76720729492276,77.15793618572047,Millet,9.696286555670454
79.11947751850742,21.0237445358409,18.968514879891465,28.002214490784656,55.607849236093855,6.3717162491680295,143.38146604747007,75.09143700946383,Millet,9.493052656349189
74.9314629839421,21.93288584020414,19.900070283828644,26.94282560881811,61.040339127294615,7.002358095112674,120.33100479168597,76.95095763839343,Millet,9.451162540519666
76.02967007711754,21.750190572381086,19.041404121452725,28.899863617404417,53.6241106116052,6.019484193664828,121.81764489127238,76.91606910391721,Millet,9.413601870358088
75.99105797525974,22.093269037528163,18.905895063412352,28.901010272269502,61.55175218136927,6.692498219176116,102.01808269127179,76.93668692503434,Millet,9.525669761350448
76.07221049680535,21.94948325935291,19.22170188071077,29.08279274236968,57.47798585017392,5.535785431115953,103.02848929198368,77.06923629140671,Millet,9.472307454982678
78.99527376196212,21.067843929388623,18.88672792021636,28.051301653468983,60.965016499119486,6.894136861034413,74.2466128548719,75.13500410827052,Millet,9.349502955660242
74.98146598303978,22.051507144033103,20.06593741998421,27.16271753611706,58.774462534793635,6.173984379223691,103.58843334565786,77.15152954815414,Millet,9.46157806112014
74.93049208813635,22.023378504119684,19.88548640438086,26.99999693734604,57.55424868948146,6.612899462289783,115.37050072191128,77.01016131626191,Millet,9.508032853923048
76.06577149789699,21.929890774110746,18.92999273804903,29.007443026187172,65.52037463884383,7.017808836779866,113.2844133640755,76.9846060444363,Millet,9.61015522559352
79.00982738261254,21.04417503642783,19.1623295088857,27.97359088912796,70.11001251097547,6.933949563108268,104.27093726983634,75.17876078754067,Millet,9.486932111070669
75.88356884087848,21.955636288818734,19.056997828070003,28.85198757203009,64.74887213078978,6.6365151447269755,103.20504642774847,76.92443520330636,Millet,9.524817737206655
75.81300578457841,22.021439750576448,19.04884094540323,28.886217922537394,65.53967526320149,6.732877832218649,143.7464142789549,76.85989883511358,Millet,9.692356299358876
74.84172886702157,22.05348054676908,20.00544144325525,27.01347351949125,64.13665383769845,7.050694812932827,100.04156889732651,77.06547732748474,Millet,9.329695463831486
78.96245135935537,21.01272167736958,18.992530947332064,28.136421428913017,63.2455977311276,6.762505928514088,110.29454158771698,74.91472998501432,Millet,9.450163832811551
75.0845184492231,22.08500874008652,19.888022077077427,27.095596475072902,60.942928806969924,6.557595331731745,85.97261533044703,76.99569515322234,Millet,9.479040464197617
78.98634084363337,20.991096722786452,19.19561938440252,27.939887232895263,63.426768313410996,5.963762946091355,130.7682325879249,74.84732395343477,Millet,9.434714764753826
75.03930856372513,21.940998336829963,20.095086699382165,27.026655008792563,54.88954300028094,6.438304763978476,144.33633888585882,77.03482968294492,Millet,9.436325034322335
78.96733344974393,20.85319224228797,19.14453697303065,27.89309294235712,59.35241313675127,5.7490999822186994,108.91189130882213,74.97981092492327,Millet,9.487051771515084
77.0,23.0,20.0,27.0,53.17824817094352,6.25957403818414,94.64247675138303,79.0,Millet,10.5
77.0,23.0,21.0,28.0,64.82655889865075,6.5643744913327735,124.13555622593448,79.0,Millet,10.5
77.03993473556584,23.03518294815573,21.163049813029037,27.919134567757222,62.070594010594746,7.00764461961627,141.92110126637667,78.88012553123252,Millet,10.79414914998654
76.92097157735981,22.82122342650553,21.01530868059419,27.930450617723725,58.30551592262406,7.222344489433595,141.43270006382326,79.01740923347205,Millet,10.56088186193439
77.08360613657219,23.085106870975817,20.98981299922252,27.902797906526725,61.575339734501824,6.166790967772463,131.09727506031126,79.13361416170217,Sunflower,10.34243917680296
77.0492067823226,23.134728545235877,19.96347497386225,26.967747385723523,56.676456541927664,6.5485083433837,158.62389652779524,79.03428740147923,Sunflower,10.692917777645889
76.97572728958546,23.01422435799447,20.138243475791043,26.99898147795381,66.03187368957663,6.674593685694655,82.04107957277745,79.05473849244774,Sunflower,10.54264268509568
77.08163014562719,23.050314132240917,20.95080315716808,27.915548752196877,59.199950584460765,6.357002706828926,90.33405835401709,78.99810990443731,Sunflower,10.622452042942442
76.83116234015012,22.8769432502324,20.968086232033016,28.16359280018296,59.77154074177044,5.775454529031432,122.50175506195126,79.08707591961146,Sunflower,10.597680161600396
76.96771004723449,23.04820369934361,20.043346680564586,27.048208904409663,61.847729805604324,6.737493664900602,146.96841946313947,79.08447805144478,Sunflower,10.549148432552954
77.0014149050316,22.91055083044265,20.33448652168961,27.067552327455925,52.97049925537113,6.929172162796494,118.6266370369084,79.04999045851157,Sunflower,10.583844448488104
77.12419297823755,23.03021849820829,21.00915835507065,27.98475659392542,53.315234109316286,7.1929447798745665,107.02186415364862,79.11547200779846,Sunflower,10.538089422049357
77.16480474001085,22.992252537541543,20.12269667909695,26.837470945176083,60.21629090777347,6.734597913748782,122.87950808884705,78.86344545377862,Sunflower,10.466808051893278
76.8619501781614,23.08966485893105,19.89975659751331,26.925508014019588,62.41021674302537,6.657065655547345,63.74749566299505,79.13496605275719,Sunflower,10.280297684858208
77.09193548312805,23.102323640367857,19.867970110804027,27.014469114847152,54.75159384770719,6.850377662053615,87.19821478852987,78.93920792154849,Sunflower,10.520334816949084
76.89947902309152,23.106455368781077,21.010289838015964,27.81549898425526,60.437604569779644,6.537148398760922,86.34441939216728,79.04472520577443,Sunflower,10.34790837338634
77.04806715079407,22.913533236879584,20.902873498874637,28.03492845166921,66.72951227998186,6.778844812299232,92.76819768786741,78.84715736087023,Sunflower,10.505394398370136
76.80338460756198,22.916347761080083,20.84029208657918,27.911695555965892,56.16154398298886,5.472952320585732,105.94365970464708,78.97425892543698,Sunflower,10.54254633013958
76.64826948003389,22.763892098524103,19.991725943444617,27.08766046796034,64.25647276854632,5.913890606660803,107.94071095666399,79.05801917441009,Sunflower,10.442196622204962
77.01869104703401,22.935874037061083,20.043591119636652,27.14875504983379,68.48509907736988,6.54820684391585,138.05946161477948,79.1053098350453,Sunflower,10.52152541260234
77.14556855526132,22.960960746822757,20.890503625616724,28.04800389521661,49.446391769990484,6.651164561162432,109.06899742753998,78.98456427675346,Sunflower,10.576027691267578
76.87864076840289,22.954279374466942,20.881951090892084,28.20971129666685,67.1553633404332,7.320948336430018,124.6864258800809,79.00645984036397,Sunflower,10.512369607570934
77.11840225461368,22.92744629049336,19.98127847608015,26.83852587924837,47.81583337040847,5.98841197301672,131.343893448644,79.02455573128395,Sunflower,10.568418966517685
77.13858522887493,23.18675825781221,21.16127119839172,27.90339238593258,56.344327834212656,6.9881071003517725,119.69749344418953,78.93815635872717,Sunflower,10.386145741055987
76.94019346190072,23.137264212263577,21.07233256423685,27.925476531285184,63.043326354641756,6.551382762262556,110.93458048608287,78.99976806992908,Sunflower,10.531479480339778
77.15315832891008,22.880896896120685,19.86235021604589,26.997773032333136,57.69594644169071,7.081322193384883,128.31402899657127,79.03783371270822,Sunflower,10.193380622928084
77.00661280344293,23.09125743014325,21.016470327808545,27.942664402393387,56.98806858217108,6.473248300702259,89.88424822149676,79.1752362796543,Sunflower,10.421506740814788
76.91465856465214,22.88052470939621,20.003477458696292,27.019718181392488,56.61250889015456,6.330152667204177,118.16614284444005,79.03501060598118,Sunflower,10.422546197243271
76.88433407009535,23.02862980210901,21.080868489178684,27.68740563912788,65.83998211117643,7.250879846811986,121.25269347822393,79.0485845683804,Sunflower,10.402180460526322
76.8476635772337,23.08451447473608,20.008695351472014,27.06862814696602,62.305671834655385,6.371300747541799,113.46716130041736,79.05205844043198,Sunflower,10.44435593216696
77.05522762058774,23.015189691391143,20.92398646066944,28.008028270335988,57.748256471535825,6.210896852096107,102.9245880575331,79.01415537351942,Sunflower,10.66705086676802
77.02714471975716,22.86879789265675,20.954638494074267,28.027510687730352,49.539354585393866,6.831225936996247,92.30664247616576,79.08285812808671,Sunflower,10.474951552643534
76.99737202835324,23.13485190761104,21.171481142720356,27.875005494480213,59.93970299770269,6.240847522716562,121.30081527433668,78.94292629271851,Sunflower,10.698497390932593
76.69230860260234,23.075048843399816,21.106802345097503,27.89914348460169,55.812665483736126,6.947484429161763,108.05879380452004,79.21752531186829,Sunflower,10.692451880586042
77.08747232176773,23.11336458255529,20.058072059803788,26.840194553218,58.08998299823987,7.057130437874285,136.01335559053092,78.7399447364958,Sunflower,10.595160370928278
77.18084478612325,22.83734131247973,21.001578154108326,27.830713181396,69.81248905727142,7.598724097930061,103.4131171143381,78.96044756174231,Sunflower,10.556469070401574
77.210134951125,22.87653740986332,20.034480930225023,27.000837816891664,60.82654811256251,6.327893527430951,114.08589236425293,79.03304251970839,Sunflower,10.522460668092467
77.05674392910831,22.930165669787048,19.97298537579533,26.848550988108222,59.99943278427994,4.949885453674511,119.938507625846,79.12376724642455,Sunflower,10.47919749781299
77.01328931589586,23.06931247090164,21.003462845951518,27.84064011294172,60.01096458406927,6.371844430275697,113.5021843926182,78.88821254274148,Sunflower,10.443606844356562
76.88602070169725,23.058463607864766,20.03395556548183,27.12371446421397,56.44150187898306,6.38950603201904,134.88834183801737,79.002211172103,Sunflower,10.497531504260806
77.10059978193543,22.94624355497592,20.124623716725957,27.126918355970076,60.27228478379192,6.193926237936425,109.30455040210704,79.01488862490503,Sunflower,10.684506024222271
77.107437761474,23.04436896991044,19.93749839270109,26.901862078457786,64.23782095754149,6.0780944205925564,104.21895092180776,78.99793758470257,Sunflower,10.524711890459928
77.02842451117503,22.983791164487204,20.940570257618397,27.770258119433915,64.8617684847862,6.6232582650799765,129.31253461778198,79.05777341081702,Sunflower,10.412937584470756
76.69746288739577,22.940030798913767,20.99948091959244,28.023205310072747,60.69014893784188,5.576099078371561,103.64626900327814,79.03756081587662,Sunflower,10.386266181912914
76.947470379654,23.0823437093713,19.995934985993344,27.11130734271249,48.693912945476114,6.685022241405053,98.97890522662007,78.95407751137097,Sunflower,10.429869421747902
76.94074331995503,23.068536172656017,19.89923293343371,26.97575150412581,59.417099568717326,6.1448250105296776,91.88183275770706,78.8016881233888,Sunflower,10.435382657551486
77.05635382456784,22.927783599953777,20.095537469667963,27.022416692324988,46.41586122564407,6.550974189303289,99.17463212009963,78.94663273316061,Sunflower,10.672449473050818
77.0616912821336,22.932988872760653,21.05449100119752,28.037445417924943,54.301272613406546,6.164784923958736,86.65372859696677,78.93296090992092,Sunflower,10.705406790586686
76.90880021295479,23.038711173214264,20.941060828966304,28.021090018169865,67.89329370405093,6.008129714988117,99.1803382986457,79.0667013677566,Sunflower,10.619255613512626
76.97842462022675,23.073617464914854,21.012342661281497,28.0443843808548,63.329441096990756,6.813764396055939,98.20780019786052,79.01391326928581,Sunflower,10.414573890242
77.00618540865307,22.87649880038813,19.978647779663863,26.861514924495975,69.88992080679054,5.734359818944911,126.2638378870659,78.91660773211782,Sunflower,10.413548543867169
76.89441249213553,22.941032483279077,20.822281716811908,27.917093551786405,59.597407186046546,6.7237548560630245,137.12849591422585,79.08348818835988,Sunflower,10.481588532536444
77.00216620160695,22.987393707179308,20.123763377613205,27.079709031551367,57.944280704668465,6.055201161226797,133.20992553737597,79.07351344037083,Sunflower,10.52278835821372
76.98731390707464,22.96466824708668,21.023056055084936,28.18957916588032,59.098603387009724,7.256304366949254,104.1780509717108,78.98137972774052,Sunflower,10.44244505453625
77.173197474292,23.080774716793275,20.876688421304152,28.049415615559777,58.915409830632804,6.321410132433367,143.23293000482863,79.08774181319338,Sunflower,10.610171136364205
77.04022314638618,23.006982016276016,19.78436421188927,26.81401403221281,56.110848905767625,6.311702443094229,114.87939749378839,79.03588570039463,Sunflower,10.453351255978086
76.99153702601052,22.983201601441195,20.91267282030327,27.97422288373649,48.107481277806826,6.695212626117958,115.5394647843884,78.93258712503716,Sunflower,10.525731404536236
76.9774628809135,22.89047346713886,20.01833406495157,27.11640429441269,60.11054724279407,6.924216485802292,148.99877022865937,78.9682205526963,Sunflower,10.449245805675716
77.18791146109413,23.10329517560495,20.8876884213947,28.1173053495281,61.646212723446304,5.033993536665933,119.40881936123674,79.11077144679615,Sunflower,10.583004724685816
77.08532220044405,22.776534482843424,20.001995526890056,27.008439760050027,67.48369793724036,6.7055954974021486,97.55768238608985,79.1199038674989,Sunflower,10.414548756029651
76.90136319293904,22.90649333053283,20.042542262676047,27.042684526119167,56.888029448041294,6.414079497737347,123.46141511329188,78.9376494585107,Sunflower,10.42326786930265
76.92410763382566,23.040041173735062,20.98088917311778,27.992029418089405,58.08729025235062,6.428086179440465,102.03915325953271,79.01310009800495,Sunflower,10.578005116235683
77.11153671957277,23.19320536109744,21.09332833364703,28.065213129936826,65.53889426345879,7.405947107630045,111.67165732965748,79.06835462271304,Sunflower,10.531874807143424
76.87252040839473,23.020480779776463,20.073510920305036,26.992531009099316,58.68822927385102,7.090206993630919,146.26052770643605,78.86585210496129,Sunflower,10.3406439273884
77.08907458567091,22.91671582665341,21.065621526406385,28.074184718591432,64.17627965079761,7.260279272635835,81.3257818265686,78.8790800980045,Sunflower,10.58697775775748
77.01854456293071,22.945211852524025,21.097768889079735,28.04794368804862,56.606807257476795,6.333576472357541,81.78126147657261,78.86522606575507,Sunflower,10.30444810322514
76.90159049822078,23.148627763153097,19.91689039327504,27.139517395807776,67.7462488671914,6.357136290950154,101.67134301796405,79.02665218122571,Sunflower,10.505926592308567
76.93484960194814,22.939844239028027,19.97465070156352,27.115384091226847,56.56289165883187,6.151085102346192,142.501966554006,78.9275732998948,Sunflower,10.524735146169476
77.06980544024873,23.10786359643225,20.00865131920848,27.21471032411885,50.826497169558316,6.778416082289773,102.1275976284117,79.09224987656962,Sunflower,10.544053739709836
76.86573396682216,22.813176874616687,20.02895774663345,27.034377927746636,58.28991259068277,7.060189443767426,111.39904254563335,78.99472427177831,Sunflower,10.759791668620638
77.12906712946,23.094510965266775,20.979231948416945,27.831325283991127,63.16507215820969,6.541265420301814,117.7623855116548,79.01833484112022,Sunflower,10.556596932576769
77.10030122161831,22.999548427419263,19.958815639257484,26.994853409923028,61.29771821925928,6.83389321541383,99.90083392332882,79.01232798047194,Sunflower,10.472761213342688
77.04518854615574,22.972685009672976,21.19255986152914,27.83397034957325,58.38334706769278,6.3871286203958855,105.4675532989139,79.07016375287131,Sunflower,10.559422459147507
77.06045869564039,22.89065013184873,20.917861926523223,28.087277996855786,59.62919944261216,6.00552291261216,111.78482682360237,78.92931877017908,Sunflower,10.582523161008346
77.10018144814404,23.225973969701585,21.084837579674133,27.94122435256741,57.41883792965687,7.445665871229993,119.9429245313053,78.95427882808926,Sunflower,10.52272526647664
77.08629701814617,23.027016844996552,20.79698507182879,27.965092175860853,57.29474005673518,6.597703608734848,104.6662430247497,79.21462172371324,Sunflower,10.509678805885544
76.92808999283758,22.99180747788281,21.00866492463713,28.21300585411225,71.84328791869079,6.300715852183458,89.90310743416897,79.18127746249448,Sunflower,10.509094384901392
77.08392144633937,23.07942243196121,20.014340042525568,27.014100809149028,63.23278213150246,6.825465095000827,145.59392580454067,78.93146109515008,Sunflower,10.553913312818164
77.01049963818757,23.051366503184138,19.990603392832234,26.83374811103212,60.27631961953469,6.51362694508411,90.1908966677212,79.05365522986119,Sunflower,10.575328593535032
76.89722292127412,23.06221016319621,20.11629098216002,26.87861905134229,74.06964254364179,6.204610924644244,87.51272729043686,78.9471259491588,Sunflower,10.49996366923146
76.96050881691835,22.91073842625837,19.95121316803409,27.108176419568046,59.31808767005691,5.981749172245671,135.7150932457329,78.93532827411987,Sunflower,10.66264436750363
77.06255468032926,22.81513692132432,20.85377802539707,27.957752393536712,54.44688441421807,5.8248699028040845,89.39800625336983,79.19293515821232,Sunflower,10.568741389927473
76.87620543296163,22.96250259879432,20.986981190744647,28.002240117435896,58.57920656560462,6.564777478453169,86.00656132666805,78.98226803727046,Sunflower,10.592797514873364
76.97497698519727,23.060420729958548,20.053482454074647,26.813236301766334,60.472914342158816,7.463228152386408,126.44263667893067,78.99655429166907,Sunflower,10.602290576804032
77.02899902871451,22.92492368273252,20.15754510450432,27.091312356286423,59.10846611356976,6.61688929047404,143.8400096386019,79.00603387245897,Sunflower,10.337188754714942
77.01959864254277,23.003542049778275,20.029216240780062,27.015373630292288,49.00868203327238,6.436563945058753,86.48132282350444,78.83752896394469,Sunflower,10.587313527266144
77.1074030832361,22.933024637439846,19.781462011525072,27.029543945430103,57.65724962991585,6.586701220647951,108.56886099315953,78.95569067987232,Sunflower,10.432958830628968
76.9190705954835,23.058581715723967,20.892492503461558,27.900993616871222,56.399069166264475,6.6815837449868125,105.53314489678347,79.0383267781179,Sunflower,10.487453627516569
77.10190673822915,23.04051678176935,20.890294034656915,27.975100846492325,65.19281269117783,6.974274600663697,117.6762441555178,79.051154540712,Sunflower,10.55581218222736
77.28627285454274,22.89878044280338,21.185674365899693,28.08571751669064,60.00766967427698,6.476732561724841,113.4023864443587,79.00895897976388,Sunflower,10.340797238618952
77.2016145140334,22.929817540884684,20.965450525433702,28.06878265691377,67.43367473447442,6.273266670066507,116.10046968697641,78.98981158072634,Sunflower,10.399178258170522
77.07939925653396,23.13132383506748,19.964442185292388,27.035259891131275,61.445169779624166,6.517369158697892,113.24917952171165,79.12120351098238,Sunflower,10.477021551900776
76.92282685999716,23.055135114099635,21.26870294782108,28.01770166683767,58.75257678648449,6.9840703377799045,114.64961572369869,78.95027098598135,Sunflower,10.446866026212572
76.95716813823131,22.96603251201019,21.074578555275195,27.845960007560556,68.76632513149342,6.265613420945501,107.8643053056995,79.04497693681553,Sunflower,10.422895824980989
76.99826295293649,23.01771615550348,21.015789081310643,27.9991568675439,62.17781553441058,6.298067639233862,97.11136523322214,78.99774737837191,Sunflower,10.41116594504819
76.99569225734379,23.0181331037566,20.101071164766623,26.955610132780286,62.32653996131312,6.327582875517322,116.54798682107759,78.97328970284755,Sunflower,10.549581844190412
76.81113934556467,23.027167990400383,21.000512385261445,28.021495136926085,50.75932438301971,6.27882699362183,109.18004038824894,79.02405712529249,Sunflower,10.460718705075468
77.02705892429303,22.926901650139712,19.95745845012968,26.725289592887037,63.52756476443899,5.847272958784475,127.36859325824261,79.07837717985261,Sunflower,10.445181830298177
77.08130727661894,23.045667239961706,20.27246569277906,27.0280789170666,53.128931677322704,7.589343683975421,139.12944869098507,78.90582536187907,Sunflower,10.439621440493356
77.06906428076192,23.02021690070709,20.79285623586052,28.01937659620116,63.00480886787073,6.420965177137958,120.28556602750399,79.0565500569043,Sunflower,10.571160611527874
77.11392950882124,23.07930092176099,20.877956040112974,28.07083617675914,63.04239818663971,7.681126404249026,111.21218073897782,79.28051263886329,Sunflower,10.571963690979295
77.20026685802453,22.97974631107462,20.078408788382696,27.26492406383097,55.647674873908315,6.816127200179344,108.10582550561818,78.99623346208541,Sunflower,10.44335447002611
76.88814642641687,22.96867091993171,21.12093876868593,27.96825189424916,68.94429483848552,6.671067984756468,89.0945392115598,78.97397621167762,Sunflower,10.591464086893994
76.7735597275866,22.926616452815647,19.993489430803447,27.11427269717633,57.11417751932329,5.712419342334542,93.8687679704584,79.04704508540911,Sunflower,10.552859816783382
77.01164548100921,23.095167140863172,20.91627699783685,28.008696929831995,53.17253092803278,6.752000604186035,107.28918720046636,79.07947565693249,Sunflower,10.353772566826114
77.09562989523317,22.934353960573965,20.087805860228503,26.81820354949846,58.15855683510774,7.156644479397012,76.96315133444186,78.95425469261839,Sunflower,10.54196284263969
77.05177972662307,22.998312495902542,19.93916624923608,26.970347471271825,56.6110787964625,6.425479614697156,114.96645871233797,79.06328248941715,Sunflower,10.464374463017936
77.01813581319898,23.138515562331268,21.03111904720029,27.99123755398813,61.39158537878798,6.699998374254595,101.60029143076373,78.91514621278725,Sunflower,10.495293327154467
76.95794387102377,22.83652834644824,21.03392862550211,27.939338766817013,65.75625402120038,6.421050240378215,117.55642973133091,78.91820271069528,Sunflower,10.269614907834514
77.10825216082416,23.0219547583473,20.113073334192432,27.02718535280352,63.25198943832035,6.405509916404909,101.0406330629067,79.04437396886134,Sunflower,10.439290763602974
77.08252273661147,23.01614070760096,21.095827281613232,27.906169153671957,61.92210745678463,6.956374506006231,114.09390144081931,79.03523154805181,Sunflower,10.59142159524353
76.86211049540486,23.07134677550121,19.982901870736026,26.960452021878996,56.02071295930261,7.246741304179883,119.59705965015459,79.01709387197832,Sunflower,10.564074285135064
76.91294115990301,23.136711186589185,19.98477984602265,26.96830883656884,64.99461981017251,6.399582285465212,97.1815968702575,79.18592167333354,Sunflower,10.423351034220524
76.99149320527977,22.95445556850941,20.811592290478877,27.967381086761456,56.9355708823946,6.169853003122226,95.93378582296026,78.90421299018082,Sunflower,10.476690181039949
76.84694514370823,22.88842832630804,20.047699029417668,26.984454733929077,63.094703230725656,5.902701742317014,102.82161279371931,78.81937764856426,Sunflower,10.459117360844862
76.93538829962864,22.83582781286649,21.02229459523881,27.93525672446297,54.38581043037115,6.4148086454013,116.9813615061354,79.14437649785884,Sunflower,10.298214665309631
76.89238956157683,23.010037961196264,21.072906112034754,27.976755232704537,65.29568308151579,6.451370362463249,80.06829237240531,79.17850991723117,Sunflower,10.628543154764335
76.98305509319965,22.85116960490128,20.88952250314924,28.037006927269264,63.06796808593411,6.282036431193762,110.11419174086633,79.02364434497167,Sunflower,10.648677894955972
76.99589848201104,23.03948028871592,21.072247700420387,27.974370616518712,57.07046235820622,6.573894203415597,107.76280330876334,78.92559560428629,Sunflower,10.292332504098471
77.07684623507647,22.98978834148696,20.9038664411238,27.999384163665376,58.06251987737034,5.855442387360027,92.48601710643993,79.01914457462195,Sunflower,10.612570819870632
77.03171640683901,23.02930559537913,21.07959856849947,28.08290604177697,70.98350852631181,6.402443298886298,84.07457437783171,79.03801479935906,Sunflower,10.360660611387488
77.02274546350006,23.028187018046104,19.95737557552731,27.033640655275075,64.86854173606582,6.558105421546023,97.95427517798812,79.106933885614,Sunflower,10.498001218622496
76.81733981083708,22.97989982622767,20.002999791295903,26.96666983275893,57.17692827527432,6.181029573932115,87.8554026376569,79.1145559154043,Sunflower,10.599011768289078
77.22649900257072,22.87920658551829,21.058152006520604,27.79720472515482,49.57311411256256,6.142382072239796,104.25104571020839,78.94747858670482,Sunflower,10.514193684075476
76.87778791262527,23.02480207509185,20.986176895000405,28.055124731559804,65.92960095732333,7.023826463667821,101.32191355018186,79.11600958244101,Sunflower,10.417437555349151
76.91025460165481,22.9230657385254,20.093193747195137,27.05253971025657,67.08948120948202,7.038551515761133,116.13243851295705,78.74779881186181,Sunflower,10.447522554138152
76.98679446085099,22.99980635566452,20.978577898697164,27.91208420763412,63.322505613078874,6.292700397596494,115.57445955223298,78.88824096454218,Sunflower,10.458295583609583
76.82137232952408,23.0222813417334,20.01999402351136,26.86063311632141,63.27044227277657,7.39953914945595,88.03432028734531,79.068785909819,Sunflower,10.48817502431258
76.92314561988124,23.006962193251184,20.85833883636479,27.902176351136003,59.60031608150341,6.075343870993213,130.91805763692884,78.98357322701413,Sunflower,10.488368881698584
77.06838720791916,22.944656236421377,21.025145495029847,28.087081144529847,64.30543110570314,7.189132672059245,126.08969432678389,79.02312844755491,Sunflower,10.391701689321282
77.00304494526806,23.01112978897708,20.041763302019124,26.892051307567357,62.13394030649723,6.024640595658442,117.62523818918588,79.08809126246706,Sunflower,10.523098122739372
77.05863755659423,23.068114449932636,21.07956685129881,28.08972996512968,56.72038421887678,6.100283247472614,88.47834879176456,79.01093043110248,Sunflower,10.33510578645015
77.0300765858898,22.92190245606767,19.891704629677005,26.96157188884048,65.57083323760955,6.331859834104316,96.12280170564864,78.91668067522495,Sunflower,10.58566070446564
76.99560385624294,22.97796856276951,20.104090239081717,27.132285209199612,56.08757745114112,5.724112323481025,123.80387973821634,79.07826189888243,Sunflower,10.489478252556486
77.00255526392532,23.043637002141654,21.01000753951262,28.225115729180256,52.63207525211072,6.883411516649814,103.77681788809812,78.99127962351369,Sunflower,10.333125600685175
76.91104026583228,23.125062284580665,19.871053125694807,26.936772883049287,58.3881796399025,6.476797438591624,83.03063033205721,79.03690837487979,Sunflower,10.336656600248851
77.11599790277972,22.93919388772034,21.00419794693425,27.92052213322781,65.43165728868993,6.621952506303839,143.68448963724018,78.87946848249955,Sunflower,10.31137726184938
77.06956848951171,22.991876810828945,20.96538585591688,28.01825647383899,67.21429461543373,6.302098603806866,122.9057867571249,78.92296986192332,Sunflower,10.42339977088846
77.02414041737661,23.11370508576795,19.933652695231377,27.043579849400317,54.83339833867244,6.878410571119738,108.48832416017994,79.0405368227383,Sunflower,10.442118604938646
76.73829740126962,23.079207933066105,21.047460688781783,27.987417690602346,63.703946866081736,7.514488621620864,118.20990672421453,78.94557501880269,Sunflower,10.739964075537602
77.09149956367062,23.08297886485572,21.112427767488683,27.93007808426881,66.39578013728607,6.672858345250422,97.28666053711547,78.92464338420102,Sunflower,10.528136985305348
77.03735515980864,23.019781377719067,19.9439578984874,26.85419969980182,58.173714215764434,6.906639316809582,120.72887903291684,79.12792857120336,Sunflower,10.40389926949667
77.03272511552186,23.02054134992058,19.92658411286914,27.160432357880715,45.860809674667316,6.242754134791389,102.04675705564094,79.04418548533457,Sunflower,10.70989568577273
76.88610712791396,22.83856831923793,20.19875245904073,26.995692665595875,51.2070910864753,6.804873749432563,97.32276458187286,79.04520358059042,Sunflower,10.673243054631216
77.06198367926825,23.087544769507787,20.004860731326787,27.009150944394865,58.151091108562184,5.857437605627246,101.56955110719848,79.05744434748068,Sunflower,10.361575146165093
77.00243293511046,22.972052257033987,19.92785565249472,26.948931855722776,60.537522203337524,6.128728582252494,90.12664739608557,78.74481120462497,Sunflower,10.521523991144145
76.9677093796933,22.87372056241656,21.04933914611378,27.98051881584071,59.38323399918355,6.2352203884599815,140.49894735108253,78.91268076403726,Sunflower,10.604131291557309
76.7915979436992,23.09879042994221,20.113793158774914,26.92906038673719,69.39608855328503,6.131401454355597,126.12943191465502,78.97943604503816,Sunflower,10.42773208838388
77.09930553267084,23.05243745764186,20.048469091093335,26.93312823402228,60.213738819870635,6.851711182427059,121.18306796720194,79.19395609169092,Sunflower,10.54301185944832
77.04213052524081,23.023494308231463,21.186048763857443,27.86081753135048,65.52133461058826,6.346299266923369,103.59547324935899,78.98672440132476,Sunflower,10.462226309477067
77.14111960256082,22.750805431319097,21.008912089426097,27.909845003272025,59.86261597366498,6.307794525412498,99.96811992869581,78.92165802363257,Sunflower,10.462675761515053
76.96625681137435,23.06215731793998,20.08099976401804,26.945056833648334,55.662550715221876,6.707173378736609,116.81858643385826,78.96743088242702,Sunflower,10.47387227411515
77.02438766844715,23.020701386375663,20.911734213005577,27.998817477614526,55.724459561828084,6.69236803933882,102.087656251413,78.8516300085717,Sunflower,10.483965476315824
77.036854779777,23.09497681546099,19.994731456155016,27.32545073923349,66.4330074931805,6.396975932856171,82.26077562450169,79.17036231702352,Sunflower,10.495315408728436
76.91086841025913,22.926346496594423,21.02815085071545,28.014095650375943,51.183307611534595,6.578592479943714,119.65097906929205,78.9387566529055,Sunflower,10.582505929002826
76.87291661487458,23.0905600258389,21.13475368202329,27.971029597651693,56.303617065146724,7.072300478187946,113.13564660397535,79.14375800631186,Sunflower,10.682138590730936
76.98205980457787,23.123848204216525,19.993202009191847,27.035289116797944,61.60987966770918,6.357710491666567,135.1056644799565,78.87596571528393,Sunflower,10.537519036081097
76.8887693931108,22.93356634241672,20.097312983857798,27.04483994909813,54.71544504069472,5.921671401011363,113.60989084766771,79.21736842439043,Sunflower,10.511940444131133
77.16462466749095,23.027329446853106,19.900373612699397,26.993490463094016,65.71461804136223,6.09144794812442,116.58381261826659,78.98344278762067,Sunflower,10.630300659236369
77.00557554237777,23.0316487856657,20.039701674007105,26.994485403629064,55.699681984872754,6.938924499229457,84.64331519801934,78.90009118074903,Sunflower,10.546775386834634
77.04573198869394,23.118836139319924,19.92256771555119,26.81384889663464,54.31629606690505,5.943991653000934,182.11453180570592,79.06682681305182,Sunflower,10.31678385467622
77.03331947822836,22.900105505806472,21.18163924232657,28.041963283969256,59.822876962452696,6.628528411156726,122.0332195679098,78.99217829888896,Sunflower,10.735438957479223
77.09229256076401,23.08411388186072,19.82370448341687,27.157762422358616,66.35281386498512,7.176108184298146,113.33268237534386,79.08474468735614,Sunflower,10.446499930903029
77.08768166945461,22.95775914458157,21.00589972751626,28.14804457122638,67.19791396346311,6.8532148786198945,143.71681245665633,78.98751318644403,Sunflower,10.224569452550512
76.97992903427809,23.116697438376328,20.871272339826408,27.9741683010746,60.36213813720894,6.165536158489254,147.81092492794397,79.10723061973174,Sunflower,10.507100929136744
77.07829307054719,23.077003041528133,21.046694938751344,27.98587894683796,69.27708816745105,7.574551169538103,107.66594955364506,79.05512849652084,Sunflower,10.51874953588316
76.89315514975172,22.966264760854862,21.0376084114532,28.015043806358747,59.011555335022834,7.020467919038079,129.32048605130376,79.07284190597797,Sunflower,10.462303327328458
76.93782369867701,22.986371738532046,20.837469025198764,28.01738754784418,56.068158944461814,6.530768136929379,101.05362775720424,79.03140606432622,Sunflower,10.45856807043562
77.12125419840564,22.98088533852908,20.94025128014497,27.926468092120786,62.073068503095364,6.904058882770377,108.324254125247,78.8860287774433,Sunflower,10.642849880179554
77.05937775674222,23.068472310205603,21.04573906646596,27.982495759754105,57.951754175311095,5.826098257126337,118.33272037188694,79.09534299530661,Sunflower,10.382829445035906
76.80304254082398,22.995907602449066,20.014555345900582,26.952418034374823,59.953740010253966,6.3257028269639966,122.90594522027351,79.06533129009236,Sunflower,10.502383931987458
77.00943679735737,22.978617710437423,21.023020241637287,28.034632659498843,53.88626407518644,6.422069647396284,134.84901712490716,78.90053784178943,Sunflower,10.56622420985015
76.9607456682132,22.90403417451289,21.022499465566888,27.93801427803835,62.58277586121535,6.686598684615357,130.8972266033059,78.91762755172718,Sunflower,10.479389675536172
76.9794959399077,22.86292487958206,19.98587775064472,26.9205193845322,68.78337964633438,6.8441679630104835,97.19702230283576,79.10255706099827,Sunflower,10.418791167579675
76.94355845159491,23.07323266926858,19.912472405551423,27.11510792756419,62.50637722023316,6.630606469255037,139.2528751433073,78.96402086781674,Sunflower,10.35438653854765
76.9619594582659,23.07335048554222,21.089495927692635,28.07355462807779,61.49902875012827,6.345628126304528,94.40019781080206,78.99022535579303,Sunflower,10.399335260605024
77.23153011601043,23.231155257609466,19.973666051367168,26.87718779746248,58.51024559065274,6.335917318005544,94.99025455219973,79.11064219555799,Sunflower,10.46409712764252
76.92053961238985,22.93157751133896,20.099885380948702,26.9342403886255,61.34956242009939,6.856305590853487,81.05676355112098,79.15004585670906,Sunflower,10.478558205529442
77.0813838140961,23.140396674978117,20.88154114668072,27.89418285118099,63.31691434673823,6.122990849646224,130.7391595434421,79.0790301230127,Sunflower,10.446443323561706
77.00608717574677,23.12383591375881,20.10566136712105,27.07648885525341,57.48426067075795,5.954783343815992,107.02052460222009,79.04558855897994,Sunflower,10.543493705990596
76.93329891843894,23.0522741113646,20.93591690005749,27.967610920502256,61.13082430429049,5.4429939528505615,123.8758273657175,79.06537416429357,Sunflower,10.460175234434985
76.97611685916408,23.00989040668383,20.86201654902944,28.020410641874296,59.30637659704106,6.048585199808697,130.46027348458736,78.97661815733937,Sunflower,10.2982582691294
77.05956171848959,22.95432998488227,21.195016044341752,27.881549897208888,60.29541851580866,7.170111291874674,53.78039586212988,78.91900625689308,Sunflower,10.54604954074685
76.99869836353668,23.102607006981653,19.8722274636664,27.10540328843731,61.4300636729561,6.982710122393951,133.13733942956202,78.84567040448223,Sunflower,10.528454466163364
76.87769068858601,23.05740894395936,20.957008617080227,28.038491074050103,50.27596317968751,5.983615982720436,106.49172743191129,78.98982860870751,Sunflower,10.725270587530051
76.7031895230805,22.765697667056124,20.034987461632177,26.94061135379128,67.27949465483155,7.153543661973513,112.67708895769144,78.79170823844119,Sunflower,10.587145862680718
76.92038898507127,22.903848745113606,20.12671118021736,27.178971122198774,65.03528529386828,6.174458468868566,100.29136103160718,79.021102914605,Sunflower,10.627806371809717
77.18463111721469,23.108132087258685,21.04258884725649,27.99057295619737,54.83915518725172,6.967171633187398,102.00258096159021,78.84193158336493,Sunflower,10.363543155845123
77.02435524210752,22.945700441590212,19.90504045884888,26.90272053738927,53.96891512847781,6.029235460598646,91.07166708151709,79.03548352508933,Sunflower,10.546769267106669
76.74149253836859,22.73629084700654,20.90485375325888,28.12689499873633,59.598825035466966,6.353564083719605,110.59967570905938,78.91510673492495,Sunflower,10.396009610634822
76.97783221743639,22.93018010458137,19.933655360679563,27.12354052867064,59.94968126056411,5.617275031560771,141.56925837713771,79.07912406254714,Sunflower,10.51196121320973
77.03884723683295,22.895472467316026,20.94159152715252,27.94668081660056,57.10148247285477,6.84700960314955,77.45383905413809,79.03889682723602,Sunflower,10.27844310824021
76.99827715073906,23.05614002950859,19.976354611878588,27.08089469281345,60.30705243627091,7.238618848030475,66.6613516380095,79.02918147609934,Sunflower,10.377725211364693
76.97467495828317,22.9200190297603,20.102396087980665,26.90715370470118,58.41176044528797,5.905039801068106,114.63618105542464,79.0786365404286,Sunflower,10.70079373320058
76.96999292813646,22.98464925470805,20.9981873249521,28.18202983896169,56.10496716885221,6.278261161451691,149.86290428552041,78.88616470512765,Sunflower,10.394167707911798
76.83831228931999,23.08760618223114,20.04420565540495,27.014634068915345,59.21710964632294,6.565430519399808,85.20808093581854,78.94268401243427,Sunflower,10.348502592277049
76.92765670495459,23.06823351064032,20.15543602953128,27.15312683385998,62.70080024097632,5.618937187966848,142.9373913016712,79.07736249405296,Sunflower,10.528122465577368
77.16435242993427,22.86365353048965,20.989870734971383,28.108947570007555,66.65800165666461,6.659071298247851,72.82854460144162,78.98627133681643,Sunflower,10.564205288423883
76.92514922209166,23.07155266146089,20.873662468067877,28.14134412062481,62.92761663580281,6.843799634632209,96.86680415077771,78.8947672920054,Sunflower,10.442511295535692
77.1247580148335,23.05019679025889,19.960694905580024,26.980864530412735,65.09263963218278,6.681755864094329,113.44239428804573,79.05030666486299,Sunflower,10.584637699323784
